"mES_EBdiff_D0_rep1-AACGGTCG.AATCAGAG"	4
"mES_EBdiff_D0_rep1-AACGGTCG.ACTCTACG"	3
"mES_EBdiff_D0_rep1-AACGGTCG.ACTGCTAC"	3
"mES_EBdiff_D0_rep1-AACGGTCG.ATCGACGA"	4
"mES_EBdiff_D0_rep1-AACGGTCG.CATGTCCA"	4
"mES_EBdiff_D0_rep1-AACGGTCG.CGCTTAAT"	4
"mES_EBdiff_D0_rep1-AACGGTCG.CGTACGTA"	4
"mES_EBdiff_D0_rep1-AACGGTCG.GGTGTCAT"	4
"mES_EBdiff_D0_rep1-AACGGTCG.TCCGTCTA"	3
"mES_EBdiff_D0_rep1-AACGGTCG.TCTACATG"	4
"mES_EBdiff_D0_rep1-AACGGTCG.TCTTAGTC"	2
"mES_EBdiff_D0_rep1-AACGGTCG.TGAGGCAA"	3
"mES_EBdiff_D0_rep1-AACGGTCG.TGTCTGCA"	4
"mES_EBdiff_D0_rep1-AACGGTCG.TTCTCGAG"	4
"mES_EBdiff_D0_rep1-AACGGTCG.TTGACCAT"	3
"mES_EBdiff_D0_rep1-AAGCGACC.ACTGTGGA"	4
"mES_EBdiff_D0_rep1-AAGCGACC.ATACGCCA"	4
"mES_EBdiff_D0_rep1-AAGCGACC.ATTACGCT"	4
"mES_EBdiff_D0_rep1-AAGCGACC.CACATGGA"	4
"mES_EBdiff_D0_rep1-AAGCGACC.CAGCATAT"	3
"mES_EBdiff_D0_rep1-AAGCGACC.CATGTCCA"	3
"mES_EBdiff_D0_rep1-AAGCGACC.CATTGAGT"	4
"mES_EBdiff_D0_rep1-AAGCGACC.CGATGACA"	3
"mES_EBdiff_D0_rep1-AAGCGACC.CGCCAATA"	4
"mES_EBdiff_D0_rep1-AAGCGACC.CGCTTAAT"	4
"mES_EBdiff_D0_rep1-AAGCGACC.CTACTAGG"	4
"mES_EBdiff_D0_rep1-AAGCGACC.CTTGGTTA"	4
"mES_EBdiff_D0_rep1-AAGCGACC.GATGATCC"	4
"mES_EBdiff_D0_rep1-AAGCGACC.GGATTGCT"	3
"mES_EBdiff_D0_rep1-AAGCGACC.TAATTACG"	4
"mES_EBdiff_D0_rep1-AAGCGACC.TCAGATGC"	4
"mES_EBdiff_D0_rep1-AAGCGACC.TCGCATCA"	4
"mES_EBdiff_D0_rep1-AAGCGACC.TCGGTACT"	4
"mES_EBdiff_D0_rep1-AAGCGACC.TTAACGTC"	4
"mES_EBdiff_D0_rep1-ACACGGAG.AACGCGTA"	4
"mES_EBdiff_D0_rep1-ACACGGAG.AATCAGAG"	4
"mES_EBdiff_D0_rep1-ACACGGAG.ACCTCTTG"	4
"mES_EBdiff_D0_rep1-ACACGGAG.ACTTGATA"	4
"mES_EBdiff_D0_rep1-ACACGGAG.AGGTCTCA"	3
"mES_EBdiff_D0_rep1-ACACGGAG.AGTCGTAT"	3
"mES_EBdiff_D0_rep1-ACACGGAG.ATATCAGA"	4
"mES_EBdiff_D0_rep1-ACACGGAG.ATCGACGA"	4
"mES_EBdiff_D0_rep1-ACACGGAG.ATTACGCT"	4
"mES_EBdiff_D0_rep1-ACACGGAG.CAAGCTGA"	4
"mES_EBdiff_D0_rep1-ACACGGAG.CACTAGCT"	4
"mES_EBdiff_D0_rep1-ACACGGAG.CATTGAGT"	4
"mES_EBdiff_D0_rep1-ACACGGAG.CGTACGTA"	3
"mES_EBdiff_D0_rep1-ACACGGAG.CTGTCATT"	3
"mES_EBdiff_D0_rep1-ACACGGAG.CTTGGTTA"	4
"mES_EBdiff_D0_rep1-ACACGGAG.GAACTATA"	4
"mES_EBdiff_D0_rep1-ACACGGAG.GAGTACGT"	1
"mES_EBdiff_D0_rep1-ACACGGAG.GCTAACGA"	4
"mES_EBdiff_D0_rep1-ACACGGAG.GTAGTTCG"	3
"mES_EBdiff_D0_rep1-ACACGGAG.GTGACTTG"	1
"mES_EBdiff_D0_rep1-ACACGGAG.TATCGCTC"	4
"mES_EBdiff_D0_rep1-ACACGGAG.TCAAGCCT"	4
"mES_EBdiff_D0_rep1-ACACGGAG.TGACCTTG"	1
"mES_EBdiff_D0_rep1-ACACGGAG.TTCGCTCA"	4
"mES_EBdiff_D0_rep1-ACACGGAG.TTCTCGAG"	4
"mES_EBdiff_D0_rep1-AGGTGCGA.ACTGTGGA"	4
"mES_EBdiff_D0_rep1-AGGTGCGA.AGCATATG"	4
"mES_EBdiff_D0_rep1-AGGTGCGA.ATATCAGA"	4
"mES_EBdiff_D0_rep1-AGGTGCGA.CAGCATAT"	4
"mES_EBdiff_D0_rep1-AGGTGCGA.CATTGAGT"	4
"mES_EBdiff_D0_rep1-AGGTGCGA.CTGTCATT"	1
"mES_EBdiff_D0_rep1-AGGTGCGA.CTTAGAAG"	4
"mES_EBdiff_D0_rep1-AGGTGCGA.GATTGCAG"	4
"mES_EBdiff_D0_rep1-AGGTGCGA.GCTAACGA"	4
"mES_EBdiff_D0_rep1-AGGTGCGA.GGTGTCAT"	3
"mES_EBdiff_D0_rep1-AGGTGCGA.GTATCTAT"	4
"mES_EBdiff_D0_rep1-AGGTGCGA.GTTCCGAA"	3
"mES_EBdiff_D0_rep1-AGGTGCGA.TAATTACG"	4
"mES_EBdiff_D0_rep1-AGGTGCGA.TAGGAGAC"	4
"mES_EBdiff_D0_rep1-AGGTGCGA.TCAGATGC"	4
"mES_EBdiff_D0_rep1-AGGTGCGA.TGAGGCAA"	4
"mES_EBdiff_D0_rep1-AGGTGCGA.TGTCTGCA"	4
"mES_EBdiff_D0_rep1-AGGTGCGA.TTAATCGA"	1
"mES_EBdiff_D0_rep1-AGGTGCGA.TTGACCAT"	3
"mES_EBdiff_D0_rep1-ATCGAGCC.AACGCGTA"	4
"mES_EBdiff_D0_rep1-ATCGAGCC.ACAGACTG"	4
"mES_EBdiff_D0_rep1-ATCGAGCC.ACCTCTTG"	4
"mES_EBdiff_D0_rep1-ATCGAGCC.ACGAAGAT"	4
"mES_EBdiff_D0_rep1-ATCGAGCC.ACGTTCAC"	4
"mES_EBdiff_D0_rep1-ATCGAGCC.AGGTCTCA"	3
"mES_EBdiff_D0_rep1-ATCGAGCC.AGTCGTAT"	4
"mES_EBdiff_D0_rep1-ATCGAGCC.CACTAGCT"	4
"mES_EBdiff_D0_rep1-ATCGAGCC.CACTGTAC"	4
"mES_EBdiff_D0_rep1-ATCGAGCC.CAGCATAT"	4
"mES_EBdiff_D0_rep1-ATCGAGCC.CCATGGAT"	4
"mES_EBdiff_D0_rep1-ATCGAGCC.CTTGGTTA"	4
"mES_EBdiff_D0_rep1-ATCGAGCC.GATATAAC"	4
"mES_EBdiff_D0_rep1-ATCGAGCC.GGATTGCT"	4
"mES_EBdiff_D0_rep1-ATCGAGCC.GGTGTCAT"	4
"mES_EBdiff_D0_rep1-ATCGAGCC.GTAGACAC"	4
"mES_EBdiff_D0_rep1-ATCGAGCC.GTAGTTCG"	4
"mES_EBdiff_D0_rep1-ATCGAGCC.GTCATAGT"	4
"mES_EBdiff_D0_rep1-ATCGAGCC.TACTAAGC"	3
"mES_EBdiff_D0_rep1-ATCGAGCC.TCAGATGC"	4
"mES_EBdiff_D0_rep1-ATCGAGCC.TCGGTACT"	3
"mES_EBdiff_D0_rep1-ATCGAGCC.TCGTGAAG"	4
"mES_EBdiff_D0_rep1-CACGACCT.ACGAAGAT"	4
"mES_EBdiff_D0_rep1-CACGACCT.ACTCTACG"	3
"mES_EBdiff_D0_rep1-CACGACCT.AGCAACCT"	4
"mES_EBdiff_D0_rep1-CACGACCT.AGTTATGC"	4
"mES_EBdiff_D0_rep1-CACGACCT.ATACATGT"	4
"mES_EBdiff_D0_rep1-CACGACCT.ATATCAGA"	4
"mES_EBdiff_D0_rep1-CACGACCT.CCATGGAT"	4
"mES_EBdiff_D0_rep1-CACGACCT.CGATGACA"	1
"mES_EBdiff_D0_rep1-CACGACCT.GTAGACAC"	4
"mES_EBdiff_D0_rep1-CACGACCT.GTATCTAT"	4
"mES_EBdiff_D0_rep1-CACGACCT.TCGTGAAG"	3
"mES_EBdiff_D0_rep1-CACGACCT.TGTCTGCA"	4
"mES_EBdiff_D0_rep1-CACGGATC.ACTGTGGA"	4
"mES_EBdiff_D0_rep1-CACGGATC.AGTCGTAT"	4
"mES_EBdiff_D0_rep1-CACGGATC.GATGATCC"	4
"mES_EBdiff_D0_rep1-CACGGATC.GCCATTAA"	4
"mES_EBdiff_D0_rep1-CACGGATC.TATCGCTC"	4
"mES_EBdiff_D0_rep1-CACGGATC.TCTACATG"	4
"mES_EBdiff_D0_rep1-CAGGCTTG.AACGTCAG"	4
"mES_EBdiff_D0_rep1-CAGGCTTG.ACCTCTTG"	4
"mES_EBdiff_D0_rep1-CAGGCTTG.ACTCTACG"	4
"mES_EBdiff_D0_rep1-CAGGCTTG.AGAGTGTC"	4
"mES_EBdiff_D0_rep1-CAGGCTTG.ATACATGT"	3
"mES_EBdiff_D0_rep1-CAGGCTTG.ATCGACGA"	4
"mES_EBdiff_D0_rep1-CAGGCTTG.ATGCTTAA"	3
"mES_EBdiff_D0_rep1-CAGGCTTG.CATGTCCA"	4
"mES_EBdiff_D0_rep1-CAGGCTTG.CTTGGTTA"	4
"mES_EBdiff_D0_rep1-CAGGCTTG.GTATCTAT"	4
"mES_EBdiff_D0_rep1-CAGGCTTG.GTGACTTG"	4
"mES_EBdiff_D0_rep1-CAGGCTTG.GTTCCGAA"	4
"mES_EBdiff_D0_rep1-CAGGCTTG.TAATTACG"	4
"mES_EBdiff_D0_rep1-CAGGCTTG.TATCGCTC"	4
"mES_EBdiff_D0_rep1-CAGGCTTG.TATCTTGT"	3
"mES_EBdiff_D0_rep1-CAGGCTTG.TCAAGCCT"	4
"mES_EBdiff_D0_rep1-CAGGCTTG.TCCGTCTA"	4
"mES_EBdiff_D0_rep1-CCAGCGCG.ACCTCTTG"	4
"mES_EBdiff_D0_rep1-CCAGCGCG.ACTCTACG"	1
"mES_EBdiff_D0_rep1-CCAGCGCG.ACTGTGGA"	4
"mES_EBdiff_D0_rep1-CCAGCGCG.ATACGCCA"	4
"mES_EBdiff_D0_rep1-CCAGCGCG.ATGCTTAA"	4
"mES_EBdiff_D0_rep1-CCAGCGCG.CACTGTAC"	4
"mES_EBdiff_D0_rep1-CCAGCGCG.CGAATTGC"	1
"mES_EBdiff_D0_rep1-CCAGCGCG.CTTGGTTA"	4
"mES_EBdiff_D0_rep1-CCAGCGCG.TATCTTGT"	4
"mES_EBdiff_D0_rep1-CCAGCGCG.TCAAGCCT"	3
"mES_EBdiff_D0_rep1-CCAGCGCG.TCGTGAAG"	4
"mES_EBdiff_D0_rep1-CCAGCGCG.TCTACATG"	3
"mES_EBdiff_D0_rep1-CCAGCGCG.TGACCTTG"	4
"mES_EBdiff_D0_rep1-CCGAAGTG.AAGCCATC"	4
"mES_EBdiff_D0_rep1-CCGAAGTG.AGGTCTCA"	4
"mES_EBdiff_D0_rep1-CCGAAGTG.ATACGCCA"	4
"mES_EBdiff_D0_rep1-CCGAAGTG.ATGCTTAA"	3
"mES_EBdiff_D0_rep1-CCGAAGTG.CACATGGA"	4
"mES_EBdiff_D0_rep1-CCGAAGTG.CACTAGCT"	4
"mES_EBdiff_D0_rep1-CCGAAGTG.CATGTCCA"	3
"mES_EBdiff_D0_rep1-CCGAAGTG.CGATGACA"	4
"mES_EBdiff_D0_rep1-CCGAAGTG.CGCTTAAT"	4
"mES_EBdiff_D0_rep1-CCGAAGTG.CTAGTGAA"	3
"mES_EBdiff_D0_rep1-CCGAAGTG.CTTAGAAG"	4
"mES_EBdiff_D0_rep1-CCGAAGTG.GCAGGATT"	1
"mES_EBdiff_D0_rep1-CCGAAGTG.GGTGTCAT"	1
"mES_EBdiff_D0_rep1-CCGAAGTG.TCGCATCA"	4
"mES_EBdiff_D0_rep1-CCGAAGTG.TGAGGCAA"	4
"mES_EBdiff_D0_rep1-CCGAAGTG.TGGCAGTT"	4
"mES_EBdiff_D0_rep1-CCGAAGTG.TGGTTATC"	3
"mES_EBdiff_D0_rep1-CCGAAGTG.TTGACCAT"	3
"mES_EBdiff_D0_rep1-CCGTCAGA.ACAGACTG"	1
"mES_EBdiff_D0_rep1-CCGTCAGA.ACTCTACG"	4
"mES_EBdiff_D0_rep1-CCGTCAGA.ATACATGT"	4
"mES_EBdiff_D0_rep1-CCGTCAGA.CAGCATAT"	4
"mES_EBdiff_D0_rep1-CCGTCAGA.CGCCAATA"	4
"mES_EBdiff_D0_rep1-CCGTCAGA.CTTGGTTA"	3
"mES_EBdiff_D0_rep1-CCGTCAGA.GAGTACGT"	4
"mES_EBdiff_D0_rep1-CCGTCAGA.GCAGGATT"	4
"mES_EBdiff_D0_rep1-CCGTCAGA.GCCATTAA"	4
"mES_EBdiff_D0_rep1-CCGTCAGA.GCTAACGA"	4
"mES_EBdiff_D0_rep1-CCGTCAGA.GTCATAGT"	4
"mES_EBdiff_D0_rep1-CCGTCAGA.TACTAAGC"	4
"mES_EBdiff_D0_rep1-CCGTCAGA.TGACCTTG"	4
"mES_EBdiff_D0_rep1-CCGTCAGA.TGCAGTGA"	3
"mES_EBdiff_D0_rep1-CCTCCTCA.ACTCTACG"	2
"mES_EBdiff_D0_rep1-CCTCCTCA.AGCAACCT"	4
"mES_EBdiff_D0_rep1-CCTCCTCA.AGGTCTCA"	4
"mES_EBdiff_D0_rep1-CCTCCTCA.CACTGTAC"	4
"mES_EBdiff_D0_rep1-CCTCCTCA.TCTTAGTC"	4
"mES_EBdiff_D0_rep1-CCTGGCAG.ACTGCTAC"	4
"mES_EBdiff_D0_rep1-CCTGGCAG.AGCATATG"	4
"mES_EBdiff_D0_rep1-CCTGGCAG.ATATCAGA"	4
"mES_EBdiff_D0_rep1-CCTGGCAG.ATTACGCT"	4
"mES_EBdiff_D0_rep1-CCTGGCAG.CAGTCCAA"	4
"mES_EBdiff_D0_rep1-CCTGGCAG.CATTGAGT"	4
"mES_EBdiff_D0_rep1-CCTGGCAG.CGCCAATA"	1
"mES_EBdiff_D0_rep1-CCTGGCAG.CTAGTGAA"	4
"mES_EBdiff_D0_rep1-CCTGGCAG.CTTAGAAG"	4
"mES_EBdiff_D0_rep1-CCTGGCAG.GATATAAC"	4
"mES_EBdiff_D0_rep1-CCTGGCAG.GCAGGATT"	4
"mES_EBdiff_D0_rep1-CCTGGCAG.GTAGTTCG"	4
"mES_EBdiff_D0_rep1-CCTGGCAG.GTATCTAT"	4
"mES_EBdiff_D0_rep1-CCTGGCAG.TCGCATCA"	4
"mES_EBdiff_D0_rep1-CCTGGCAG.TCGGTACT"	4
"mES_EBdiff_D0_rep1-CCTGGCAG.TCTTAGTC"	4
"mES_EBdiff_D0_rep1-CCTGGCAG.TGAGGCAA"	4
"mES_EBdiff_D0_rep1-CCTGGCAG.TGTAATCG"	4
"mES_EBdiff_D0_rep1-CCTGGCAG.TGTCTGCA"	4
"mES_EBdiff_D0_rep1-CCTGGCAG.TTCGCTCA"	4
"mES_EBdiff_D0_rep1-CGACCGTT.AACGCGTA"	3
"mES_EBdiff_D0_rep1-CGACCGTT.AAGCCATC"	4
"mES_EBdiff_D0_rep1-CGACCGTT.ACTGCTAC"	3
"mES_EBdiff_D0_rep1-CGACCGTT.CACTAGCT"	3
"mES_EBdiff_D0_rep1-CGACCGTT.CATGTCCA"	4
"mES_EBdiff_D0_rep1-CGACCGTT.CCATGGAT"	4
"mES_EBdiff_D0_rep1-CGACCGTT.CGTTACTT"	3
"mES_EBdiff_D0_rep1-CGACCGTT.GCCATTAA"	4
"mES_EBdiff_D0_rep1-CGACCGTT.GGATTGCT"	4
"mES_EBdiff_D0_rep1-CGACCGTT.GTTCCGAA"	4
"mES_EBdiff_D0_rep1-CGACCGTT.TCCGTCTA"	2
"mES_EBdiff_D0_rep1-CGACCGTT.TGTAATCG"	3
"mES_EBdiff_D0_rep1-CGACCGTT.TTAACGTC"	4
"mES_EBdiff_D0_rep1-CGCAGCAA.ACGTTCAC"	4
"mES_EBdiff_D0_rep1-CGCAGCAA.ACTCTACG"	4
"mES_EBdiff_D0_rep1-CGCAGCAA.ACTGCTAC"	4
"mES_EBdiff_D0_rep1-CGCAGCAA.ACTGTGGA"	4
"mES_EBdiff_D0_rep1-CGCAGCAA.ACTTGATA"	4
"mES_EBdiff_D0_rep1-CGCAGCAA.AGAGTGTC"	4
"mES_EBdiff_D0_rep1-CGCAGCAA.ATATCAGA"	4
"mES_EBdiff_D0_rep1-CGCAGCAA.CAAGCTGA"	4
"mES_EBdiff_D0_rep1-CGCAGCAA.CACTGTAC"	4
"mES_EBdiff_D0_rep1-CGCAGCAA.CAGTCCAA"	1
"mES_EBdiff_D0_rep1-CGCAGCAA.CGATGACA"	4
"mES_EBdiff_D0_rep1-CGCAGCAA.CGTACGTA"	3
"mES_EBdiff_D0_rep1-CGCAGCAA.CTGATTCT"	4
"mES_EBdiff_D0_rep1-CGCAGCAA.GGATTGCT"	4
"mES_EBdiff_D0_rep1-CGCAGCAA.GTCATAGT"	4
"mES_EBdiff_D0_rep1-CGCAGCAA.TAATTACG"	4
"mES_EBdiff_D0_rep1-CGCAGCAA.TAGGAGAC"	4
"mES_EBdiff_D0_rep1-CGCAGCAA.TCCGTCTA"	3
"mES_EBdiff_D0_rep1-CGCAGCAA.TCTACATG"	4
"mES_EBdiff_D0_rep1-CGCAGCAA.TCTTAGTC"	4
"mES_EBdiff_D0_rep1-CGCAGCAA.TGGTTATC"	4
"mES_EBdiff_D0_rep1-CGCATGGC.AAGAGCTG"	4
"mES_EBdiff_D0_rep1-CGCATGGC.ACAGACTG"	4
"mES_EBdiff_D0_rep1-CGCATGGC.AGCATATG"	4
"mES_EBdiff_D0_rep1-CGCATGGC.AGTCGTAT"	1
"mES_EBdiff_D0_rep1-CGCATGGC.ATATCAGA"	4
"mES_EBdiff_D0_rep1-CGCATGGC.CGCCAATA"	4
"mES_EBdiff_D0_rep1-CGCATGGC.GGATTGCT"	4
"mES_EBdiff_D0_rep1-CGCATGGC.GTATCTAT"	4
"mES_EBdiff_D0_rep1-CGCATGGC.TATCTTGT"	4
"mES_EBdiff_D0_rep1-CGCATGGC.TCCGTCTA"	4
"mES_EBdiff_D0_rep1-CGCATGGC.TGGTTATC"	3
"mES_EBdiff_D0_rep1-CGCGAGTA.AGCAACCT"	4
"mES_EBdiff_D0_rep1-CGCGAGTA.ATCGACGA"	4
"mES_EBdiff_D0_rep1-CGCGAGTA.CGCCAATA"	4
"mES_EBdiff_D0_rep1-CGCGAGTA.CTGATTCT"	2
"mES_EBdiff_D0_rep1-CGCGAGTA.GCTAACGA"	4
"mES_EBdiff_D0_rep1-CGCGAGTA.GGTCAACT"	4
"mES_EBdiff_D0_rep1-CGCGAGTA.GTAGTTCG"	4
"mES_EBdiff_D0_rep1-CGCGAGTA.GTATCTAT"	2
"mES_EBdiff_D0_rep1-CGCGAGTA.TAGGAGAC"	4
"mES_EBdiff_D0_rep1-CGCGAGTA.TCGCATCA"	4
"mES_EBdiff_D0_rep1-CGCGAGTA.TTAATCGA"	4
"mES_EBdiff_D0_rep1-CGGTCGCC.AGCAACCT"	4
"mES_EBdiff_D0_rep1-CGGTCGCC.AGTCGTAT"	4
"mES_EBdiff_D0_rep1-CGGTCGCC.ATATCAGA"	4
"mES_EBdiff_D0_rep1-CGGTCGCC.CACTGTAC"	4
"mES_EBdiff_D0_rep1-CGGTCGCC.CGCTTAAT"	4
"mES_EBdiff_D0_rep1-CGGTCGCC.CTACTAGG"	4
"mES_EBdiff_D0_rep1-CGGTCGCC.CTTGGTTA"	4
"mES_EBdiff_D0_rep1-CGGTCGCC.GCAGGATT"	4
"mES_EBdiff_D0_rep1-CGGTCGCC.GCTAACGA"	4
"mES_EBdiff_D0_rep1-CGGTCGCC.GTCCATTC"	4
"mES_EBdiff_D0_rep1-CGGTCGCC.TATCGCTC"	3
"mES_EBdiff_D0_rep1-CGGTCGCC.TCGGTACT"	4
"mES_EBdiff_D0_rep1-CGGTCGCC.TGACCTTG"	3
"mES_EBdiff_D0_rep1-CGTCTCGT.AACGCGTA"	4
"mES_EBdiff_D0_rep1-CGTCTCGT.ATACGCCA"	4
"mES_EBdiff_D0_rep1-CGTCTCGT.ATTACGCT"	4
"mES_EBdiff_D0_rep1-CGTCTCGT.CGATGACA"	3
"mES_EBdiff_D0_rep1-CGTCTCGT.CTTGGTTA"	4
"mES_EBdiff_D0_rep1-CGTCTCGT.GTAGACAC"	4
"mES_EBdiff_D0_rep1-CGTCTCGT.TCAAGCCT"	4
"mES_EBdiff_D0_rep1-CGTCTCGT.TCGGTACT"	4
"mES_EBdiff_D0_rep1-CGTCTCGT.TCTTAGTC"	4
"mES_EBdiff_D0_rep1-CGTCTCGT.TGTAATCG"	4
"mES_EBdiff_D0_rep1-CGTCTCGT.TTAACGTC"	4
"mES_EBdiff_D0_rep1-CTCTCACG.AGTCGTAT"	4
"mES_EBdiff_D0_rep1-CTCTCACG.CACATGGA"	4
"mES_EBdiff_D0_rep1-CTCTCACG.CATGTCCA"	4
"mES_EBdiff_D0_rep1-CTCTCACG.CGAATTGC"	4
"mES_EBdiff_D0_rep1-CTCTCACG.GATTCTTA"	3
"mES_EBdiff_D0_rep1-CTCTCACG.GCCATTAA"	4
"mES_EBdiff_D0_rep1-CTCTCACG.GTCCATTC"	4
"mES_EBdiff_D0_rep1-CTCTCACG.TCTACATG"	4
"mES_EBdiff_D0_rep1-CTCTCACG.TGACCTTG"	4
"mES_EBdiff_D0_rep1-CTCTCACG.TGGTTATC"	4
"mES_EBdiff_D0_rep1-CTCTCACG.TTAATCGA"	4
"mES_EBdiff_D0_rep1-CTGAGGCA.AACGCGTA"	2
"mES_EBdiff_D0_rep1-CTGAGGCA.AATCAGAG"	4
"mES_EBdiff_D0_rep1-CTGAGGCA.AGAGTGTC"	4
"mES_EBdiff_D0_rep1-CTGAGGCA.ATACATGT"	3
"mES_EBdiff_D0_rep1-CTGAGGCA.ATCCGATT"	4
"mES_EBdiff_D0_rep1-CTGAGGCA.ATTACGCT"	1
"mES_EBdiff_D0_rep1-CTGAGGCA.CAGTCCAA"	4
"mES_EBdiff_D0_rep1-CTGAGGCA.CATTGAGT"	4
"mES_EBdiff_D0_rep1-CTGAGGCA.CCTTATAG"	4
"mES_EBdiff_D0_rep1-CTGAGGCA.CTAGTGAA"	4
"mES_EBdiff_D0_rep1-CTGAGGCA.TAATTACG"	4
"mES_EBdiff_D0_rep1-CTGAGGCA.TACCGGAA"	4
"mES_EBdiff_D0_rep1-CTGAGGCA.TACTAAGC"	4
"mES_EBdiff_D0_rep1-CTGAGGCA.TGGTTATC"	4
"mES_EBdiff_D0_rep1-CTGAGGCA.TGTAATCG"	4
"mES_EBdiff_D0_rep1-CTGAGGCA.TTAACGTC"	4
"mES_EBdiff_D0_rep1-CTGCGTAG.AAGAGCTG"	4
"mES_EBdiff_D0_rep1-CTGCGTAG.AGTTATGC"	4
"mES_EBdiff_D0_rep1-CTGCGTAG.CAGCATAT"	4
"mES_EBdiff_D0_rep1-CTGCGTAG.CGCCAATA"	3
"mES_EBdiff_D0_rep1-CTGCGTAG.CGTACGTA"	4
"mES_EBdiff_D0_rep1-CTGCGTAG.CTAGTGAA"	4
"mES_EBdiff_D0_rep1-CTGCGTAG.CTTAGAAG"	4
"mES_EBdiff_D0_rep1-CTGCGTAG.GAGTACGT"	4
"mES_EBdiff_D0_rep1-CTGCGTAG.GCCATTAA"	4
"mES_EBdiff_D0_rep1-CTGCGTAG.TACTAAGC"	4
"mES_EBdiff_D0_rep1-CTGCGTAG.TATCGCTC"	4
"mES_EBdiff_D0_rep1-CTGCGTAG.TCAAGCCT"	4
"mES_EBdiff_D0_rep1-CTGCGTAG.TCGGTACT"	4
"mES_EBdiff_D0_rep1-CTGCGTAG.TGCAGTGA"	4
"mES_EBdiff_D0_rep1-CTGCGTAG.TGTAATCG"	4
"mES_EBdiff_D0_rep1-CTGGTCAC.ACGTTCAC"	4
"mES_EBdiff_D0_rep1-CTGGTCAC.ACTTGATA"	1
"mES_EBdiff_D0_rep1-CTGGTCAC.AGAGTGTC"	4
"mES_EBdiff_D0_rep1-CTGGTCAC.ATTACGCT"	4
"mES_EBdiff_D0_rep1-CTGGTCAC.CACATGGA"	4
"mES_EBdiff_D0_rep1-CTGGTCAC.CTGTCATT"	4
"mES_EBdiff_D0_rep1-CTGGTCAC.TACTAAGC"	4
"mES_EBdiff_D0_rep1-CTGGTCAC.TCAGATGC"	1
"mES_EBdiff_D0_rep1-CTGGTCAC.TCGGTACT"	4
"mES_EBdiff_D0_rep1-CTGGTCAC.TCTTAGTC"	4
"mES_EBdiff_D0_rep1-CTGGTCAC.TGGCAGTT"	4
"mES_EBdiff_D0_rep1-CTGGTCAC.TGTAATCG"	3
"mES_EBdiff_D0_rep1-CTGGTCAC.TTGACCAT"	1
"mES_EBdiff_D0_rep1-CTTGCGTC.AACGCGTA"	1
"mES_EBdiff_D0_rep1-CTTGCGTC.AAGCCATC"	4
"mES_EBdiff_D0_rep1-CTTGCGTC.ACAGACTG"	4
"mES_EBdiff_D0_rep1-CTTGCGTC.ACGTTCAC"	4
"mES_EBdiff_D0_rep1-CTTGCGTC.AGCAACCT"	4
"mES_EBdiff_D0_rep1-CTTGCGTC.CACATGGA"	4
"mES_EBdiff_D0_rep1-CTTGCGTC.CAGCATAT"	4
"mES_EBdiff_D0_rep1-CTTGCGTC.CATGTCCA"	4
"mES_EBdiff_D0_rep1-CTTGCGTC.CATTGAGT"	4
"mES_EBdiff_D0_rep1-CTTGCGTC.CCATGGAT"	4
"mES_EBdiff_D0_rep1-CTTGCGTC.GAGTACGT"	4
"mES_EBdiff_D0_rep1-CTTGCGTC.GCAGGATT"	4
"mES_EBdiff_D0_rep1-CTTGCGTC.TACTAAGC"	4
"mES_EBdiff_D0_rep1-CTTGCGTC.TCACTGAG"	4
"mES_EBdiff_D0_rep1-CTTGCGTC.TCCGTCTA"	4
"mES_EBdiff_D0_rep1-CTTGCGTC.TCTTAGTC"	4
"mES_EBdiff_D0_rep1-CTTGCGTC.TGTCTGCA"	4
"mES_EBdiff_D0_rep1-CTTGCGTC.TTAATCGA"	3
"mES_EBdiff_D0_rep1-GACCAGGC.AATCAGAG"	4
"mES_EBdiff_D0_rep1-GACCAGGC.ACCTCTTG"	4
"mES_EBdiff_D0_rep1-GACCAGGC.ATATCAGA"	2
"mES_EBdiff_D0_rep1-GACCAGGC.CACTGTAC"	4
"mES_EBdiff_D0_rep1-GACCAGGC.CTGATTCT"	4
"mES_EBdiff_D0_rep1-GACCAGGC.GCAGGATT"	4
"mES_EBdiff_D0_rep1-GACCAGGC.GCTAACGA"	3
"mES_EBdiff_D0_rep1-GACCAGGC.GGTCAACT"	4
"mES_EBdiff_D0_rep1-GACCAGGC.GTATCTAT"	4
"mES_EBdiff_D0_rep1-GACCAGGC.GTCCATTC"	4
"mES_EBdiff_D0_rep1-GACCAGGC.TTAACGTC"	4
"mES_EBdiff_D0_rep1-GAGGAGCA.AAGCCATC"	2
"mES_EBdiff_D0_rep1-GAGGAGCA.ACTTGATA"	4
"mES_EBdiff_D0_rep1-GAGGAGCA.AGAGTGTC"	4
"mES_EBdiff_D0_rep1-GAGGAGCA.AGCAACCT"	4
"mES_EBdiff_D0_rep1-GAGGAGCA.AGCATATG"	4
"mES_EBdiff_D0_rep1-GAGGAGCA.CACTAGCT"	4
"mES_EBdiff_D0_rep1-GAGGAGCA.CATGTCCA"	4
"mES_EBdiff_D0_rep1-GAGGAGCA.CATTGAGT"	4
"mES_EBdiff_D0_rep1-GAGGAGCA.CGCTTAAT"	3
"mES_EBdiff_D0_rep1-GAGGAGCA.CTACTAGG"	4
"mES_EBdiff_D0_rep1-GAGGAGCA.CTGTCATT"	3
"mES_EBdiff_D0_rep1-GAGGAGCA.GAACTATA"	3
"mES_EBdiff_D0_rep1-GAGGAGCA.GCTAACGA"	4
"mES_EBdiff_D0_rep1-GAGGAGCA.GGATTGCT"	4
"mES_EBdiff_D0_rep1-GAGGAGCA.GTATCTAT"	4
"mES_EBdiff_D0_rep1-GAGGAGCA.GTCATAGT"	4
"mES_EBdiff_D0_rep1-GAGGAGCA.GTGACTTG"	4
"mES_EBdiff_D0_rep1-GAGGAGCA.TACCGGAA"	4
"mES_EBdiff_D0_rep1-GAGGAGCA.TCCGTCTA"	3
"mES_EBdiff_D0_rep1-GAGGAGCA.TGACCTTG"	3
"mES_EBdiff_D0_rep1-GAGGAGCA.TGGTTATC"	4
"mES_EBdiff_D0_rep1-GATGCAGG.AACGCGTA"	4
"mES_EBdiff_D0_rep1-GATGCAGG.ACCTCTTG"	4
"mES_EBdiff_D0_rep1-GATGCAGG.ACGAAGAT"	4
"mES_EBdiff_D0_rep1-GATGCAGG.ACGTGTGT"	4
"mES_EBdiff_D0_rep1-GATGCAGG.ACTCTACG"	4
"mES_EBdiff_D0_rep1-GATGCAGG.ATCGACGA"	4
"mES_EBdiff_D0_rep1-GATGCAGG.CAGCATAT"	4
"mES_EBdiff_D0_rep1-GATGCAGG.GGATTGCT"	3
"mES_EBdiff_D0_rep1-GATGCAGG.GGTGTCAT"	4
"mES_EBdiff_D0_rep1-GATGCAGG.GTGTAGCA"	4
"mES_EBdiff_D0_rep1-GATGCAGG.TAATTACG"	4
"mES_EBdiff_D0_rep1-GATGCAGG.TACCGGAA"	4
"mES_EBdiff_D0_rep1-GATGCAGG.TACTAAGC"	4
"mES_EBdiff_D0_rep1-GATGCAGG.TATCGCTC"	4
"mES_EBdiff_D0_rep1-GATGCAGG.TATCTTGT"	4
"mES_EBdiff_D0_rep1-GATGCAGG.TCACTGAG"	4
"mES_EBdiff_D0_rep1-GATGCAGG.TGTAATCG"	4
"mES_EBdiff_D0_rep1-GATGCAGG.TTAACGTC"	4
"mES_EBdiff_D0_rep1-GATGCAGG.TTCGCTCA"	4
"mES_EBdiff_D0_rep1-GCACTTCC.ACGTGTGT"	4
"mES_EBdiff_D0_rep1-GCACTTCC.ACTTGATA"	4
"mES_EBdiff_D0_rep1-GCACTTCC.AGAGTGTC"	4
"mES_EBdiff_D0_rep1-GCACTTCC.AGCATATG"	4
"mES_EBdiff_D0_rep1-GCACTTCC.AGTTATGC"	4
"mES_EBdiff_D0_rep1-GCACTTCC.ATACGCCA"	4
"mES_EBdiff_D0_rep1-GCACTTCC.ATATCAGA"	3
"mES_EBdiff_D0_rep1-GCACTTCC.ATCCGATT"	4
"mES_EBdiff_D0_rep1-GCACTTCC.CACTGTAC"	4
"mES_EBdiff_D0_rep1-GCACTTCC.CAGTCCAA"	4
"mES_EBdiff_D0_rep1-GCACTTCC.CTGATTCT"	3
"mES_EBdiff_D0_rep1-GCACTTCC.CTTGGTTA"	4
"mES_EBdiff_D0_rep1-GCACTTCC.GCTAACGA"	4
"mES_EBdiff_D0_rep1-GCACTTCC.GTTCCGAA"	2
"mES_EBdiff_D0_rep1-GCACTTCC.TCACTGAG"	4
"mES_EBdiff_D0_rep1-GCACTTCC.TCTTAGTC"	4
"mES_EBdiff_D0_rep1-GCACTTCC.TTAATCGA"	4
"mES_EBdiff_D0_rep1-GCCTCGAA.AACGCGTA"	4
"mES_EBdiff_D0_rep1-GCCTCGAA.AACGTCAG"	4
"mES_EBdiff_D0_rep1-GCCTCGAA.AAGAGCTG"	3
"mES_EBdiff_D0_rep1-GCCTCGAA.AAGCCATC"	3
"mES_EBdiff_D0_rep1-GCCTCGAA.ACGTGTGT"	4
"mES_EBdiff_D0_rep1-GCCTCGAA.AGGTCTCA"	4
"mES_EBdiff_D0_rep1-GCCTCGAA.ATTACGCT"	2
"mES_EBdiff_D0_rep1-GCCTCGAA.CAAGCTGA"	4
"mES_EBdiff_D0_rep1-GCCTCGAA.CATTGAGT"	3
"mES_EBdiff_D0_rep1-GCCTCGAA.CGTACGTA"	3
"mES_EBdiff_D0_rep1-GCCTCGAA.CTGTCATT"	4
"mES_EBdiff_D0_rep1-GCCTCGAA.GTAGTTCG"	4
"mES_EBdiff_D0_rep1-GCCTCGAA.TCACTGAG"	4
"mES_EBdiff_D0_rep1-GCCTCGAA.TCCGTCTA"	4
"mES_EBdiff_D0_rep1-GCCTCGAA.TCGTGAAG"	4
"mES_EBdiff_D0_rep1-GCCTCGAA.TGGCAGTT"	4
"mES_EBdiff_D0_rep1-GCCTCGAA.TGTAATCG"	4
"mES_EBdiff_D0_rep1-GCCTCGAA.TTCTCGAG"	4
"mES_EBdiff_D0_rep1-GCCTTAGG.AAGAGCTG"	4
"mES_EBdiff_D0_rep1-GCCTTAGG.ACTGTGGA"	4
"mES_EBdiff_D0_rep1-GCCTTAGG.AGTTATGC"	4
"mES_EBdiff_D0_rep1-GCCTTAGG.ATATCAGA"	4
"mES_EBdiff_D0_rep1-GCCTTAGG.CAGCATAT"	4
"mES_EBdiff_D0_rep1-GCCTTAGG.CGTACGTA"	4
"mES_EBdiff_D0_rep1-GCCTTAGG.CTAGTGAA"	4
"mES_EBdiff_D0_rep1-GCCTTAGG.CTGTCATT"	2
"mES_EBdiff_D0_rep1-GCCTTAGG.CTTGGTTA"	4
"mES_EBdiff_D0_rep1-GCCTTAGG.GATTCTTA"	3
"mES_EBdiff_D0_rep1-GCCTTAGG.GCAGGATT"	4
"mES_EBdiff_D0_rep1-GCCTTAGG.GGATTGCT"	4
"mES_EBdiff_D0_rep1-GCCTTAGG.GTGACTTG"	1
"mES_EBdiff_D0_rep1-GCCTTAGG.TACTAAGC"	4
"mES_EBdiff_D0_rep1-GCCTTAGG.TATCTTGT"	3
"mES_EBdiff_D0_rep1-GCCTTAGG.TCAGATGC"	4
"mES_EBdiff_D0_rep1-GCCTTAGG.TCGTGAAG"	3
"mES_EBdiff_D0_rep1-GCCTTAGG.TGCAGTGA"	4
"mES_EBdiff_D0_rep1-GCCTTAGG.TGTAATCG"	4
"mES_EBdiff_D0_rep1-GCCTTAGG.TTAACGTC"	4
"mES_EBdiff_D0_rep1-GCGTTCTC.ACTCTACG"	4
"mES_EBdiff_D0_rep1-GCGTTCTC.AGCATATG"	4
"mES_EBdiff_D0_rep1-GCGTTCTC.ATATCAGA"	4
"mES_EBdiff_D0_rep1-GCGTTCTC.ATCCGATT"	4
"mES_EBdiff_D0_rep1-GCGTTCTC.ATGCTTAA"	4
"mES_EBdiff_D0_rep1-GCGTTCTC.CAGCATAT"	4
"mES_EBdiff_D0_rep1-GCGTTCTC.CCATGGAT"	1
"mES_EBdiff_D0_rep1-GCGTTCTC.CCTTATAG"	4
"mES_EBdiff_D0_rep1-GCGTTCTC.CGATGACA"	4
"mES_EBdiff_D0_rep1-GCGTTCTC.CTACTAGG"	4
"mES_EBdiff_D0_rep1-GCGTTCTC.CTGTCATT"	4
"mES_EBdiff_D0_rep1-GCGTTCTC.GAGTACGT"	4
"mES_EBdiff_D0_rep1-GCGTTCTC.GATATAAC"	4
"mES_EBdiff_D0_rep1-GCGTTCTC.GTCATAGT"	4
"mES_EBdiff_D0_rep1-GCGTTCTC.TACCGGAA"	4
"mES_EBdiff_D0_rep1-GCGTTCTC.TCTACATG"	2
"mES_EBdiff_D0_rep1-GCGTTCTC.TCTTAGTC"	4
"mES_EBdiff_D0_rep1-GCGTTCTC.TGAGGCAA"	4
"mES_EBdiff_D0_rep1-GCGTTCTC.TGGCAGTT"	4
"mES_EBdiff_D0_rep1-GCTCGCTA.AATCAGAG"	2
"mES_EBdiff_D0_rep1-GCTCGCTA.ACTCTACG"	4
"mES_EBdiff_D0_rep1-GCTCGCTA.AGGTCTCA"	4
"mES_EBdiff_D0_rep1-GCTCGCTA.AGTTATGC"	4
"mES_EBdiff_D0_rep1-GCTCGCTA.ATATCAGA"	4
"mES_EBdiff_D0_rep1-GCTCGCTA.ATCGACGA"	4
"mES_EBdiff_D0_rep1-GCTCGCTA.CAGTCCAA"	3
"mES_EBdiff_D0_rep1-GCTCGCTA.CTGTCATT"	4
"mES_EBdiff_D0_rep1-GCTCGCTA.GATGATCC"	2
"mES_EBdiff_D0_rep1-GCTCGCTA.GATTGCAG"	4
"mES_EBdiff_D0_rep1-GCTCGCTA.GCAGGATT"	4
"mES_EBdiff_D0_rep1-GCTCGCTA.GCCATTAA"	4
"mES_EBdiff_D0_rep1-GCTCGCTA.GGATTGCT"	4
"mES_EBdiff_D0_rep1-GCTCGCTA.GTGTAGCA"	4
"mES_EBdiff_D0_rep1-GCTCGCTA.TAATTACG"	4
"mES_EBdiff_D0_rep1-GCTCGCTA.TACCGGAA"	4
"mES_EBdiff_D0_rep1-GCTCGCTA.TATCGCTC"	4
"mES_EBdiff_D0_rep1-GCTCGCTA.TCAGATGC"	4
"mES_EBdiff_D0_rep1-GCTCGCTA.TCGCATCA"	4
"mES_EBdiff_D0_rep1-GCTCGCTA.TCGTGAAG"	2
"mES_EBdiff_D0_rep1-GCTCGCTA.TCTTAGTC"	3
"mES_EBdiff_D0_rep1-GCTCGCTA.TGGCAGTT"	4
"mES_EBdiff_D0_rep1-GCTCGCTA.TTAACGTC"	3
"mES_EBdiff_D0_rep1-GGAGTGGA.AACGTCAG"	4
"mES_EBdiff_D0_rep1-GGAGTGGA.AAGAGCTG"	4
"mES_EBdiff_D0_rep1-GGAGTGGA.AGTTATGC"	4
"mES_EBdiff_D0_rep1-GGAGTGGA.ATCCGATT"	4
"mES_EBdiff_D0_rep1-GGAGTGGA.ATGCTTAA"	1
"mES_EBdiff_D0_rep1-GGAGTGGA.CACTGTAC"	4
"mES_EBdiff_D0_rep1-GGAGTGGA.CTACTAGG"	3
"mES_EBdiff_D0_rep1-GGAGTGGA.CTTGGTTA"	4
"mES_EBdiff_D0_rep1-GGAGTGGA.GAGTACGT"	4
"mES_EBdiff_D0_rep1-GGAGTGGA.GGTCAACT"	4
"mES_EBdiff_D0_rep1-GGAGTGGA.TCCGTCTA"	2
"mES_EBdiff_D0_rep1-GGAGTGGA.TCGGTACT"	4
"mES_EBdiff_D0_rep1-GGAGTGGA.TCTACATG"	4
"mES_EBdiff_D0_rep1-GGAGTGGA.TTGACCAT"	2
"mES_EBdiff_D0_rep1-GGATACCG.AAGCCATC"	4
"mES_EBdiff_D0_rep1-GGATACCG.ACGTTCAC"	3
"mES_EBdiff_D0_rep1-GGATACCG.ATACATGT"	4
"mES_EBdiff_D0_rep1-GGATACCG.ATATCAGA"	4
"mES_EBdiff_D0_rep1-GGATACCG.CCATGGAT"	3
"mES_EBdiff_D0_rep1-GGATACCG.CCTTATAG"	4
"mES_EBdiff_D0_rep1-GGATACCG.CGCCAATA"	4
"mES_EBdiff_D0_rep1-GGATACCG.CTACTAGG"	4
"mES_EBdiff_D0_rep1-GGATACCG.CTGATTCT"	1
"mES_EBdiff_D0_rep1-GGATACCG.CTGTCATT"	4
"mES_EBdiff_D0_rep1-GGATACCG.GAGTACGT"	4
"mES_EBdiff_D0_rep1-GGATACCG.GCTAACGA"	4
"mES_EBdiff_D0_rep1-GGATACCG.GGTCAACT"	4
"mES_EBdiff_D0_rep1-GGATACCG.GTCATAGT"	4
"mES_EBdiff_D0_rep1-GGATACCG.GTCCATTC"	4
"mES_EBdiff_D0_rep1-GGATACCG.GTGACTTG"	1
"mES_EBdiff_D0_rep1-GGATACCG.TACCGGAA"	3
"mES_EBdiff_D0_rep1-GGATACCG.TCAAGCCT"	4
"mES_EBdiff_D0_rep1-GGATACCG.TCCGTCTA"	4
"mES_EBdiff_D0_rep1-GGATACCG.TGAGGCAA"	4
"mES_EBdiff_D0_rep1-GGATACCG.TGCAGTGA"	3
"mES_EBdiff_D0_rep1-GGCTCCGC.ACGTGTGT"	4
"mES_EBdiff_D0_rep1-GGCTCCGC.CCTTATAG"	4
"mES_EBdiff_D0_rep1-GGCTCCGC.CGCTTAAT"	4
"mES_EBdiff_D0_rep1-GGCTCCGC.CTTGGTTA"	4
"mES_EBdiff_D0_rep1-GGCTCCGC.GATATAAC"	1
"mES_EBdiff_D0_rep1-GGCTCCGC.TACTAAGC"	4
"mES_EBdiff_D0_rep1-GGCTCCGC.TATCTTGT"	4
"mES_EBdiff_D0_rep1-GTCACGTG.AAGCCATC"	4
"mES_EBdiff_D0_rep1-GTCACGTG.ACTGTGGA"	4
"mES_EBdiff_D0_rep1-GTCACGTG.AGAGTGTC"	4
"mES_EBdiff_D0_rep1-GTCACGTG.AGTCGTAT"	4
"mES_EBdiff_D0_rep1-GTCACGTG.ATCCGATT"	4
"mES_EBdiff_D0_rep1-GTCACGTG.ATCGACGA"	4
"mES_EBdiff_D0_rep1-GTCACGTG.ATGCTTAA"	4
"mES_EBdiff_D0_rep1-GTCACGTG.CACATGGA"	4
"mES_EBdiff_D0_rep1-GTCACGTG.CAGCATAT"	4
"mES_EBdiff_D0_rep1-GTCACGTG.CATGTCCA"	4
"mES_EBdiff_D0_rep1-GTCACGTG.CCTTATAG"	4
"mES_EBdiff_D0_rep1-GTCACGTG.GCTAACGA"	4
"mES_EBdiff_D0_rep1-GTCACGTG.GGTGTCAT"	4
"mES_EBdiff_D0_rep1-GTCACGTG.GTAGTTCG"	3
"mES_EBdiff_D0_rep1-GTCACGTG.TAATTACG"	4
"mES_EBdiff_D0_rep1-GTCACGTG.TACCGGAA"	3
"mES_EBdiff_D0_rep1-GTCACGTG.TATCGCTC"	4
"mES_EBdiff_D0_rep1-GTCACGTG.TCGCATCA"	4
"mES_EBdiff_D0_rep1-GTCACGTG.TCGTGAAG"	4
"mES_EBdiff_D0_rep1-GTCACGTG.TGAGGCAA"	4
"mES_EBdiff_D0_rep1-GTCACGTG.TGCAGTGA"	4
"mES_EBdiff_D0_rep1-GTCACGTG.TGGCAGTT"	4
"mES_EBdiff_D0_rep1-GTCACGTG.TTCGCTCA"	4
"mES_EBdiff_D0_rep1-GTCGGCAT.AATCAGAG"	3
"mES_EBdiff_D0_rep1-GTCGGCAT.ACTGCTAC"	4
"mES_EBdiff_D0_rep1-GTCGGCAT.ACTTGATA"	4
"mES_EBdiff_D0_rep1-GTCGGCAT.AGTCGTAT"	4
"mES_EBdiff_D0_rep1-GTCGGCAT.ATCCGATT"	4
"mES_EBdiff_D0_rep1-GTCGGCAT.CACATGGA"	4
"mES_EBdiff_D0_rep1-GTCGGCAT.CATTGAGT"	4
"mES_EBdiff_D0_rep1-GTCGGCAT.CGATGACA"	4
"mES_EBdiff_D0_rep1-GTCGGCAT.CTAGTGAA"	4
"mES_EBdiff_D0_rep1-GTCGGCAT.GATATAAC"	4
"mES_EBdiff_D0_rep1-GTCGGCAT.GATTCTTA"	4
"mES_EBdiff_D0_rep1-GTCGGCAT.TCAGATGC"	4
"mES_EBdiff_D0_rep1-GTCGGCAT.TCCGTCTA"	4
"mES_EBdiff_D0_rep1-GTCGGCAT.TCTTAGTC"	3
"mES_EBdiff_D0_rep1-GTCGGCAT.TGGTTATC"	4
"mES_EBdiff_D0_rep1-GTCGGCAT.TTGACCAT"	4
"mES_EBdiff_D0_rep1-TCACGAGC.ACCTCTTG"	4
"mES_EBdiff_D0_rep1-TCACGAGC.ACGTGTGT"	4
"mES_EBdiff_D0_rep1-TCACGAGC.ACTGTGGA"	4
"mES_EBdiff_D0_rep1-TCACGAGC.AGAGTGTC"	4
"mES_EBdiff_D0_rep1-TCACGAGC.AGTTATGC"	4
"mES_EBdiff_D0_rep1-TCACGAGC.ATATCAGA"	4
"mES_EBdiff_D0_rep1-TCACGAGC.CATGTCCA"	4
"mES_EBdiff_D0_rep1-TCACGAGC.CTTGGTTA"	4
"mES_EBdiff_D0_rep1-TCACGAGC.GTAGACAC"	1
"mES_EBdiff_D0_rep1-TCACGAGC.GTATCTAT"	4
"mES_EBdiff_D0_rep1-TCACGAGC.GTTCCGAA"	3
"mES_EBdiff_D0_rep1-TCACGAGC.TAATTACG"	4
"mES_EBdiff_D0_rep1-TCACGAGC.TCCGTCTA"	4
"mES_EBdiff_D0_rep1-TCACGAGC.TCGGTACT"	4
"mES_EBdiff_D0_rep1-TCACGAGC.TGACCTTG"	4
"mES_EBdiff_D0_rep1-TCACGAGC.TTCGCTCA"	4
"mES_EBdiff_D0_rep1-TCCGGACA.ACCTCTTG"	1
"mES_EBdiff_D0_rep1-TCCGGACA.ACGTTCAC"	4
"mES_EBdiff_D0_rep1-TCCGGACA.ACTGTGGA"	4
"mES_EBdiff_D0_rep1-TCCGGACA.AGTTATGC"	3
"mES_EBdiff_D0_rep1-TCCGGACA.ATATCAGA"	4
"mES_EBdiff_D0_rep1-TCCGGACA.CACATGGA"	4
"mES_EBdiff_D0_rep1-TCCGGACA.CAGCATAT"	4
"mES_EBdiff_D0_rep1-TCCGGACA.CATGTCCA"	4
"mES_EBdiff_D0_rep1-TCCGGACA.GAGTACGT"	4
"mES_EBdiff_D0_rep1-TCCGGACA.GGATTGCT"	4
"mES_EBdiff_D0_rep1-TCCGGACA.GGTCAACT"	4
"mES_EBdiff_D0_rep1-TCCGGACA.GGTGTCAT"	4
"mES_EBdiff_D0_rep1-TCCGGACA.GTAGACAC"	3
"mES_EBdiff_D0_rep1-TCCGGACA.GTGACTTG"	4
"mES_EBdiff_D0_rep1-TCCGGACA.GTTCCGAA"	1
"mES_EBdiff_D0_rep1-TCCGGACA.TACTAAGC"	4
"mES_EBdiff_D0_rep1-TCCGGACA.TGCAGTGA"	4
"mES_EBdiff_D0_rep1-TCCGGACA.TGGCAGTT"	4
"mES_EBdiff_D0_rep1-TCCGGACA.TTAACGTC"	4
"mES_EBdiff_D0_rep1-TCCGGACA.TTCGCTCA"	4
"mES_EBdiff_D0_rep1-TCCGGACA.TTGACCAT"	4
"mES_EBdiff_D0_rep1-TCCGTGAG.AAGAGCTG"	4
"mES_EBdiff_D0_rep1-TCCGTGAG.ACTCTACG"	4
"mES_EBdiff_D0_rep1-TCCGTGAG.ATATCAGA"	4
"mES_EBdiff_D0_rep1-TCCGTGAG.CAGCATAT"	4
"mES_EBdiff_D0_rep1-TCCGTGAG.CCTTATAG"	3
"mES_EBdiff_D0_rep1-TCCGTGAG.CGATGACA"	4
"mES_EBdiff_D0_rep1-TCCGTGAG.CGCCAATA"	3
"mES_EBdiff_D0_rep1-TCCGTGAG.CTACTAGG"	4
"mES_EBdiff_D0_rep1-TCCGTGAG.CTTAGAAG"	4
"mES_EBdiff_D0_rep1-TCCGTGAG.GTATCTAT"	4
"mES_EBdiff_D0_rep1-TCCGTGAG.GTCATAGT"	4
"mES_EBdiff_D0_rep1-TCCGTGAG.GTCCATTC"	4
"mES_EBdiff_D0_rep1-TCCGTGAG.GTGTAGCA"	4
"mES_EBdiff_D0_rep1-TCCGTGAG.GTTCCGAA"	3
"mES_EBdiff_D0_rep1-TCCGTGAG.TGGTTATC"	4
"mES_EBdiff_D0_rep1-TCGACTGC.ACTCTACG"	4
"mES_EBdiff_D0_rep1-TCGACTGC.ACTGTGGA"	3
"mES_EBdiff_D0_rep1-TCGACTGC.AGAGTGTC"	4
"mES_EBdiff_D0_rep1-TCGACTGC.ATTACGCT"	3
"mES_EBdiff_D0_rep1-TCGACTGC.CATTGAGT"	4
"mES_EBdiff_D0_rep1-TCGACTGC.CGAATTGC"	4
"mES_EBdiff_D0_rep1-TCGACTGC.CGCTTAAT"	4
"mES_EBdiff_D0_rep1-TCGACTGC.CGTTACTT"	4
"mES_EBdiff_D0_rep1-TCGACTGC.GGTGTCAT"	3
"mES_EBdiff_D0_rep1-TCGACTGC.TAGGAGAC"	4
"mES_EBdiff_D0_rep1-TCGACTGC.TCTTAGTC"	4
"mES_EBdiff_D0_rep1-TCGACTGC.TTCGCTCA"	4
"mES_EBdiff_D0_rep1-TCGACTGC.TTGACCAT"	4
"mES_EBdiff_D0_rep1-TCGGATCG.AAGCCATC"	4
"mES_EBdiff_D0_rep1-TCGGATCG.ACGAAGAT"	4
"mES_EBdiff_D0_rep1-TCGGATCG.ATACATGT"	3
"mES_EBdiff_D0_rep1-TCGGATCG.CCATGGAT"	4
"mES_EBdiff_D0_rep1-TCGGATCG.CTGTCATT"	4
"mES_EBdiff_D0_rep1-TCGGATCG.CTTGGTTA"	4
"mES_EBdiff_D0_rep1-TCGGATCG.GATGATCC"	3
"mES_EBdiff_D0_rep1-TCGGATCG.GATTCTTA"	3
"mES_EBdiff_D0_rep1-TCGGATCG.GCAGGATT"	4
"mES_EBdiff_D0_rep1-TCGGATCG.GCCATTAA"	4
"mES_EBdiff_D0_rep1-TCGGATCG.GTAGTTCG"	4
"mES_EBdiff_D0_rep1-TCGGATCG.GTATCTAT"	4
"mES_EBdiff_D0_rep1-TCGGATCG.GTTCCGAA"	4
"mES_EBdiff_D0_rep1-TCGGATCG.TACTAAGC"	1
"mES_EBdiff_D0_rep1-TCGGATCG.TGTCTGCA"	4
"mES_EBdiff_D0_rep1-TGAGCCAC.AAGAGCTG"	4
"mES_EBdiff_D0_rep1-TGAGCCAC.AATCAGAG"	4
"mES_EBdiff_D0_rep1-TGAGCCAC.ACAGACTG"	3
"mES_EBdiff_D0_rep1-TGAGCCAC.CACTGTAC"	4
"mES_EBdiff_D0_rep1-TGAGCCAC.CCATGGAT"	4
"mES_EBdiff_D0_rep1-TGAGCCAC.CCTTATAG"	3
"mES_EBdiff_D0_rep1-TGAGCCAC.CGAATTGC"	4
"mES_EBdiff_D0_rep1-TGAGCCAC.CGATGACA"	4
"mES_EBdiff_D0_rep1-TGAGCCAC.CTACTAGG"	4
"mES_EBdiff_D0_rep1-TGAGCCAC.CTTGGTTA"	4
"mES_EBdiff_D0_rep1-TGAGCCAC.GAGTACGT"	4
"mES_EBdiff_D0_rep1-TGAGCCAC.GCTAACGA"	4
"mES_EBdiff_D0_rep1-TGAGCCAC.GTGACTTG"	4
"mES_EBdiff_D0_rep1-TGAGCCAC.GTGTAGCA"	4
"mES_EBdiff_D0_rep1-TGAGCCAC.TAGGAGAC"	4
"mES_EBdiff_D0_rep1-TGAGCCAC.TCCGTCTA"	4
"mES_EBdiff_D0_rep1-TGAGCCAC.TTAACGTC"	4
"mES_EBdiff_D0_rep2-AACGGTCG.AATCAGAG"	4
"mES_EBdiff_D0_rep2-AACGGTCG.ACTCTACG"	4
"mES_EBdiff_D0_rep2-AACGGTCG.ACTGCTAC"	4
"mES_EBdiff_D0_rep2-AACGGTCG.ATCGACGA"	4
"mES_EBdiff_D0_rep2-AACGGTCG.CATGTCCA"	4
"mES_EBdiff_D0_rep2-AACGGTCG.CGCTTAAT"	4
"mES_EBdiff_D0_rep2-AACGGTCG.CGTACGTA"	4
"mES_EBdiff_D0_rep2-AACGGTCG.GATTGCAG"	4
"mES_EBdiff_D0_rep2-AACGGTCG.GGTGTCAT"	4
"mES_EBdiff_D0_rep2-AACGGTCG.TCCGTCTA"	4
"mES_EBdiff_D0_rep2-AACGGTCG.TCTACATG"	4
"mES_EBdiff_D0_rep2-AACGGTCG.TCTTAGTC"	2
"mES_EBdiff_D0_rep2-AACGGTCG.TGAGGCAA"	4
"mES_EBdiff_D0_rep2-AACGGTCG.TGTCTGCA"	4
"mES_EBdiff_D0_rep2-AACGGTCG.TTCTCGAG"	4
"mES_EBdiff_D0_rep2-AACGGTCG.TTGACCAT"	4
"mES_EBdiff_D0_rep2-AAGCGACC.ACTGTGGA"	4
"mES_EBdiff_D0_rep2-AAGCGACC.AGTCGTAT"	3
"mES_EBdiff_D0_rep2-AAGCGACC.ATACGCCA"	4
"mES_EBdiff_D0_rep2-AAGCGACC.ATTACGCT"	4
"mES_EBdiff_D0_rep2-AAGCGACC.CACATGGA"	4
"mES_EBdiff_D0_rep2-AAGCGACC.CAGCATAT"	4
"mES_EBdiff_D0_rep2-AAGCGACC.CATGTCCA"	3
"mES_EBdiff_D0_rep2-AAGCGACC.CATTGAGT"	4
"mES_EBdiff_D0_rep2-AAGCGACC.CGATGACA"	3
"mES_EBdiff_D0_rep2-AAGCGACC.CGCCAATA"	4
"mES_EBdiff_D0_rep2-AAGCGACC.CGCTTAAT"	4
"mES_EBdiff_D0_rep2-AAGCGACC.CTACTAGG"	4
"mES_EBdiff_D0_rep2-AAGCGACC.CTTGGTTA"	4
"mES_EBdiff_D0_rep2-AAGCGACC.GATGATCC"	4
"mES_EBdiff_D0_rep2-AAGCGACC.GGATTGCT"	3
"mES_EBdiff_D0_rep2-AAGCGACC.TAATTACG"	4
"mES_EBdiff_D0_rep2-AAGCGACC.TCAGATGC"	4
"mES_EBdiff_D0_rep2-AAGCGACC.TCGCATCA"	4
"mES_EBdiff_D0_rep2-AAGCGACC.TCGGTACT"	4
"mES_EBdiff_D0_rep2-AAGCGACC.TGACCTTG"	3
"mES_EBdiff_D0_rep2-AAGCGACC.TTAACGTC"	4
"mES_EBdiff_D0_rep2-ACACGGAG.AACGCGTA"	4
"mES_EBdiff_D0_rep2-ACACGGAG.AATCAGAG"	4
"mES_EBdiff_D0_rep2-ACACGGAG.ACCTCTTG"	4
"mES_EBdiff_D0_rep2-ACACGGAG.ACTTGATA"	4
"mES_EBdiff_D0_rep2-ACACGGAG.AGGTCTCA"	4
"mES_EBdiff_D0_rep2-ACACGGAG.AGTCGTAT"	3
"mES_EBdiff_D0_rep2-ACACGGAG.ATATCAGA"	4
"mES_EBdiff_D0_rep2-ACACGGAG.ATCGACGA"	4
"mES_EBdiff_D0_rep2-ACACGGAG.ATTACGCT"	4
"mES_EBdiff_D0_rep2-ACACGGAG.CAAGCTGA"	4
"mES_EBdiff_D0_rep2-ACACGGAG.CACTAGCT"	4
"mES_EBdiff_D0_rep2-ACACGGAG.CATTGAGT"	4
"mES_EBdiff_D0_rep2-ACACGGAG.CGCCAATA"	4
"mES_EBdiff_D0_rep2-ACACGGAG.CGTACGTA"	3
"mES_EBdiff_D0_rep2-ACACGGAG.CTGTCATT"	4
"mES_EBdiff_D0_rep2-ACACGGAG.CTTGGTTA"	4
"mES_EBdiff_D0_rep2-ACACGGAG.GAACTATA"	4
"mES_EBdiff_D0_rep2-ACACGGAG.GAGTACGT"	1
"mES_EBdiff_D0_rep2-ACACGGAG.GATTGCAG"	2
"mES_EBdiff_D0_rep2-ACACGGAG.GCTAACGA"	4
"mES_EBdiff_D0_rep2-ACACGGAG.GTAGTTCG"	4
"mES_EBdiff_D0_rep2-ACACGGAG.GTGACTTG"	1
"mES_EBdiff_D0_rep2-ACACGGAG.TATCGCTC"	4
"mES_EBdiff_D0_rep2-ACACGGAG.TCAAGCCT"	4
"mES_EBdiff_D0_rep2-ACACGGAG.TGACCTTG"	1
"mES_EBdiff_D0_rep2-ACACGGAG.TTCGCTCA"	4
"mES_EBdiff_D0_rep2-ACACGGAG.TTCTCGAG"	4
"mES_EBdiff_D0_rep2-AGGTGCGA.ACTGTGGA"	4
"mES_EBdiff_D0_rep2-AGGTGCGA.AGCATATG"	4
"mES_EBdiff_D0_rep2-AGGTGCGA.ATATCAGA"	4
"mES_EBdiff_D0_rep2-AGGTGCGA.ATTACGCT"	4
"mES_EBdiff_D0_rep2-AGGTGCGA.CAGCATAT"	4
"mES_EBdiff_D0_rep2-AGGTGCGA.CATTGAGT"	4
"mES_EBdiff_D0_rep2-AGGTGCGA.CTGTCATT"	1
"mES_EBdiff_D0_rep2-AGGTGCGA.CTTAGAAG"	4
"mES_EBdiff_D0_rep2-AGGTGCGA.GATTGCAG"	4
"mES_EBdiff_D0_rep2-AGGTGCGA.GCTAACGA"	4
"mES_EBdiff_D0_rep2-AGGTGCGA.GGTGTCAT"	3
"mES_EBdiff_D0_rep2-AGGTGCGA.GTATCTAT"	4
"mES_EBdiff_D0_rep2-AGGTGCGA.GTTCCGAA"	4
"mES_EBdiff_D0_rep2-AGGTGCGA.TAATTACG"	4
"mES_EBdiff_D0_rep2-AGGTGCGA.TAGGAGAC"	4
"mES_EBdiff_D0_rep2-AGGTGCGA.TCAGATGC"	4
"mES_EBdiff_D0_rep2-AGGTGCGA.TGAGGCAA"	4
"mES_EBdiff_D0_rep2-AGGTGCGA.TGTCTGCA"	4
"mES_EBdiff_D0_rep2-AGGTGCGA.TTAATCGA"	1
"mES_EBdiff_D0_rep2-AGGTGCGA.TTGACCAT"	3
"mES_EBdiff_D0_rep2-ATCGAGCC.AACGCGTA"	4
"mES_EBdiff_D0_rep2-ATCGAGCC.AATCAGAG"	4
"mES_EBdiff_D0_rep2-ATCGAGCC.ACAGACTG"	4
"mES_EBdiff_D0_rep2-ATCGAGCC.ACCTCTTG"	4
"mES_EBdiff_D0_rep2-ATCGAGCC.ACGAAGAT"	4
"mES_EBdiff_D0_rep2-ATCGAGCC.ACGTTCAC"	4
"mES_EBdiff_D0_rep2-ATCGAGCC.ACTCTACG"	4
"mES_EBdiff_D0_rep2-ATCGAGCC.AGGTCTCA"	3
"mES_EBdiff_D0_rep2-ATCGAGCC.AGTCGTAT"	4
"mES_EBdiff_D0_rep2-ATCGAGCC.CACATGGA"	3
"mES_EBdiff_D0_rep2-ATCGAGCC.CACTAGCT"	4
"mES_EBdiff_D0_rep2-ATCGAGCC.CACTGTAC"	4
"mES_EBdiff_D0_rep2-ATCGAGCC.CAGCATAT"	4
"mES_EBdiff_D0_rep2-ATCGAGCC.CCATGGAT"	4
"mES_EBdiff_D0_rep2-ATCGAGCC.CTTGGTTA"	4
"mES_EBdiff_D0_rep2-ATCGAGCC.GATATAAC"	4
"mES_EBdiff_D0_rep2-ATCGAGCC.GGATTGCT"	4
"mES_EBdiff_D0_rep2-ATCGAGCC.GGTGTCAT"	4
"mES_EBdiff_D0_rep2-ATCGAGCC.GTAGACAC"	4
"mES_EBdiff_D0_rep2-ATCGAGCC.GTAGTTCG"	4
"mES_EBdiff_D0_rep2-ATCGAGCC.GTCATAGT"	4
"mES_EBdiff_D0_rep2-ATCGAGCC.TACTAAGC"	3
"mES_EBdiff_D0_rep2-ATCGAGCC.TCAGATGC"	4
"mES_EBdiff_D0_rep2-ATCGAGCC.TCGGTACT"	4
"mES_EBdiff_D0_rep2-ATCGAGCC.TCGTGAAG"	4
"mES_EBdiff_D0_rep2-ATCGAGCC.TTCTCGAG"	4
"mES_EBdiff_D0_rep2-CACGACCT.ACGAAGAT"	4
"mES_EBdiff_D0_rep2-CACGACCT.ACTCTACG"	4
"mES_EBdiff_D0_rep2-CACGACCT.AGAGTGTC"	4
"mES_EBdiff_D0_rep2-CACGACCT.AGCAACCT"	4
"mES_EBdiff_D0_rep2-CACGACCT.AGTTATGC"	4
"mES_EBdiff_D0_rep2-CACGACCT.ATACATGT"	4
"mES_EBdiff_D0_rep2-CACGACCT.ATATCAGA"	4
"mES_EBdiff_D0_rep2-CACGACCT.CCATGGAT"	4
"mES_EBdiff_D0_rep2-CACGACCT.CGATGACA"	1
"mES_EBdiff_D0_rep2-CACGACCT.CGTACGTA"	4
"mES_EBdiff_D0_rep2-CACGACCT.GTAGACAC"	4
"mES_EBdiff_D0_rep2-CACGACCT.GTATCTAT"	4
"mES_EBdiff_D0_rep2-CACGACCT.TCGTGAAG"	3
"mES_EBdiff_D0_rep2-CACGACCT.TGTAATCG"	4
"mES_EBdiff_D0_rep2-CACGACCT.TGTCTGCA"	4
"mES_EBdiff_D0_rep2-CACGGATC.ACTGTGGA"	4
"mES_EBdiff_D0_rep2-CACGGATC.AGTCGTAT"	4
"mES_EBdiff_D0_rep2-CACGGATC.CGCCAATA"	4
"mES_EBdiff_D0_rep2-CACGGATC.CGTACGTA"	4
"mES_EBdiff_D0_rep2-CACGGATC.GATGATCC"	4
"mES_EBdiff_D0_rep2-CACGGATC.GCCATTAA"	4
"mES_EBdiff_D0_rep2-CACGGATC.GTAGACAC"	2
"mES_EBdiff_D0_rep2-CACGGATC.TATCGCTC"	4
"mES_EBdiff_D0_rep2-CACGGATC.TCTACATG"	4
"mES_EBdiff_D0_rep2-CACGGATC.TGGTTATC"	4
"mES_EBdiff_D0_rep2-CAGGCTTG.AACGTCAG"	4
"mES_EBdiff_D0_rep2-CAGGCTTG.ACCTCTTG"	4
"mES_EBdiff_D0_rep2-CAGGCTTG.ACTCTACG"	4
"mES_EBdiff_D0_rep2-CAGGCTTG.AGAGTGTC"	4
"mES_EBdiff_D0_rep2-CAGGCTTG.ATACATGT"	3
"mES_EBdiff_D0_rep2-CAGGCTTG.ATCGACGA"	4
"mES_EBdiff_D0_rep2-CAGGCTTG.ATGCTTAA"	4
"mES_EBdiff_D0_rep2-CAGGCTTG.CAAGCTGA"	4
"mES_EBdiff_D0_rep2-CAGGCTTG.CATGTCCA"	4
"mES_EBdiff_D0_rep2-CAGGCTTG.CTTGGTTA"	4
"mES_EBdiff_D0_rep2-CAGGCTTG.GTATCTAT"	4
"mES_EBdiff_D0_rep2-CAGGCTTG.GTGACTTG"	4
"mES_EBdiff_D0_rep2-CAGGCTTG.GTTCCGAA"	4
"mES_EBdiff_D0_rep2-CAGGCTTG.TAATTACG"	4
"mES_EBdiff_D0_rep2-CAGGCTTG.TATCGCTC"	4
"mES_EBdiff_D0_rep2-CAGGCTTG.TATCTTGT"	2
"mES_EBdiff_D0_rep2-CAGGCTTG.TCAAGCCT"	4
"mES_EBdiff_D0_rep2-CAGGCTTG.TCCGTCTA"	4
"mES_EBdiff_D0_rep2-CAGGCTTG.TGTAATCG"	4
"mES_EBdiff_D0_rep2-CCAGCGCG.ACAGACTG"	4
"mES_EBdiff_D0_rep2-CCAGCGCG.ACCTCTTG"	4
"mES_EBdiff_D0_rep2-CCAGCGCG.ACTCTACG"	1
"mES_EBdiff_D0_rep2-CCAGCGCG.ACTGTGGA"	4
"mES_EBdiff_D0_rep2-CCAGCGCG.ATACGCCA"	4
"mES_EBdiff_D0_rep2-CCAGCGCG.ATGCTTAA"	4
"mES_EBdiff_D0_rep2-CCAGCGCG.CACTGTAC"	4
"mES_EBdiff_D0_rep2-CCAGCGCG.CGAATTGC"	1
"mES_EBdiff_D0_rep2-CCAGCGCG.CTTGGTTA"	4
"mES_EBdiff_D0_rep2-CCAGCGCG.GATATAAC"	4
"mES_EBdiff_D0_rep2-CCAGCGCG.GATTGCAG"	4
"mES_EBdiff_D0_rep2-CCAGCGCG.TATCTTGT"	4
"mES_EBdiff_D0_rep2-CCAGCGCG.TCAAGCCT"	4
"mES_EBdiff_D0_rep2-CCAGCGCG.TCACTGAG"	4
"mES_EBdiff_D0_rep2-CCAGCGCG.TCGTGAAG"	4
"mES_EBdiff_D0_rep2-CCAGCGCG.TCTACATG"	4
"mES_EBdiff_D0_rep2-CCAGCGCG.TGACCTTG"	4
"mES_EBdiff_D0_rep2-CCGAAGTG.AAGCCATC"	4
"mES_EBdiff_D0_rep2-CCGAAGTG.AGGTCTCA"	4
"mES_EBdiff_D0_rep2-CCGAAGTG.ATACGCCA"	4
"mES_EBdiff_D0_rep2-CCGAAGTG.ATGCTTAA"	3
"mES_EBdiff_D0_rep2-CCGAAGTG.CACATGGA"	4
"mES_EBdiff_D0_rep2-CCGAAGTG.CACTAGCT"	4
"mES_EBdiff_D0_rep2-CCGAAGTG.CATGTCCA"	4
"mES_EBdiff_D0_rep2-CCGAAGTG.CGATGACA"	4
"mES_EBdiff_D0_rep2-CCGAAGTG.CGCTTAAT"	4
"mES_EBdiff_D0_rep2-CCGAAGTG.CTAGTGAA"	4
"mES_EBdiff_D0_rep2-CCGAAGTG.CTTAGAAG"	4
"mES_EBdiff_D0_rep2-CCGAAGTG.GCAGGATT"	1
"mES_EBdiff_D0_rep2-CCGAAGTG.GGTGTCAT"	1
"mES_EBdiff_D0_rep2-CCGAAGTG.TCGCATCA"	4
"mES_EBdiff_D0_rep2-CCGAAGTG.TGAGGCAA"	4
"mES_EBdiff_D0_rep2-CCGAAGTG.TGGCAGTT"	4
"mES_EBdiff_D0_rep2-CCGAAGTG.TGGTTATC"	3
"mES_EBdiff_D0_rep2-CCGAAGTG.TTGACCAT"	3
"mES_EBdiff_D0_rep2-CCGTCAGA.ACAGACTG"	1
"mES_EBdiff_D0_rep2-CCGTCAGA.ACTCTACG"	4
"mES_EBdiff_D0_rep2-CCGTCAGA.ATACATGT"	4
"mES_EBdiff_D0_rep2-CCGTCAGA.CAGCATAT"	4
"mES_EBdiff_D0_rep2-CCGTCAGA.CGCCAATA"	4
"mES_EBdiff_D0_rep2-CCGTCAGA.CTTGGTTA"	4
"mES_EBdiff_D0_rep2-CCGTCAGA.GAGTACGT"	4
"mES_EBdiff_D0_rep2-CCGTCAGA.GATTGCAG"	4
"mES_EBdiff_D0_rep2-CCGTCAGA.GCAGGATT"	4
"mES_EBdiff_D0_rep2-CCGTCAGA.GCCATTAA"	4
"mES_EBdiff_D0_rep2-CCGTCAGA.GCTAACGA"	4
"mES_EBdiff_D0_rep2-CCGTCAGA.GTCATAGT"	4
"mES_EBdiff_D0_rep2-CCGTCAGA.TACTAAGC"	4
"mES_EBdiff_D0_rep2-CCGTCAGA.TGACCTTG"	4
"mES_EBdiff_D0_rep2-CCGTCAGA.TGCAGTGA"	4
"mES_EBdiff_D0_rep2-CCGTCAGA.TGTCTGCA"	1
"mES_EBdiff_D0_rep2-CCTCCTCA.ACTCTACG"	2
"mES_EBdiff_D0_rep2-CCTCCTCA.AGCAACCT"	4
"mES_EBdiff_D0_rep2-CCTCCTCA.AGGTCTCA"	4
"mES_EBdiff_D0_rep2-CCTCCTCA.CACTGTAC"	4
"mES_EBdiff_D0_rep2-CCTCCTCA.GTAGTTCG"	3
"mES_EBdiff_D0_rep2-CCTCCTCA.TAATTACG"	4
"mES_EBdiff_D0_rep2-CCTCCTCA.TCTTAGTC"	4
"mES_EBdiff_D0_rep2-CCTGGCAG.ACTGCTAC"	4
"mES_EBdiff_D0_rep2-CCTGGCAG.AGCATATG"	4
"mES_EBdiff_D0_rep2-CCTGGCAG.ATATCAGA"	4
"mES_EBdiff_D0_rep2-CCTGGCAG.ATTACGCT"	4
"mES_EBdiff_D0_rep2-CCTGGCAG.CAGTCCAA"	4
"mES_EBdiff_D0_rep2-CCTGGCAG.CATTGAGT"	4
"mES_EBdiff_D0_rep2-CCTGGCAG.CGCCAATA"	1
"mES_EBdiff_D0_rep2-CCTGGCAG.CTAGTGAA"	4
"mES_EBdiff_D0_rep2-CCTGGCAG.CTTAGAAG"	4
"mES_EBdiff_D0_rep2-CCTGGCAG.GATATAAC"	4
"mES_EBdiff_D0_rep2-CCTGGCAG.GCAGGATT"	4
"mES_EBdiff_D0_rep2-CCTGGCAG.GTAGTTCG"	4
"mES_EBdiff_D0_rep2-CCTGGCAG.GTATCTAT"	4
"mES_EBdiff_D0_rep2-CCTGGCAG.TCGCATCA"	4
"mES_EBdiff_D0_rep2-CCTGGCAG.TCGGTACT"	4
"mES_EBdiff_D0_rep2-CCTGGCAG.TCTTAGTC"	4
"mES_EBdiff_D0_rep2-CCTGGCAG.TGAGGCAA"	4
"mES_EBdiff_D0_rep2-CCTGGCAG.TGTAATCG"	4
"mES_EBdiff_D0_rep2-CCTGGCAG.TGTCTGCA"	4
"mES_EBdiff_D0_rep2-CCTGGCAG.TTCGCTCA"	4
"mES_EBdiff_D0_rep2-CGACCGTT.AACGCGTA"	3
"mES_EBdiff_D0_rep2-CGACCGTT.AAGCCATC"	4
"mES_EBdiff_D0_rep2-CGACCGTT.AATCAGAG"	4
"mES_EBdiff_D0_rep2-CGACCGTT.ACCTCTTG"	1
"mES_EBdiff_D0_rep2-CGACCGTT.ACTGCTAC"	4
"mES_EBdiff_D0_rep2-CGACCGTT.AGTCGTAT"	4
"mES_EBdiff_D0_rep2-CGACCGTT.CACTAGCT"	3
"mES_EBdiff_D0_rep2-CGACCGTT.CACTGTAC"	4
"mES_EBdiff_D0_rep2-CGACCGTT.CATGTCCA"	4
"mES_EBdiff_D0_rep2-CGACCGTT.CCATGGAT"	4
"mES_EBdiff_D0_rep2-CGACCGTT.CGTTACTT"	3
"mES_EBdiff_D0_rep2-CGACCGTT.GCCATTAA"	4
"mES_EBdiff_D0_rep2-CGACCGTT.GGATTGCT"	4
"mES_EBdiff_D0_rep2-CGACCGTT.GTATCTAT"	2
"mES_EBdiff_D0_rep2-CGACCGTT.GTTCCGAA"	4
"mES_EBdiff_D0_rep2-CGACCGTT.TCCGTCTA"	2
"mES_EBdiff_D0_rep2-CGACCGTT.TGTAATCG"	4
"mES_EBdiff_D0_rep2-CGACCGTT.TTAACGTC"	4
"mES_EBdiff_D0_rep2-CGCAGCAA.ACGTTCAC"	4
"mES_EBdiff_D0_rep2-CGCAGCAA.ACTCTACG"	4
"mES_EBdiff_D0_rep2-CGCAGCAA.ACTGCTAC"	4
"mES_EBdiff_D0_rep2-CGCAGCAA.ACTGTGGA"	4
"mES_EBdiff_D0_rep2-CGCAGCAA.ACTTGATA"	4
"mES_EBdiff_D0_rep2-CGCAGCAA.AGAGTGTC"	4
"mES_EBdiff_D0_rep2-CGCAGCAA.ATATCAGA"	4
"mES_EBdiff_D0_rep2-CGCAGCAA.CAAGCTGA"	4
"mES_EBdiff_D0_rep2-CGCAGCAA.CACTGTAC"	4
"mES_EBdiff_D0_rep2-CGCAGCAA.CAGTCCAA"	1
"mES_EBdiff_D0_rep2-CGCAGCAA.CGATGACA"	4
"mES_EBdiff_D0_rep2-CGCAGCAA.CGTACGTA"	4
"mES_EBdiff_D0_rep2-CGCAGCAA.CTGATTCT"	4
"mES_EBdiff_D0_rep2-CGCAGCAA.CTGTCATT"	3
"mES_EBdiff_D0_rep2-CGCAGCAA.GGATTGCT"	4
"mES_EBdiff_D0_rep2-CGCAGCAA.GTCATAGT"	4
"mES_EBdiff_D0_rep2-CGCAGCAA.TAATTACG"	4
"mES_EBdiff_D0_rep2-CGCAGCAA.TAGGAGAC"	4
"mES_EBdiff_D0_rep2-CGCAGCAA.TCCGTCTA"	3
"mES_EBdiff_D0_rep2-CGCAGCAA.TCTACATG"	4
"mES_EBdiff_D0_rep2-CGCAGCAA.TCTTAGTC"	4
"mES_EBdiff_D0_rep2-CGCAGCAA.TGGTTATC"	4
"mES_EBdiff_D0_rep2-CGCAGCAA.TGTAATCG"	4
"mES_EBdiff_D0_rep2-CGCATGGC.AAGAGCTG"	4
"mES_EBdiff_D0_rep2-CGCATGGC.AATCAGAG"	3
"mES_EBdiff_D0_rep2-CGCATGGC.ACAGACTG"	4
"mES_EBdiff_D0_rep2-CGCATGGC.ACCTCTTG"	4
"mES_EBdiff_D0_rep2-CGCATGGC.ACTGTGGA"	4
"mES_EBdiff_D0_rep2-CGCATGGC.AGCAACCT"	4
"mES_EBdiff_D0_rep2-CGCATGGC.AGCATATG"	4
"mES_EBdiff_D0_rep2-CGCATGGC.AGGTCTCA"	3
"mES_EBdiff_D0_rep2-CGCATGGC.AGTCGTAT"	1
"mES_EBdiff_D0_rep2-CGCATGGC.ATACATGT"	4
"mES_EBdiff_D0_rep2-CGCATGGC.ATATCAGA"	4
"mES_EBdiff_D0_rep2-CGCATGGC.CCTTATAG"	4
"mES_EBdiff_D0_rep2-CGCATGGC.CGCCAATA"	4
"mES_EBdiff_D0_rep2-CGCATGGC.GATATAAC"	3
"mES_EBdiff_D0_rep2-CGCATGGC.GGATTGCT"	4
"mES_EBdiff_D0_rep2-CGCATGGC.GGTCAACT"	4
"mES_EBdiff_D0_rep2-CGCATGGC.GTATCTAT"	4
"mES_EBdiff_D0_rep2-CGCATGGC.TAATTACG"	4
"mES_EBdiff_D0_rep2-CGCATGGC.TATCTTGT"	4
"mES_EBdiff_D0_rep2-CGCATGGC.TCCGTCTA"	4
"mES_EBdiff_D0_rep2-CGCATGGC.TGGTTATC"	4
"mES_EBdiff_D0_rep2-CGCGAGTA.AGCAACCT"	4
"mES_EBdiff_D0_rep2-CGCGAGTA.ATCGACGA"	4
"mES_EBdiff_D0_rep2-CGCGAGTA.CGCCAATA"	4
"mES_EBdiff_D0_rep2-CGCGAGTA.CGTACGTA"	4
"mES_EBdiff_D0_rep2-CGCGAGTA.CTGATTCT"	2
"mES_EBdiff_D0_rep2-CGCGAGTA.GCCATTAA"	4
"mES_EBdiff_D0_rep2-CGCGAGTA.GCTAACGA"	4
"mES_EBdiff_D0_rep2-CGCGAGTA.GGTCAACT"	4
"mES_EBdiff_D0_rep2-CGCGAGTA.GGTGTCAT"	4
"mES_EBdiff_D0_rep2-CGCGAGTA.GTAGTTCG"	4
"mES_EBdiff_D0_rep2-CGCGAGTA.GTATCTAT"	3
"mES_EBdiff_D0_rep2-CGCGAGTA.TAGGAGAC"	4
"mES_EBdiff_D0_rep2-CGCGAGTA.TCGCATCA"	4
"mES_EBdiff_D0_rep2-CGCGAGTA.TTAATCGA"	4
"mES_EBdiff_D0_rep2-CGGTCGCC.AATCAGAG"	4
"mES_EBdiff_D0_rep2-CGGTCGCC.ACTGCTAC"	4
"mES_EBdiff_D0_rep2-CGGTCGCC.AGCAACCT"	4
"mES_EBdiff_D0_rep2-CGGTCGCC.AGTCGTAT"	4
"mES_EBdiff_D0_rep2-CGGTCGCC.ATATCAGA"	4
"mES_EBdiff_D0_rep2-CGGTCGCC.ATCGACGA"	4
"mES_EBdiff_D0_rep2-CGGTCGCC.CACTGTAC"	4
"mES_EBdiff_D0_rep2-CGGTCGCC.CGAATTGC"	4
"mES_EBdiff_D0_rep2-CGGTCGCC.CGCTTAAT"	4
"mES_EBdiff_D0_rep2-CGGTCGCC.CTACTAGG"	4
"mES_EBdiff_D0_rep2-CGGTCGCC.CTGTCATT"	4
"mES_EBdiff_D0_rep2-CGGTCGCC.CTTGGTTA"	4
"mES_EBdiff_D0_rep2-CGGTCGCC.GAACTATA"	4
"mES_EBdiff_D0_rep2-CGGTCGCC.GATTCTTA"	3
"mES_EBdiff_D0_rep2-CGGTCGCC.GCAGGATT"	4
"mES_EBdiff_D0_rep2-CGGTCGCC.GCTAACGA"	4
"mES_EBdiff_D0_rep2-CGGTCGCC.GTCCATTC"	4
"mES_EBdiff_D0_rep2-CGGTCGCC.TATCGCTC"	3
"mES_EBdiff_D0_rep2-CGGTCGCC.TCGGTACT"	4
"mES_EBdiff_D0_rep2-CGGTCGCC.TGACCTTG"	4
"mES_EBdiff_D0_rep2-CGGTCGCC.TGGCAGTT"	4
"mES_EBdiff_D0_rep2-CGGTCGCC.TGTCTGCA"	4
"mES_EBdiff_D0_rep2-CGTCTCGT.AACGCGTA"	4
"mES_EBdiff_D0_rep2-CGTCTCGT.AAGAGCTG"	4
"mES_EBdiff_D0_rep2-CGTCTCGT.ATACGCCA"	4
"mES_EBdiff_D0_rep2-CGTCTCGT.ATTACGCT"	4
"mES_EBdiff_D0_rep2-CGTCTCGT.CGATGACA"	4
"mES_EBdiff_D0_rep2-CGTCTCGT.CTTGGTTA"	4
"mES_EBdiff_D0_rep2-CGTCTCGT.GTAGACAC"	4
"mES_EBdiff_D0_rep2-CGTCTCGT.TCAAGCCT"	4
"mES_EBdiff_D0_rep2-CGTCTCGT.TCGGTACT"	4
"mES_EBdiff_D0_rep2-CGTCTCGT.TCTTAGTC"	4
"mES_EBdiff_D0_rep2-CGTCTCGT.TGGCAGTT"	4
"mES_EBdiff_D0_rep2-CGTCTCGT.TGTAATCG"	4
"mES_EBdiff_D0_rep2-CGTCTCGT.TTAACGTC"	4
"mES_EBdiff_D0_rep2-CTCTCACG.AACGTCAG"	4
"mES_EBdiff_D0_rep2-CTCTCACG.AGTCGTAT"	4
"mES_EBdiff_D0_rep2-CTCTCACG.CACATGGA"	4
"mES_EBdiff_D0_rep2-CTCTCACG.CATGTCCA"	4
"mES_EBdiff_D0_rep2-CTCTCACG.CGAATTGC"	4
"mES_EBdiff_D0_rep2-CTCTCACG.GATTCTTA"	4
"mES_EBdiff_D0_rep2-CTCTCACG.GCCATTAA"	4
"mES_EBdiff_D0_rep2-CTCTCACG.GTCCATTC"	4
"mES_EBdiff_D0_rep2-CTCTCACG.TCTACATG"	4
"mES_EBdiff_D0_rep2-CTCTCACG.TGACCTTG"	4
"mES_EBdiff_D0_rep2-CTCTCACG.TGCAGTGA"	2
"mES_EBdiff_D0_rep2-CTCTCACG.TGGTTATC"	4
"mES_EBdiff_D0_rep2-CTCTCACG.TTAATCGA"	4
"mES_EBdiff_D0_rep2-CTGAGGCA.AACGCGTA"	3
"mES_EBdiff_D0_rep2-CTGAGGCA.AATCAGAG"	4
"mES_EBdiff_D0_rep2-CTGAGGCA.AGAGTGTC"	4
"mES_EBdiff_D0_rep2-CTGAGGCA.ATACATGT"	4
"mES_EBdiff_D0_rep2-CTGAGGCA.ATCCGATT"	4
"mES_EBdiff_D0_rep2-CTGAGGCA.ATTACGCT"	1
"mES_EBdiff_D0_rep2-CTGAGGCA.CAGTCCAA"	4
"mES_EBdiff_D0_rep2-CTGAGGCA.CATTGAGT"	4
"mES_EBdiff_D0_rep2-CTGAGGCA.CCTTATAG"	4
"mES_EBdiff_D0_rep2-CTGAGGCA.CTAGTGAA"	4
"mES_EBdiff_D0_rep2-CTGAGGCA.GGATTGCT"	4
"mES_EBdiff_D0_rep2-CTGAGGCA.TAATTACG"	4
"mES_EBdiff_D0_rep2-CTGAGGCA.TACCGGAA"	4
"mES_EBdiff_D0_rep2-CTGAGGCA.TACTAAGC"	4
"mES_EBdiff_D0_rep2-CTGAGGCA.TGGTTATC"	4
"mES_EBdiff_D0_rep2-CTGAGGCA.TGTAATCG"	4
"mES_EBdiff_D0_rep2-CTGAGGCA.TTAACGTC"	4
"mES_EBdiff_D0_rep2-CTGCGTAG.AAGAGCTG"	4
"mES_EBdiff_D0_rep2-CTGCGTAG.AGTTATGC"	4
"mES_EBdiff_D0_rep2-CTGCGTAG.CAGCATAT"	4
"mES_EBdiff_D0_rep2-CTGCGTAG.CGCCAATA"	3
"mES_EBdiff_D0_rep2-CTGCGTAG.CGTACGTA"	4
"mES_EBdiff_D0_rep2-CTGCGTAG.CTAGTGAA"	4
"mES_EBdiff_D0_rep2-CTGCGTAG.CTTAGAAG"	4
"mES_EBdiff_D0_rep2-CTGCGTAG.GAGTACGT"	4
"mES_EBdiff_D0_rep2-CTGCGTAG.GCCATTAA"	4
"mES_EBdiff_D0_rep2-CTGCGTAG.TACTAAGC"	4
"mES_EBdiff_D0_rep2-CTGCGTAG.TATCGCTC"	4
"mES_EBdiff_D0_rep2-CTGCGTAG.TCAAGCCT"	4
"mES_EBdiff_D0_rep2-CTGCGTAG.TCGGTACT"	4
"mES_EBdiff_D0_rep2-CTGCGTAG.TGCAGTGA"	4
"mES_EBdiff_D0_rep2-CTGCGTAG.TGTAATCG"	4
"mES_EBdiff_D0_rep2-CTGCGTAG.TTAACGTC"	4
"mES_EBdiff_D0_rep2-CTGCGTAG.TTGACCAT"	2
"mES_EBdiff_D0_rep2-CTGGTCAC.ACGTTCAC"	4
"mES_EBdiff_D0_rep2-CTGGTCAC.ACTTGATA"	1
"mES_EBdiff_D0_rep2-CTGGTCAC.AGAGTGTC"	4
"mES_EBdiff_D0_rep2-CTGGTCAC.ATGCTTAA"	3
"mES_EBdiff_D0_rep2-CTGGTCAC.ATTACGCT"	4
"mES_EBdiff_D0_rep2-CTGGTCAC.CACATGGA"	4
"mES_EBdiff_D0_rep2-CTGGTCAC.CACTGTAC"	4
"mES_EBdiff_D0_rep2-CTGGTCAC.CAGTCCAA"	4
"mES_EBdiff_D0_rep2-CTGGTCAC.CGCCAATA"	4
"mES_EBdiff_D0_rep2-CTGGTCAC.CTGTCATT"	4
"mES_EBdiff_D0_rep2-CTGGTCAC.CTTAGAAG"	4
"mES_EBdiff_D0_rep2-CTGGTCAC.GAACTATA"	4
"mES_EBdiff_D0_rep2-CTGGTCAC.GTAGTTCG"	3
"mES_EBdiff_D0_rep2-CTGGTCAC.GTGTAGCA"	3
"mES_EBdiff_D0_rep2-CTGGTCAC.TACTAAGC"	4
"mES_EBdiff_D0_rep2-CTGGTCAC.TCAGATGC"	1
"mES_EBdiff_D0_rep2-CTGGTCAC.TCGGTACT"	4
"mES_EBdiff_D0_rep2-CTGGTCAC.TCTTAGTC"	4
"mES_EBdiff_D0_rep2-CTGGTCAC.TGGCAGTT"	4
"mES_EBdiff_D0_rep2-CTGGTCAC.TGTAATCG"	4
"mES_EBdiff_D0_rep2-CTGGTCAC.TTGACCAT"	1
"mES_EBdiff_D0_rep2-CTTGCGTC.AACGCGTA"	1
"mES_EBdiff_D0_rep2-CTTGCGTC.AAGCCATC"	4
"mES_EBdiff_D0_rep2-CTTGCGTC.ACAGACTG"	4
"mES_EBdiff_D0_rep2-CTTGCGTC.ACGTTCAC"	4
"mES_EBdiff_D0_rep2-CTTGCGTC.AGCAACCT"	4
"mES_EBdiff_D0_rep2-CTTGCGTC.CACATGGA"	4
"mES_EBdiff_D0_rep2-CTTGCGTC.CAGCATAT"	4
"mES_EBdiff_D0_rep2-CTTGCGTC.CATGTCCA"	4
"mES_EBdiff_D0_rep2-CTTGCGTC.CATTGAGT"	4
"mES_EBdiff_D0_rep2-CTTGCGTC.CCATGGAT"	4
"mES_EBdiff_D0_rep2-CTTGCGTC.GAGTACGT"	4
"mES_EBdiff_D0_rep2-CTTGCGTC.GCAGGATT"	4
"mES_EBdiff_D0_rep2-CTTGCGTC.TACTAAGC"	4
"mES_EBdiff_D0_rep2-CTTGCGTC.TCACTGAG"	4
"mES_EBdiff_D0_rep2-CTTGCGTC.TCCGTCTA"	4
"mES_EBdiff_D0_rep2-CTTGCGTC.TCTTAGTC"	4
"mES_EBdiff_D0_rep2-CTTGCGTC.TGTCTGCA"	4
"mES_EBdiff_D0_rep2-CTTGCGTC.TTAATCGA"	3
"mES_EBdiff_D0_rep2-GACCAGGC.AATCAGAG"	4
"mES_EBdiff_D0_rep2-GACCAGGC.ACCTCTTG"	4
"mES_EBdiff_D0_rep2-GACCAGGC.ATATCAGA"	2
"mES_EBdiff_D0_rep2-GACCAGGC.CACTGTAC"	4
"mES_EBdiff_D0_rep2-GACCAGGC.CGCCAATA"	4
"mES_EBdiff_D0_rep2-GACCAGGC.CTGATTCT"	4
"mES_EBdiff_D0_rep2-GACCAGGC.GCAGGATT"	4
"mES_EBdiff_D0_rep2-GACCAGGC.GCTAACGA"	4
"mES_EBdiff_D0_rep2-GACCAGGC.GGTCAACT"	4
"mES_EBdiff_D0_rep2-GACCAGGC.GTAGTTCG"	4
"mES_EBdiff_D0_rep2-GACCAGGC.GTATCTAT"	4
"mES_EBdiff_D0_rep2-GACCAGGC.GTCCATTC"	4
"mES_EBdiff_D0_rep2-GACCAGGC.TTAACGTC"	4
"mES_EBdiff_D0_rep2-GACCAGGC.TTCTCGAG"	4
"mES_EBdiff_D0_rep2-GAGGAGCA.AAGCCATC"	2
"mES_EBdiff_D0_rep2-GAGGAGCA.ACTTGATA"	4
"mES_EBdiff_D0_rep2-GAGGAGCA.AGAGTGTC"	4
"mES_EBdiff_D0_rep2-GAGGAGCA.AGCAACCT"	4
"mES_EBdiff_D0_rep2-GAGGAGCA.AGCATATG"	4
"mES_EBdiff_D0_rep2-GAGGAGCA.CACTAGCT"	4
"mES_EBdiff_D0_rep2-GAGGAGCA.CATGTCCA"	4
"mES_EBdiff_D0_rep2-GAGGAGCA.CATTGAGT"	4
"mES_EBdiff_D0_rep2-GAGGAGCA.CGCTTAAT"	4
"mES_EBdiff_D0_rep2-GAGGAGCA.CTACTAGG"	4
"mES_EBdiff_D0_rep2-GAGGAGCA.CTGTCATT"	3
"mES_EBdiff_D0_rep2-GAGGAGCA.GAACTATA"	4
"mES_EBdiff_D0_rep2-GAGGAGCA.GCTAACGA"	4
"mES_EBdiff_D0_rep2-GAGGAGCA.GGATTGCT"	4
"mES_EBdiff_D0_rep2-GAGGAGCA.GTATCTAT"	4
"mES_EBdiff_D0_rep2-GAGGAGCA.GTCATAGT"	4
"mES_EBdiff_D0_rep2-GAGGAGCA.GTGACTTG"	4
"mES_EBdiff_D0_rep2-GAGGAGCA.TACCGGAA"	4
"mES_EBdiff_D0_rep2-GAGGAGCA.TCCGTCTA"	4
"mES_EBdiff_D0_rep2-GAGGAGCA.TGACCTTG"	4
"mES_EBdiff_D0_rep2-GAGGAGCA.TGGTTATC"	4
"mES_EBdiff_D0_rep2-GATGCAGG.AACGCGTA"	4
"mES_EBdiff_D0_rep2-GATGCAGG.ACCTCTTG"	4
"mES_EBdiff_D0_rep2-GATGCAGG.ACGAAGAT"	4
"mES_EBdiff_D0_rep2-GATGCAGG.ACGTGTGT"	4
"mES_EBdiff_D0_rep2-GATGCAGG.ACTCTACG"	4
"mES_EBdiff_D0_rep2-GATGCAGG.ATCGACGA"	4
"mES_EBdiff_D0_rep2-GATGCAGG.CAGCATAT"	4
"mES_EBdiff_D0_rep2-GATGCAGG.GGATTGCT"	3
"mES_EBdiff_D0_rep2-GATGCAGG.GGTGTCAT"	4
"mES_EBdiff_D0_rep2-GATGCAGG.GTGTAGCA"	4
"mES_EBdiff_D0_rep2-GATGCAGG.TAATTACG"	4
"mES_EBdiff_D0_rep2-GATGCAGG.TACCGGAA"	4
"mES_EBdiff_D0_rep2-GATGCAGG.TACTAAGC"	4
"mES_EBdiff_D0_rep2-GATGCAGG.TATCGCTC"	4
"mES_EBdiff_D0_rep2-GATGCAGG.TATCTTGT"	4
"mES_EBdiff_D0_rep2-GATGCAGG.TCACTGAG"	4
"mES_EBdiff_D0_rep2-GATGCAGG.TGTAATCG"	4
"mES_EBdiff_D0_rep2-GATGCAGG.TTAACGTC"	4
"mES_EBdiff_D0_rep2-GATGCAGG.TTCGCTCA"	4
"mES_EBdiff_D0_rep2-GCACTTCC.ACGTGTGT"	4
"mES_EBdiff_D0_rep2-GCACTTCC.ACGTTCAC"	3
"mES_EBdiff_D0_rep2-GCACTTCC.ACTTGATA"	4
"mES_EBdiff_D0_rep2-GCACTTCC.AGAGTGTC"	4
"mES_EBdiff_D0_rep2-GCACTTCC.AGCATATG"	4
"mES_EBdiff_D0_rep2-GCACTTCC.AGTTATGC"	4
"mES_EBdiff_D0_rep2-GCACTTCC.ATACGCCA"	4
"mES_EBdiff_D0_rep2-GCACTTCC.ATATCAGA"	4
"mES_EBdiff_D0_rep2-GCACTTCC.ATCCGATT"	4
"mES_EBdiff_D0_rep2-GCACTTCC.CACTGTAC"	4
"mES_EBdiff_D0_rep2-GCACTTCC.CAGTCCAA"	4
"mES_EBdiff_D0_rep2-GCACTTCC.CTGATTCT"	3
"mES_EBdiff_D0_rep2-GCACTTCC.CTTGGTTA"	4
"mES_EBdiff_D0_rep2-GCACTTCC.GCTAACGA"	4
"mES_EBdiff_D0_rep2-GCACTTCC.GGATTGCT"	4
"mES_EBdiff_D0_rep2-GCACTTCC.GTTCCGAA"	2
"mES_EBdiff_D0_rep2-GCACTTCC.TCAAGCCT"	4
"mES_EBdiff_D0_rep2-GCACTTCC.TCACTGAG"	4
"mES_EBdiff_D0_rep2-GCACTTCC.TCTTAGTC"	4
"mES_EBdiff_D0_rep2-GCACTTCC.TGCAGTGA"	4
"mES_EBdiff_D0_rep2-GCACTTCC.TTAATCGA"	4
"mES_EBdiff_D0_rep2-GCCTCGAA.AACGCGTA"	4
"mES_EBdiff_D0_rep2-GCCTCGAA.AACGTCAG"	4
"mES_EBdiff_D0_rep2-GCCTCGAA.AAGAGCTG"	4
"mES_EBdiff_D0_rep2-GCCTCGAA.AAGCCATC"	4
"mES_EBdiff_D0_rep2-GCCTCGAA.ACGTGTGT"	4
"mES_EBdiff_D0_rep2-GCCTCGAA.AGGTCTCA"	4
"mES_EBdiff_D0_rep2-GCCTCGAA.ATTACGCT"	1
"mES_EBdiff_D0_rep2-GCCTCGAA.CAAGCTGA"	4
"mES_EBdiff_D0_rep2-GCCTCGAA.CATTGAGT"	3
"mES_EBdiff_D0_rep2-GCCTCGAA.CGTACGTA"	4
"mES_EBdiff_D0_rep2-GCCTCGAA.CTGTCATT"	4
"mES_EBdiff_D0_rep2-GCCTCGAA.GTAGTTCG"	4
"mES_EBdiff_D0_rep2-GCCTCGAA.TCACTGAG"	4
"mES_EBdiff_D0_rep2-GCCTCGAA.TCCGTCTA"	4
"mES_EBdiff_D0_rep2-GCCTCGAA.TCGTGAAG"	4
"mES_EBdiff_D0_rep2-GCCTCGAA.TGGCAGTT"	4
"mES_EBdiff_D0_rep2-GCCTCGAA.TGTAATCG"	4
"mES_EBdiff_D0_rep2-GCCTCGAA.TTCTCGAG"	4
"mES_EBdiff_D0_rep2-GCCTTAGG.AAGAGCTG"	4
"mES_EBdiff_D0_rep2-GCCTTAGG.ACTGTGGA"	4
"mES_EBdiff_D0_rep2-GCCTTAGG.AGTTATGC"	4
"mES_EBdiff_D0_rep2-GCCTTAGG.ATATCAGA"	4
"mES_EBdiff_D0_rep2-GCCTTAGG.CAGCATAT"	4
"mES_EBdiff_D0_rep2-GCCTTAGG.CGTACGTA"	4
"mES_EBdiff_D0_rep2-GCCTTAGG.CTAGTGAA"	4
"mES_EBdiff_D0_rep2-GCCTTAGG.CTGTCATT"	1
"mES_EBdiff_D0_rep2-GCCTTAGG.CTTGGTTA"	4
"mES_EBdiff_D0_rep2-GCCTTAGG.GATTCTTA"	4
"mES_EBdiff_D0_rep2-GCCTTAGG.GCAGGATT"	4
"mES_EBdiff_D0_rep2-GCCTTAGG.GGATTGCT"	4
"mES_EBdiff_D0_rep2-GCCTTAGG.GGTCAACT"	3
"mES_EBdiff_D0_rep2-GCCTTAGG.GTGACTTG"	1
"mES_EBdiff_D0_rep2-GCCTTAGG.TACTAAGC"	4
"mES_EBdiff_D0_rep2-GCCTTAGG.TATCTTGT"	4
"mES_EBdiff_D0_rep2-GCCTTAGG.TCAGATGC"	4
"mES_EBdiff_D0_rep2-GCCTTAGG.TCGTGAAG"	3
"mES_EBdiff_D0_rep2-GCCTTAGG.TGCAGTGA"	4
"mES_EBdiff_D0_rep2-GCCTTAGG.TGTAATCG"	4
"mES_EBdiff_D0_rep2-GCCTTAGG.TTAACGTC"	4
"mES_EBdiff_D0_rep2-GCCTTAGG.TTCTCGAG"	4
"mES_EBdiff_D0_rep2-GCGTTCTC.ACGTGTGT"	4
"mES_EBdiff_D0_rep2-GCGTTCTC.ACTCTACG"	4
"mES_EBdiff_D0_rep2-GCGTTCTC.ACTGCTAC"	4
"mES_EBdiff_D0_rep2-GCGTTCTC.AGCATATG"	4
"mES_EBdiff_D0_rep2-GCGTTCTC.AGTTATGC"	3
"mES_EBdiff_D0_rep2-GCGTTCTC.ATATCAGA"	4
"mES_EBdiff_D0_rep2-GCGTTCTC.ATCCGATT"	4
"mES_EBdiff_D0_rep2-GCGTTCTC.ATGCTTAA"	4
"mES_EBdiff_D0_rep2-GCGTTCTC.CAGCATAT"	4
"mES_EBdiff_D0_rep2-GCGTTCTC.CCATGGAT"	1
"mES_EBdiff_D0_rep2-GCGTTCTC.CCTTATAG"	4
"mES_EBdiff_D0_rep2-GCGTTCTC.CGATGACA"	4
"mES_EBdiff_D0_rep2-GCGTTCTC.CTACTAGG"	4
"mES_EBdiff_D0_rep2-GCGTTCTC.CTGTCATT"	4
"mES_EBdiff_D0_rep2-GCGTTCTC.GAGTACGT"	4
"mES_EBdiff_D0_rep2-GCGTTCTC.GATATAAC"	4
"mES_EBdiff_D0_rep2-GCGTTCTC.GTCATAGT"	4
"mES_EBdiff_D0_rep2-GCGTTCTC.TACCGGAA"	4
"mES_EBdiff_D0_rep2-GCGTTCTC.TCTACATG"	2
"mES_EBdiff_D0_rep2-GCGTTCTC.TCTTAGTC"	4
"mES_EBdiff_D0_rep2-GCGTTCTC.TGAGGCAA"	4
"mES_EBdiff_D0_rep2-GCGTTCTC.TGGCAGTT"	4
"mES_EBdiff_D0_rep2-GCTCGCTA.AATCAGAG"	2
"mES_EBdiff_D0_rep2-GCTCGCTA.ACTCTACG"	4
"mES_EBdiff_D0_rep2-GCTCGCTA.AGGTCTCA"	4
"mES_EBdiff_D0_rep2-GCTCGCTA.AGTTATGC"	4
"mES_EBdiff_D0_rep2-GCTCGCTA.ATATCAGA"	4
"mES_EBdiff_D0_rep2-GCTCGCTA.ATCGACGA"	4
"mES_EBdiff_D0_rep2-GCTCGCTA.CAGTCCAA"	4
"mES_EBdiff_D0_rep2-GCTCGCTA.CTGTCATT"	4
"mES_EBdiff_D0_rep2-GCTCGCTA.GATGATCC"	2
"mES_EBdiff_D0_rep2-GCTCGCTA.GATTGCAG"	4
"mES_EBdiff_D0_rep2-GCTCGCTA.GCAGGATT"	4
"mES_EBdiff_D0_rep2-GCTCGCTA.GCCATTAA"	4
"mES_EBdiff_D0_rep2-GCTCGCTA.GGATTGCT"	4
"mES_EBdiff_D0_rep2-GCTCGCTA.GGTGTCAT"	4
"mES_EBdiff_D0_rep2-GCTCGCTA.GTGTAGCA"	4
"mES_EBdiff_D0_rep2-GCTCGCTA.TAATTACG"	4
"mES_EBdiff_D0_rep2-GCTCGCTA.TACCGGAA"	4
"mES_EBdiff_D0_rep2-GCTCGCTA.TATCGCTC"	4
"mES_EBdiff_D0_rep2-GCTCGCTA.TCACTGAG"	4
"mES_EBdiff_D0_rep2-GCTCGCTA.TCAGATGC"	4
"mES_EBdiff_D0_rep2-GCTCGCTA.TCGCATCA"	4
"mES_EBdiff_D0_rep2-GCTCGCTA.TCGTGAAG"	2
"mES_EBdiff_D0_rep2-GCTCGCTA.TCTTAGTC"	4
"mES_EBdiff_D0_rep2-GCTCGCTA.TGGCAGTT"	4
"mES_EBdiff_D0_rep2-GCTCGCTA.TTAACGTC"	3
"mES_EBdiff_D0_rep2-GCTCGCTA.TTCGCTCA"	4
"mES_EBdiff_D0_rep2-GGAGTGGA.AACGTCAG"	4
"mES_EBdiff_D0_rep2-GGAGTGGA.AAGAGCTG"	4
"mES_EBdiff_D0_rep2-GGAGTGGA.AGTTATGC"	4
"mES_EBdiff_D0_rep2-GGAGTGGA.ATCCGATT"	4
"mES_EBdiff_D0_rep2-GGAGTGGA.ATGCTTAA"	1
"mES_EBdiff_D0_rep2-GGAGTGGA.CAAGCTGA"	3
"mES_EBdiff_D0_rep2-GGAGTGGA.CACTGTAC"	4
"mES_EBdiff_D0_rep2-GGAGTGGA.CTACTAGG"	3
"mES_EBdiff_D0_rep2-GGAGTGGA.CTTGGTTA"	4
"mES_EBdiff_D0_rep2-GGAGTGGA.GAGTACGT"	4
"mES_EBdiff_D0_rep2-GGAGTGGA.GGTCAACT"	4
"mES_EBdiff_D0_rep2-GGAGTGGA.TCCGTCTA"	2
"mES_EBdiff_D0_rep2-GGAGTGGA.TCGGTACT"	4
"mES_EBdiff_D0_rep2-GGAGTGGA.TCTACATG"	4
"mES_EBdiff_D0_rep2-GGAGTGGA.TGTCTGCA"	4
"mES_EBdiff_D0_rep2-GGAGTGGA.TTGACCAT"	2
"mES_EBdiff_D0_rep2-GGATACCG.AACGCGTA"	4
"mES_EBdiff_D0_rep2-GGATACCG.AAGCCATC"	4
"mES_EBdiff_D0_rep2-GGATACCG.ACGTTCAC"	4
"mES_EBdiff_D0_rep2-GGATACCG.AGCAACCT"	4
"mES_EBdiff_D0_rep2-GGATACCG.ATACATGT"	4
"mES_EBdiff_D0_rep2-GGATACCG.ATATCAGA"	4
"mES_EBdiff_D0_rep2-GGATACCG.ATGCTTAA"	4
"mES_EBdiff_D0_rep2-GGATACCG.CCATGGAT"	4
"mES_EBdiff_D0_rep2-GGATACCG.CCTTATAG"	4
"mES_EBdiff_D0_rep2-GGATACCG.CGCCAATA"	4
"mES_EBdiff_D0_rep2-GGATACCG.CTACTAGG"	4
"mES_EBdiff_D0_rep2-GGATACCG.CTGATTCT"	1
"mES_EBdiff_D0_rep2-GGATACCG.CTGTCATT"	4
"mES_EBdiff_D0_rep2-GGATACCG.CTTAGAAG"	4
"mES_EBdiff_D0_rep2-GGATACCG.GAGTACGT"	4
"mES_EBdiff_D0_rep2-GGATACCG.GCTAACGA"	4
"mES_EBdiff_D0_rep2-GGATACCG.GGTCAACT"	4
"mES_EBdiff_D0_rep2-GGATACCG.GTCATAGT"	4
"mES_EBdiff_D0_rep2-GGATACCG.GTCCATTC"	4
"mES_EBdiff_D0_rep2-GGATACCG.GTGACTTG"	1
"mES_EBdiff_D0_rep2-GGATACCG.TACCGGAA"	3
"mES_EBdiff_D0_rep2-GGATACCG.TCAAGCCT"	4
"mES_EBdiff_D0_rep2-GGATACCG.TCCGTCTA"	4
"mES_EBdiff_D0_rep2-GGATACCG.TGAGGCAA"	4
"mES_EBdiff_D0_rep2-GGATACCG.TGCAGTGA"	4
"mES_EBdiff_D0_rep2-GGATACCG.TGTCTGCA"	3
"mES_EBdiff_D0_rep2-GGCTCCGC.ACGTGTGT"	4
"mES_EBdiff_D0_rep2-GGCTCCGC.CCTTATAG"	4
"mES_EBdiff_D0_rep2-GGCTCCGC.CGCTTAAT"	4
"mES_EBdiff_D0_rep2-GGCTCCGC.CTTGGTTA"	4
"mES_EBdiff_D0_rep2-GGCTCCGC.GATATAAC"	1
"mES_EBdiff_D0_rep2-GGCTCCGC.GTTCCGAA"	3
"mES_EBdiff_D0_rep2-GGCTCCGC.TACTAAGC"	4
"mES_EBdiff_D0_rep2-GGCTCCGC.TATCTTGT"	4
"mES_EBdiff_D0_rep2-GTCACGTG.AAGCCATC"	4
"mES_EBdiff_D0_rep2-GTCACGTG.ACTGTGGA"	4
"mES_EBdiff_D0_rep2-GTCACGTG.AGAGTGTC"	4
"mES_EBdiff_D0_rep2-GTCACGTG.AGTCGTAT"	4
"mES_EBdiff_D0_rep2-GTCACGTG.ATCCGATT"	4
"mES_EBdiff_D0_rep2-GTCACGTG.ATCGACGA"	4
"mES_EBdiff_D0_rep2-GTCACGTG.ATGCTTAA"	4
"mES_EBdiff_D0_rep2-GTCACGTG.CACATGGA"	4
"mES_EBdiff_D0_rep2-GTCACGTG.CAGCATAT"	4
"mES_EBdiff_D0_rep2-GTCACGTG.CATGTCCA"	4
"mES_EBdiff_D0_rep2-GTCACGTG.CCTTATAG"	4
"mES_EBdiff_D0_rep2-GTCACGTG.GCTAACGA"	4
"mES_EBdiff_D0_rep2-GTCACGTG.GGTGTCAT"	4
"mES_EBdiff_D0_rep2-GTCACGTG.GTAGTTCG"	3
"mES_EBdiff_D0_rep2-GTCACGTG.TAATTACG"	4
"mES_EBdiff_D0_rep2-GTCACGTG.TACCGGAA"	4
"mES_EBdiff_D0_rep2-GTCACGTG.TATCGCTC"	4
"mES_EBdiff_D0_rep2-GTCACGTG.TCGCATCA"	4
"mES_EBdiff_D0_rep2-GTCACGTG.TCGTGAAG"	4
"mES_EBdiff_D0_rep2-GTCACGTG.TGAGGCAA"	4
"mES_EBdiff_D0_rep2-GTCACGTG.TGCAGTGA"	4
"mES_EBdiff_D0_rep2-GTCACGTG.TGGCAGTT"	4
"mES_EBdiff_D0_rep2-GTCACGTG.TTCGCTCA"	4
"mES_EBdiff_D0_rep2-GTCGGCAT.AATCAGAG"	4
"mES_EBdiff_D0_rep2-GTCGGCAT.ACGTTCAC"	4
"mES_EBdiff_D0_rep2-GTCGGCAT.ACTGCTAC"	4
"mES_EBdiff_D0_rep2-GTCGGCAT.ACTTGATA"	4
"mES_EBdiff_D0_rep2-GTCGGCAT.AGTCGTAT"	4
"mES_EBdiff_D0_rep2-GTCGGCAT.ATCCGATT"	4
"mES_EBdiff_D0_rep2-GTCGGCAT.CACATGGA"	4
"mES_EBdiff_D0_rep2-GTCGGCAT.CAGTCCAA"	4
"mES_EBdiff_D0_rep2-GTCGGCAT.CATTGAGT"	4
"mES_EBdiff_D0_rep2-GTCGGCAT.CGATGACA"	4
"mES_EBdiff_D0_rep2-GTCGGCAT.CTAGTGAA"	4
"mES_EBdiff_D0_rep2-GTCGGCAT.GATATAAC"	4
"mES_EBdiff_D0_rep2-GTCGGCAT.GATTCTTA"	4
"mES_EBdiff_D0_rep2-GTCGGCAT.GATTGCAG"	3
"mES_EBdiff_D0_rep2-GTCGGCAT.TCAGATGC"	4
"mES_EBdiff_D0_rep2-GTCGGCAT.TCCGTCTA"	4
"mES_EBdiff_D0_rep2-GTCGGCAT.TCTTAGTC"	4
"mES_EBdiff_D0_rep2-GTCGGCAT.TGGTTATC"	4
"mES_EBdiff_D0_rep2-GTCGGCAT.TTGACCAT"	4
"mES_EBdiff_D0_rep2-TCACGAGC.ACCTCTTG"	4
"mES_EBdiff_D0_rep2-TCACGAGC.ACGTGTGT"	4
"mES_EBdiff_D0_rep2-TCACGAGC.ACTGTGGA"	4
"mES_EBdiff_D0_rep2-TCACGAGC.AGAGTGTC"	4
"mES_EBdiff_D0_rep2-TCACGAGC.AGTTATGC"	4
"mES_EBdiff_D0_rep2-TCACGAGC.ATATCAGA"	4
"mES_EBdiff_D0_rep2-TCACGAGC.CAAGCTGA"	4
"mES_EBdiff_D0_rep2-TCACGAGC.CATGTCCA"	4
"mES_EBdiff_D0_rep2-TCACGAGC.CTTGGTTA"	4
"mES_EBdiff_D0_rep2-TCACGAGC.GATTGCAG"	4
"mES_EBdiff_D0_rep2-TCACGAGC.GGTCAACT"	4
"mES_EBdiff_D0_rep2-TCACGAGC.GTAGACAC"	1
"mES_EBdiff_D0_rep2-TCACGAGC.GTATCTAT"	4
"mES_EBdiff_D0_rep2-TCACGAGC.GTGTAGCA"	3
"mES_EBdiff_D0_rep2-TCACGAGC.GTTCCGAA"	4
"mES_EBdiff_D0_rep2-TCACGAGC.TAATTACG"	4
"mES_EBdiff_D0_rep2-TCACGAGC.TCCGTCTA"	4
"mES_EBdiff_D0_rep2-TCACGAGC.TCGGTACT"	4
"mES_EBdiff_D0_rep2-TCACGAGC.TGACCTTG"	4
"mES_EBdiff_D0_rep2-TCACGAGC.TTCGCTCA"	4
"mES_EBdiff_D0_rep2-TCCGGACA.ACCTCTTG"	1
"mES_EBdiff_D0_rep2-TCCGGACA.ACGTTCAC"	4
"mES_EBdiff_D0_rep2-TCCGGACA.ACTGTGGA"	4
"mES_EBdiff_D0_rep2-TCCGGACA.AGTTATGC"	4
"mES_EBdiff_D0_rep2-TCCGGACA.ATATCAGA"	4
"mES_EBdiff_D0_rep2-TCCGGACA.CACATGGA"	4
"mES_EBdiff_D0_rep2-TCCGGACA.CAGCATAT"	4
"mES_EBdiff_D0_rep2-TCCGGACA.CATGTCCA"	4
"mES_EBdiff_D0_rep2-TCCGGACA.GAGTACGT"	4
"mES_EBdiff_D0_rep2-TCCGGACA.GATTGCAG"	4
"mES_EBdiff_D0_rep2-TCCGGACA.GGATTGCT"	4
"mES_EBdiff_D0_rep2-TCCGGACA.GGTCAACT"	4
"mES_EBdiff_D0_rep2-TCCGGACA.GGTGTCAT"	4
"mES_EBdiff_D0_rep2-TCCGGACA.GTAGACAC"	3
"mES_EBdiff_D0_rep2-TCCGGACA.GTAGTTCG"	4
"mES_EBdiff_D0_rep2-TCCGGACA.GTGACTTG"	4
"mES_EBdiff_D0_rep2-TCCGGACA.GTTCCGAA"	1
"mES_EBdiff_D0_rep2-TCCGGACA.TACTAAGC"	4
"mES_EBdiff_D0_rep2-TCCGGACA.TGCAGTGA"	4
"mES_EBdiff_D0_rep2-TCCGGACA.TGGCAGTT"	4
"mES_EBdiff_D0_rep2-TCCGGACA.TTAACGTC"	4
"mES_EBdiff_D0_rep2-TCCGGACA.TTCGCTCA"	4
"mES_EBdiff_D0_rep2-TCCGGACA.TTGACCAT"	4
"mES_EBdiff_D0_rep2-TCCGTGAG.AAGAGCTG"	4
"mES_EBdiff_D0_rep2-TCCGTGAG.ACTCTACG"	4
"mES_EBdiff_D0_rep2-TCCGTGAG.ATATCAGA"	4
"mES_EBdiff_D0_rep2-TCCGTGAG.CAGCATAT"	4
"mES_EBdiff_D0_rep2-TCCGTGAG.CCTTATAG"	3
"mES_EBdiff_D0_rep2-TCCGTGAG.CGATGACA"	4
"mES_EBdiff_D0_rep2-TCCGTGAG.CGCCAATA"	4
"mES_EBdiff_D0_rep2-TCCGTGAG.CTACTAGG"	4
"mES_EBdiff_D0_rep2-TCCGTGAG.CTTAGAAG"	4
"mES_EBdiff_D0_rep2-TCCGTGAG.GATTGCAG"	4
"mES_EBdiff_D0_rep2-TCCGTGAG.GTATCTAT"	4
"mES_EBdiff_D0_rep2-TCCGTGAG.GTCATAGT"	4
"mES_EBdiff_D0_rep2-TCCGTGAG.GTCCATTC"	4
"mES_EBdiff_D0_rep2-TCCGTGAG.GTGTAGCA"	4
"mES_EBdiff_D0_rep2-TCCGTGAG.GTTCCGAA"	4
"mES_EBdiff_D0_rep2-TCCGTGAG.TGACCTTG"	4
"mES_EBdiff_D0_rep2-TCCGTGAG.TGGTTATC"	4
"mES_EBdiff_D0_rep2-TCCGTGAG.TTCTCGAG"	4
"mES_EBdiff_D0_rep2-TCGACTGC.ACTCTACG"	4
"mES_EBdiff_D0_rep2-TCGACTGC.ACTGTGGA"	3
"mES_EBdiff_D0_rep2-TCGACTGC.AGAGTGTC"	4
"mES_EBdiff_D0_rep2-TCGACTGC.ATTACGCT"	3
"mES_EBdiff_D0_rep2-TCGACTGC.CATTGAGT"	4
"mES_EBdiff_D0_rep2-TCGACTGC.CGAATTGC"	4
"mES_EBdiff_D0_rep2-TCGACTGC.CGCTTAAT"	4
"mES_EBdiff_D0_rep2-TCGACTGC.CGTTACTT"	4
"mES_EBdiff_D0_rep2-TCGACTGC.GGTGTCAT"	3
"mES_EBdiff_D0_rep2-TCGACTGC.TAGGAGAC"	4
"mES_EBdiff_D0_rep2-TCGACTGC.TCTTAGTC"	4
"mES_EBdiff_D0_rep2-TCGACTGC.TTCGCTCA"	4
"mES_EBdiff_D0_rep2-TCGACTGC.TTGACCAT"	4
"mES_EBdiff_D0_rep2-TCGGATCG.AAGCCATC"	4
"mES_EBdiff_D0_rep2-TCGGATCG.ACAGACTG"	4
"mES_EBdiff_D0_rep2-TCGGATCG.ACGAAGAT"	4
"mES_EBdiff_D0_rep2-TCGGATCG.ATACATGT"	3
"mES_EBdiff_D0_rep2-TCGGATCG.CACATGGA"	3
"mES_EBdiff_D0_rep2-TCGGATCG.CATGTCCA"	3
"mES_EBdiff_D0_rep2-TCGGATCG.CCATGGAT"	4
"mES_EBdiff_D0_rep2-TCGGATCG.CTGTCATT"	4
"mES_EBdiff_D0_rep2-TCGGATCG.CTTGGTTA"	4
"mES_EBdiff_D0_rep2-TCGGATCG.GATGATCC"	4
"mES_EBdiff_D0_rep2-TCGGATCG.GATTCTTA"	3
"mES_EBdiff_D0_rep2-TCGGATCG.GCAGGATT"	4
"mES_EBdiff_D0_rep2-TCGGATCG.GCCATTAA"	4
"mES_EBdiff_D0_rep2-TCGGATCG.GTAGTTCG"	4
"mES_EBdiff_D0_rep2-TCGGATCG.GTATCTAT"	4
"mES_EBdiff_D0_rep2-TCGGATCG.GTTCCGAA"	4
"mES_EBdiff_D0_rep2-TCGGATCG.TACTAAGC"	1
"mES_EBdiff_D0_rep2-TCGGATCG.TGAGGCAA"	3
"mES_EBdiff_D0_rep2-TCGGATCG.TGTCTGCA"	4
"mES_EBdiff_D0_rep2-TCGGATCG.TTCGCTCA"	3
"mES_EBdiff_D0_rep2-TGAGCCAC.AAGAGCTG"	4
"mES_EBdiff_D0_rep2-TGAGCCAC.AATCAGAG"	4
"mES_EBdiff_D0_rep2-TGAGCCAC.ACAGACTG"	4
"mES_EBdiff_D0_rep2-TGAGCCAC.CACTGTAC"	4
"mES_EBdiff_D0_rep2-TGAGCCAC.CCATGGAT"	4
"mES_EBdiff_D0_rep2-TGAGCCAC.CCTTATAG"	4
"mES_EBdiff_D0_rep2-TGAGCCAC.CGAATTGC"	4
"mES_EBdiff_D0_rep2-TGAGCCAC.CGATGACA"	4
"mES_EBdiff_D0_rep2-TGAGCCAC.CTACTAGG"	4
"mES_EBdiff_D0_rep2-TGAGCCAC.CTTGGTTA"	4
"mES_EBdiff_D0_rep2-TGAGCCAC.GAGTACGT"	4
"mES_EBdiff_D0_rep2-TGAGCCAC.GCTAACGA"	4
"mES_EBdiff_D0_rep2-TGAGCCAC.GTGACTTG"	4
"mES_EBdiff_D0_rep2-TGAGCCAC.GTGTAGCA"	4
"mES_EBdiff_D0_rep2-TGAGCCAC.TAGGAGAC"	4
"mES_EBdiff_D0_rep2-TGAGCCAC.TCCGTCTA"	4
"mES_EBdiff_D0_rep2-TGAGCCAC.TTAACGTC"	4
