"F121_PCR14_R11_pooled-ACCACCAC.AACGTCAG"	2
"F121_PCR14_R11_pooled-ACCACCAC.ACGTTCAC"	3
"F121_PCR14_R11_pooled-ACCACCAC.AGCAACCT"	3
"F121_PCR14_R11_pooled-ACCACCAC.AGGTCTCA"	3
"F121_PCR14_R11_pooled-ACCACCAC.AGTTATGC"	2
"F121_PCR14_R11_pooled-ACCACCAC.CATGTCCA"	4
"F121_PCR14_R11_pooled-ACCACCAC.CCTTATAG"	3
"F121_PCR14_R11_pooled-ACCACCAC.GAGTACGT"	3
"F121_PCR14_R11_pooled-ACCACCAC.GATATAAC"	2
"F121_PCR14_R11_pooled-ACCACCAC.GGTGTCAT"	2
"F121_PCR14_R11_pooled-ACCACCAC.GTGTAGCA"	3
"F121_PCR14_R11_pooled-ACCACCAC.TAATTACG"	4
"F121_PCR14_R11_pooled-ACCACCAC.TAGGAGAC"	1
"F121_PCR14_R11_pooled-ACCACCAC.TGGTTATC"	2
"F121_PCR14_R11_pooled-ACCACCAC.TTAACGTC"	3
"F121_PCR14_R11_pooled-AGCGTCTC.ACCTCTTG"	3
"F121_PCR14_R11_pooled-AGCGTCTC.AGCATATG"	3
"F121_PCR14_R11_pooled-AGCGTCTC.ATATCAGA"	2
"F121_PCR14_R11_pooled-AGCGTCTC.CGTTACTT"	3
"F121_PCR14_R11_pooled-AGCGTCTC.CTGATTCT"	3
"F121_PCR14_R11_pooled-AGCGTCTC.CTTGGTTA"	3
"F121_PCR14_R11_pooled-AGCGTCTC.GATGATCC"	2
"F121_PCR14_R11_pooled-AGCGTCTC.GGTGTCAT"	3
"F121_PCR14_R11_pooled-AGCGTCTC.GTAGTTCG"	4
"F121_PCR14_R11_pooled-AGCGTCTC.GTCATAGT"	3
"F121_PCR14_R11_pooled-AGCGTCTC.TCAAGCCT"	3
"F121_PCR14_R11_pooled-AGCGTCTC.TCGGTACT"	2
"F121_PCR14_R11_pooled-AGCGTCTC.TGGCAGTT"	3
"F121_PCR14_R11_pooled-AGCGTCTC.TTCGCTCA"	4
"F121_PCR14_R11_pooled-AGGCTCAG.AATCAGAG"	3
"F121_PCR14_R11_pooled-AGGCTCAG.ACGAAGAT"	3
"F121_PCR14_R11_pooled-AGGCTCAG.ACGTGTGT"	4
"F121_PCR14_R11_pooled-AGGCTCAG.ACGTTCAC"	4
"F121_PCR14_R11_pooled-AGGCTCAG.AGAGTGTC"	3
"F121_PCR14_R11_pooled-AGGCTCAG.AGCATATG"	3
"F121_PCR14_R11_pooled-AGGCTCAG.AGGTCTCA"	3
"F121_PCR14_R11_pooled-AGGCTCAG.CCATGGAT"	3
"F121_PCR14_R11_pooled-AGGCTCAG.GGATTGCT"	3
"F121_PCR14_R11_pooled-AGGCTCAG.GTCCATTC"	3
"F121_PCR14_R11_pooled-AGGCTCAG.GTGTAGCA"	3
"F121_PCR14_R11_pooled-AGGCTCAG.TACCGGAA"	3
"F121_PCR14_R11_pooled-AGGCTCAG.TCACTGAG"	3
"F121_PCR14_R11_pooled-AGTACGCG.ACAGACTG"	3
"F121_PCR14_R11_pooled-AGTACGCG.ACTGTGGA"	3
"F121_PCR14_R11_pooled-AGTACGCG.AGCATATG"	2
"F121_PCR14_R11_pooled-AGTACGCG.CACTGTAC"	3
"F121_PCR14_R11_pooled-AGTACGCG.CAGTCCAA"	3
"F121_PCR14_R11_pooled-AGTACGCG.GAACTATA"	2
"F121_PCR14_R11_pooled-AGTACGCG.GAGTACGT"	3
"F121_PCR14_R11_pooled-AGTACGCG.GCTAACGA"	4
"F121_PCR14_R11_pooled-AGTACGCG.GTATCTAT"	3
"F121_PCR14_R11_pooled-AGTACGCG.TAATTACG"	4
"F121_PCR14_R11_pooled-AGTACGCG.TCCGTCTA"	3
"F121_PCR14_R11_pooled-AGTACGCG.TGCAGTGA"	3
"F121_PCR14_R11_pooled-AGTACGCG.TGGTTATC"	4
"F121_PCR14_R11_pooled-AGTACGCG.TGTCTGCA"	3
"F121_PCR14_R11_pooled-AGTGGTGC.AATCAGAG"	3
"F121_PCR14_R11_pooled-AGTGGTGC.ACGTTCAC"	3
"F121_PCR14_R11_pooled-AGTGGTGC.ACTTGATA"	4
"F121_PCR14_R11_pooled-AGTGGTGC.ATACGCCA"	2
"F121_PCR14_R11_pooled-AGTGGTGC.ATCGACGA"	3
"F121_PCR14_R11_pooled-AGTGGTGC.CGTACGTA"	3
"F121_PCR14_R11_pooled-AGTGGTGC.CTAGTGAA"	4
"F121_PCR14_R11_pooled-AGTGGTGC.GATTGCAG"	2
"F121_PCR14_R11_pooled-AGTGGTGC.TCAGATGC"	3
"F121_PCR14_R11_pooled-AGTGGTGC.TTGACCAT"	3
"F121_PCR14_R11_pooled-CAACGCCG.ACAGACTG"	2
"F121_PCR14_R11_pooled-CAACGCCG.ACGAAGAT"	3
"F121_PCR14_R11_pooled-CAACGCCG.ACGTTCAC"	4
"F121_PCR14_R11_pooled-CAACGCCG.AGTCGTAT"	4
"F121_PCR14_R11_pooled-CAACGCCG.ATCCGATT"	4
"F121_PCR14_R11_pooled-CAACGCCG.CAGTCCAA"	2
"F121_PCR14_R11_pooled-CAACGCCG.CATGTCCA"	2
"F121_PCR14_R11_pooled-CAACGCCG.GAACTATA"	3
"F121_PCR14_R11_pooled-CAACGCCG.GGTGTCAT"	4
"F121_PCR14_R11_pooled-CAACGCCG.TATCTTGT"	3
"F121_PCR14_R11_pooled-CAACGCCG.TCACTGAG"	3
"F121_PCR14_R11_pooled-CAACGCCG.TCTTAGTC"	2
"F121_PCR14_R11_pooled-CAACGCCG.TTCTCGAG"	4
"F121_PCR14_R11_pooled-CACCGTGA.AAGAGCTG"	3
"F121_PCR14_R11_pooled-CACCGTGA.ACCTCTTG"	3
"F121_PCR14_R11_pooled-CACCGTGA.AGGTCTCA"	3
"F121_PCR14_R11_pooled-CACCGTGA.CACTAGCT"	3
"F121_PCR14_R11_pooled-CACCGTGA.CACTGTAC"	3
"F121_PCR14_R11_pooled-CACCGTGA.CAGCATAT"	4
"F121_PCR14_R11_pooled-CACCGTGA.CAGTCCAA"	4
"F121_PCR14_R11_pooled-CACCGTGA.CGATGACA"	4
"F121_PCR14_R11_pooled-CACCGTGA.CGTTACTT"	3
"F121_PCR14_R11_pooled-CACCGTGA.GAACTATA"	2
"F121_PCR14_R11_pooled-CACCGTGA.GATGATCC"	1
"F121_PCR14_R11_pooled-CACCGTGA.GATTGCAG"	4
"F121_PCR14_R11_pooled-CACCGTGA.GGATTGCT"	2
"F121_PCR14_R11_pooled-CACCGTGA.GGTGTCAT"	3
"F121_PCR14_R11_pooled-CACCGTGA.TATCGCTC"	3
"F121_PCR14_R11_pooled-CACCGTGA.TGGCAGTT"	4
"F121_PCR14_R11_pooled-CATAGCGC.AACGCGTA"	3
"F121_PCR14_R11_pooled-CATAGCGC.ACAGACTG"	3
"F121_PCR14_R11_pooled-CATAGCGC.ACTGCTAC"	3
"F121_PCR14_R11_pooled-CATAGCGC.CAAGCTGA"	4
"F121_PCR14_R11_pooled-CATAGCGC.CATGTCCA"	3
"F121_PCR14_R11_pooled-CATAGCGC.GAGTACGT"	2
"F121_PCR14_R11_pooled-CATAGCGC.GATATAAC"	4
"F121_PCR14_R11_pooled-CATAGCGC.GCAGGATT"	3
"F121_PCR14_R11_pooled-CATAGCGC.GGTGTCAT"	3
"F121_PCR14_R11_pooled-CATAGCGC.GTATCTAT"	4
"F121_PCR14_R11_pooled-CATAGCGC.TCGTGAAG"	1
"F121_PCR14_R11_pooled-CATAGCGC.TGAGGCAA"	3
"F121_PCR14_R11_pooled-CATAGCGC.TGTAATCG"	4
"F121_PCR14_R11_pooled-CCGCTACG.AACGCGTA"	3
"F121_PCR14_R11_pooled-CCGCTACG.AAGCCATC"	3
"F121_PCR14_R11_pooled-CCGCTACG.ACGAAGAT"	4
"F121_PCR14_R11_pooled-CCGCTACG.AGAGTGTC"	2
"F121_PCR14_R11_pooled-CCGCTACG.AGGTCTCA"	2
"F121_PCR14_R11_pooled-CCGCTACG.ATGCTTAA"	3
"F121_PCR14_R11_pooled-CCGCTACG.CCATGGAT"	3
"F121_PCR14_R11_pooled-CCGCTACG.CTGTCATT"	3
"F121_PCR14_R11_pooled-CCGCTACG.CTTAGAAG"	3
"F121_PCR14_R11_pooled-CCGCTACG.GATATAAC"	4
"F121_PCR14_R11_pooled-CCGCTACG.GCTAACGA"	2
"F121_PCR14_R11_pooled-CCGCTACG.TATCTTGT"	2
"F121_PCR14_R11_pooled-CCGCTACG.TCACTGAG"	4
"F121_PCR14_R11_pooled-CCGCTACG.TCCGTCTA"	4
"F121_PCR14_R11_pooled-CCGCTACG.TGTAATCG"	3
"F121_PCR14_R11_pooled-CGCGCAAT.AAGCCATC"	4
"F121_PCR14_R11_pooled-CGCGCAAT.ACAGACTG"	3
"F121_PCR14_R11_pooled-CGCGCAAT.ACTGTGGA"	1
"F121_PCR14_R11_pooled-CGCGCAAT.ACTTGATA"	4
"F121_PCR14_R11_pooled-CGCGCAAT.ATACGCCA"	3
"F121_PCR14_R11_pooled-CGCGCAAT.CGATGACA"	3
"F121_PCR14_R11_pooled-CGCGCAAT.CGCTTAAT"	4
"F121_PCR14_R11_pooled-CGCGCAAT.CTAGTGAA"	4
"F121_PCR14_R11_pooled-CGCGCAAT.GCAGGATT"	3
"F121_PCR14_R11_pooled-CGCGCAAT.GTATCTAT"	3
"F121_PCR14_R11_pooled-CGCGCAAT.TATCGCTC"	3
"F121_PCR14_R11_pooled-CGCGCAAT.TGAGGCAA"	4
"F121_PCR14_R11_pooled-CGCGCAAT.TTAATCGA"	2
"F121_PCR14_R11_pooled-CTCGCCGA.AATCAGAG"	3
"F121_PCR14_R11_pooled-CTCGCCGA.ACTGTGGA"	3
"F121_PCR14_R11_pooled-CTCGCCGA.AGAGTGTC"	3
"F121_PCR14_R11_pooled-CTCGCCGA.ATACGCCA"	3
"F121_PCR14_R11_pooled-CTCGCCGA.CAAGCTGA"	3
"F121_PCR14_R11_pooled-CTCGCCGA.CATTGAGT"	4
"F121_PCR14_R11_pooled-CTCGCCGA.CCTTATAG"	4
"F121_PCR14_R11_pooled-CTCGCCGA.CGAATTGC"	3
"F121_PCR14_R11_pooled-CTCGCCGA.CTGATTCT"	3
"F121_PCR14_R11_pooled-CTCGCCGA.CTGTCATT"	3
"F121_PCR14_R11_pooled-CTCGCCGA.GAACTATA"	3
"F121_PCR14_R11_pooled-CTCGCCGA.GCCATTAA"	3
"F121_PCR14_R11_pooled-CTCGCCGA.GGATTGCT"	2
"F121_PCR14_R11_pooled-CTCGCCGA.TACCGGAA"	3
"F121_PCR14_R11_pooled-CTCGCCGA.TCAAGCCT"	4
"F121_PCR14_R11_pooled-CTCGCCGA.TCCGTCTA"	4
"F121_PCR14_R11_pooled-CTCGCCGA.TCGGTACT"	3
"F121_PCR14_R11_pooled-CTCGCCGA.TGACCTTG"	4
"F121_PCR14_R11_pooled-CTCGCCGA.TGTAATCG"	4
"F121_PCR14_R11_pooled-CTCGCCGA.TTAATCGA"	3
"F121_PCR14_R11_pooled-GACTGCCA.ACGAAGAT"	3
"F121_PCR14_R11_pooled-GACTGCCA.ACGTTCAC"	2
"F121_PCR14_R11_pooled-GACTGCCA.ACTCTACG"	4
"F121_PCR14_R11_pooled-GACTGCCA.AGCAACCT"	3
"F121_PCR14_R11_pooled-GACTGCCA.ATATCAGA"	4
"F121_PCR14_R11_pooled-GACTGCCA.CAAGCTGA"	3
"F121_PCR14_R11_pooled-GACTGCCA.CACTGTAC"	3
"F121_PCR14_R11_pooled-GACTGCCA.CATGTCCA"	4
"F121_PCR14_R11_pooled-GACTGCCA.CGCCAATA"	3
"F121_PCR14_R11_pooled-GACTGCCA.CGCTTAAT"	4
"F121_PCR14_R11_pooled-GACTGCCA.CTTAGAAG"	4
"F121_PCR14_R11_pooled-GACTGCCA.GTTCCGAA"	3
"F121_PCR14_R11_pooled-GACTGCCA.TACTAAGC"	4
"F121_PCR14_R11_pooled-GACTGCCA.TATCGCTC"	3
"F121_PCR14_R11_pooled-GACTGCCA.TCGGTACT"	3
"F121_PCR14_R11_pooled-GACTGCCA.TCGTGAAG"	2
"F121_PCR14_R11_pooled-GACTGCCA.TCTACATG"	3
"F121_PCR14_R11_pooled-GACTGCCA.TCTTAGTC"	3
"F121_PCR14_R11_pooled-GACTGCCA.TGAGGCAA"	3
"F121_PCR14_R11_pooled-GACTGCCA.TTCTCGAG"	4
"F121_PCR14_R11_pooled-GCGCACAT.ACTTGATA"	1
"F121_PCR14_R11_pooled-GCGCACAT.AGCAACCT"	3
"F121_PCR14_R11_pooled-GCGCACAT.CAGCATAT"	3
"F121_PCR14_R11_pooled-GCGCACAT.CAGTCCAA"	4
"F121_PCR14_R11_pooled-GCGCACAT.CGAATTGC"	3
"F121_PCR14_R11_pooled-GCGCACAT.CGCTTAAT"	3
"F121_PCR14_R11_pooled-GCGCACAT.CGTTACTT"	3
"F121_PCR14_R11_pooled-GCGCACAT.GATGATCC"	4
"F121_PCR14_R11_pooled-GCGCACAT.GATTCTTA"	3
"F121_PCR14_R11_pooled-GCGCACAT.GGATTGCT"	3
"F121_PCR14_R11_pooled-GCGCACAT.TACCGGAA"	3
"F121_PCR14_R11_pooled-GCGCACAT.TATCGCTC"	2
"F121_PCR14_R11_pooled-GCGCACAT.TCAAGCCT"	3
"F121_PCR14_R11_pooled-GCGCACAT.TCTTAGTC"	3
"F121_PCR14_R11_pooled-GCGCACAT.TGTCTGCA"	4
"F121_PCR14_R11_pooled-GCTAGTCG.AACGTCAG"	3
"F121_PCR14_R11_pooled-GCTAGTCG.ACCTCTTG"	4
"F121_PCR14_R11_pooled-GCTAGTCG.ACGTGTGT"	3
"F121_PCR14_R11_pooled-GCTAGTCG.ATCCGATT"	4
"F121_PCR14_R11_pooled-GCTAGTCG.ATGCTTAA"	3
"F121_PCR14_R11_pooled-GCTAGTCG.CATTGAGT"	2
"F121_PCR14_R11_pooled-GCTAGTCG.CGCCAATA"	2
"F121_PCR14_R11_pooled-GCTAGTCG.GATTCTTA"	4
"F121_PCR14_R11_pooled-GCTAGTCG.GCTAACGA"	2
"F121_PCR14_R11_pooled-GCTAGTCG.GTAGACAC"	4
"F121_PCR14_R11_pooled-GCTAGTCG.TAATTACG"	4
"F121_PCR14_R11_pooled-GCTAGTCG.TAGGAGAC"	4
"F121_PCR14_R11_pooled-GCTAGTCG.TCAAGCCT"	4
"F121_PCR14_R11_pooled-GCTAGTCG.TGACCTTG"	3
"F121_PCR14_R11_pooled-GGACGACA.AACGCGTA"	3
"F121_PCR14_R11_pooled-GGACGACA.CATGTCCA"	3
"F121_PCR14_R11_pooled-GGACGACA.CTACTAGG"	3
"F121_PCR14_R11_pooled-GGACGACA.GGATTGCT"	3
"F121_PCR14_R11_pooled-GGACGACA.GTAGACAC"	3
"F121_PCR14_R11_pooled-GGACGACA.GTATCTAT"	3
"F121_PCR14_R11_pooled-GGACGACA.GTGACTTG"	4
"F121_PCR14_R11_pooled-GGACGACA.TACCGGAA"	2
"F121_PCR14_R11_pooled-GGACGACA.TCACTGAG"	3
"F121_PCR14_R11_pooled-GGACGACA.TGCAGTGA"	3
"F121_PCR14_R11_pooled-GGACGACA.TGGCAGTT"	3
"F121_PCR14_R11_pooled-GGACGACA.TGGTTATC"	2
"F121_PCR14_R11_pooled-GGACGACA.TGTCTGCA"	3
"F121_PCR14_R11_pooled-GGCGCTCA.AAGAGCTG"	3
"F121_PCR14_R11_pooled-GGCGCTCA.AATCAGAG"	3
"F121_PCR14_R11_pooled-GGCGCTCA.ACAGACTG"	3
"F121_PCR14_R11_pooled-GGCGCTCA.ACTCTACG"	2
"F121_PCR14_R11_pooled-GGCGCTCA.ACTTGATA"	3
"F121_PCR14_R11_pooled-GGCGCTCA.CTGTCATT"	3
"F121_PCR14_R11_pooled-GGCGCTCA.CTTGGTTA"	3
"F121_PCR14_R11_pooled-GGCGCTCA.GATGATCC"	3
"F121_PCR14_R11_pooled-GGCGCTCA.GATTCTTA"	3
"F121_PCR14_R11_pooled-GGCGCTCA.GCAGGATT"	4
"F121_PCR14_R11_pooled-GGCGCTCA.GTATCTAT"	3
"F121_PCR14_R11_pooled-GGCGCTCA.TAGGAGAC"	3
"F121_PCR14_R11_pooled-GGCGCTCA.TCCGTCTA"	1
"F121_PCR14_R11_pooled-GGCGCTCA.TCGGTACT"	3
"F121_PCR14_R11_pooled-GGCGCTCA.TCGTGAAG"	3
"F121_PCR14_R11_pooled-GGCGCTCA.TGAGGCAA"	4
"F121_PCR14_R11_pooled-GGTGCCTT.AACGTCAG"	4
"F121_PCR14_R11_pooled-GGTGCCTT.AGCAACCT"	4
"F121_PCR14_R11_pooled-GGTGCCTT.ATATCAGA"	3
"F121_PCR14_R11_pooled-GGTGCCTT.CATTGAGT"	2
"F121_PCR14_R11_pooled-GGTGCCTT.CTAGTGAA"	3
"F121_PCR14_R11_pooled-GGTGCCTT.TCGTGAAG"	4
"F121_PCR14_R11_pooled-GGTGCCTT.TCTTAGTC"	3
"F121_PCR14_R11_pooled-GTGGCTGT.AACGTCAG"	3
"F121_PCR14_R11_pooled-GTGGCTGT.AAGAGCTG"	4
"F121_PCR14_R11_pooled-GTGGCTGT.ACCTCTTG"	3
"F121_PCR14_R11_pooled-GTGGCTGT.ACTCTACG"	3
"F121_PCR14_R11_pooled-GTGGCTGT.ACTGCTAC"	4
"F121_PCR14_R11_pooled-GTGGCTGT.ACTGTGGA"	3
"F121_PCR14_R11_pooled-GTGGCTGT.AGCAACCT"	3
"F121_PCR14_R11_pooled-GTGGCTGT.AGCATATG"	2
"F121_PCR14_R11_pooled-GTGGCTGT.AGTTATGC"	4
"F121_PCR14_R11_pooled-GTGGCTGT.ATACATGT"	3
"F121_PCR14_R11_pooled-GTGGCTGT.ATCCGATT"	3
"F121_PCR14_R11_pooled-GTGGCTGT.CACTAGCT"	3
"F121_PCR14_R11_pooled-GTGGCTGT.CATTGAGT"	2
"F121_PCR14_R11_pooled-GTGGCTGT.CCATGGAT"	3
"F121_PCR14_R11_pooled-GTGGCTGT.CCTTATAG"	4
"F121_PCR14_R11_pooled-GTGGCTGT.CGAATTGC"	3
"F121_PCR14_R11_pooled-GTGGCTGT.CGATGACA"	3
"F121_PCR14_R11_pooled-GTGGCTGT.CTTGGTTA"	4
"F121_PCR14_R11_pooled-GTGGCTGT.GATTCTTA"	3
"F121_PCR14_R11_pooled-GTGGCTGT.GCCATTAA"	3
"F121_PCR14_R11_pooled-GTGGCTGT.GCTAACGA"	4
"F121_PCR14_R11_pooled-GTGGCTGT.TACTAAGC"	3
"F121_PCR14_R11_pooled-GTGGCTGT.TATCGCTC"	3
"F121_PCR14_R11_pooled-GTGGCTGT.TCAAGCCT"	3
"F121_PCR14_R11_pooled-GTGGCTGT.TCGTGAAG"	3
"F121_PCR14_R11_pooled-GTGGCTGT.TTCTCGAG"	3
"F121_PCR14_R11_pooled-TCCGACGC.AGAGTGTC"	3
"F121_PCR14_R11_pooled-TCCGACGC.AGCAACCT"	4
"F121_PCR14_R11_pooled-TCCGACGC.AGTTATGC"	3
"F121_PCR14_R11_pooled-TCCGACGC.ATACATGT"	3
"F121_PCR14_R11_pooled-TCCGACGC.CAGCATAT"	4
"F121_PCR14_R11_pooled-TCCGACGC.CGAATTGC"	3
"F121_PCR14_R11_pooled-TCCGACGC.GAACTATA"	3
"F121_PCR14_R11_pooled-TCCGACGC.GAGTACGT"	3
"F121_PCR14_R11_pooled-TCCGACGC.GATGATCC"	2
"F121_PCR14_R11_pooled-TCCGACGC.GTAGACAC"	4
"F121_PCR14_R11_pooled-TCCGACGC.TACTAAGC"	4
"F121_PCR14_R11_pooled-TCCGACGC.TATCTTGT"	3
"F121_PCR14_R11_pooled-TCCGACGC.TCAAGCCT"	4
"F121_PCR14_R11_pooled-TCCGACGC.TCGTGAAG"	3
"F121_PCR14_R11_pooled-TCGTGGAC.ACGAAGAT"	3
"F121_PCR14_R11_pooled-TCGTGGAC.ATATCAGA"	4
"F121_PCR14_R11_pooled-TCGTGGAC.CTGATTCT"	3
"F121_PCR14_R11_pooled-TCGTGGAC.GATGATCC"	3
"F121_PCR14_R11_pooled-TCGTGGAC.GCCATTAA"	2
"F121_PCR14_R11_pooled-TCGTGGAC.TAATTACG"	3
"F121_PCR14_R11_pooled-TCGTGGAC.TAGGAGAC"	3
"F121_PCR14_R11_pooled-TCGTGGAC.TCTTAGTC"	3
"F121_PCR14_R11_pooled-TCGTGGAC.TGTCTGCA"	4
"F121_PCR14_R11_pooled-TCGTGGAC.TTCGCTCA"	3
"F121_PCR14_R11_pooled-TGACTGCG.AACGTCAG"	3
"F121_PCR14_R11_pooled-TGACTGCG.ACGTGTGT"	4
"F121_PCR14_R11_pooled-TGACTGCG.AGAGTGTC"	3
"F121_PCR14_R11_pooled-TGACTGCG.AGCAACCT"	4
"F121_PCR14_R11_pooled-TGACTGCG.AGTCGTAT"	3
"F121_PCR14_R11_pooled-TGACTGCG.ATACATGT"	3
"F121_PCR14_R11_pooled-TGACTGCG.CACATGGA"	3
"F121_PCR14_R11_pooled-TGACTGCG.CTTGGTTA"	3
"F121_PCR14_R11_pooled-TGACTGCG.GTGTAGCA"	4
"F121_PCR14_R11_pooled-TGACTGCG.TAATTACG"	3
"F121_PCR14_R11_pooled-TGACTGCG.TACTAAGC"	3
"F121_PCR14_R11_pooled-TGACTGCG.TAGGAGAC"	3
"F121_PCR14_R11_pooled-TGACTGCG.TATCTTGT"	4
"F121_PCR14_R11_pooled-TGACTGCG.TCAGATGC"	3
"F121_PCR14_R11_pooled-TGACTGCG.TCTACATG"	3
"F121_PCR14_R11_pooled-TGACTGCG.TGAGGCAA"	2
"F121_PCR14_R11_pooled-TGCTGGTG.AGTTATGC"	3
"F121_PCR14_R11_pooled-TGCTGGTG.CCTTATAG"	3
"F121_PCR14_R11_pooled-TGCTGGTG.CTAGTGAA"	3
"F121_PCR14_R11_pooled-TGCTGGTG.CTTGGTTA"	3
"F121_PCR14_R11_pooled-TGCTGGTG.GGATTGCT"	2
"F121_PCR14_R11_pooled-TGCTGGTG.GTCCATTC"	3
"F121_PCR14_R11_pooled-TGCTGGTG.TAATTACG"	3
"F121_PCR14_R11_pooled-TGCTGGTG.TAGGAGAC"	4
"F121_PCR14_R11_pooled-TGCTGGTG.TATCGCTC"	2
"F121_PCR14_R11_pooled-TGCTGGTG.TCCGTCTA"	2
"F121_PCR14_R11_pooled-TGCTGGTG.TCGCATCA"	3
"F121_PCR14_R11_pooled-TGCTGGTG.TCTACATG"	3
"F121_PCR14_R11_pooled-TGCTGGTG.TCTTAGTC"	4
"F121_PCR14_R11_pooled-TGCTGGTG.TGTAATCG"	4
"F121_PCR14_R11_pooled-TGGAGAGG.ACTGTGGA"	4
"F121_PCR14_R11_pooled-TGGAGAGG.AGCAACCT"	4
"F121_PCR14_R11_pooled-TGGAGAGG.AGCATATG"	3
"F121_PCR14_R11_pooled-TGGAGAGG.CGAATTGC"	4
"F121_PCR14_R11_pooled-TGGAGAGG.CGATGACA"	4
"F121_PCR14_R11_pooled-TGGAGAGG.CTGATTCT"	3
"F121_PCR14_R11_pooled-TGGAGAGG.CTTAGAAG"	3
"F121_PCR14_R11_pooled-TGGAGAGG.CTTGGTTA"	4
"F121_PCR14_R11_pooled-TGGAGAGG.GAGTACGT"	4
"F121_PCR14_R11_pooled-TGGAGAGG.GATATAAC"	3
"F121_PCR14_R11_pooled-TGGAGAGG.GTATCTAT"	3
"F121_PCR14_R11_pooled-TGGAGAGG.TAGGAGAC"	3
"F121_PCR14_R11_pooled-TGGAGAGG.TATCTTGT"	2
"F121_PCR14_R11_pooled-TGGAGAGG.TCGCATCA"	3
"F121_PCR14_R11_pooled-TGGAGAGG.TCTACATG"	3
"F121_PCR14_R11_pooled-TGGAGAGG.TGACCTTG"	3
"F121_PCR14_R11_pooled-TGGAGAGG.TGGTTATC"	3
"F121_PCR14_R11_pooled-TGGAGAGG.TGTAATCG"	3
"F121_PCR14_R11_pooled-TGGAGAGG.TTCGCTCA"	4
"F121_PCR14_R7_pooled-ACCACCAC.AACGCGTA"	3
"F121_PCR14_R7_pooled-ACCACCAC.ACTCTACG"	2
"F121_PCR14_R7_pooled-ACCACCAC.ACTGCTAC"	2
"F121_PCR14_R7_pooled-ACCACCAC.ATCGACGA"	3
"F121_PCR14_R7_pooled-ACCACCAC.ATTACGCT"	4
"F121_PCR14_R7_pooled-ACCACCAC.CAAGCTGA"	3
"F121_PCR14_R7_pooled-ACCACCAC.CACATGGA"	4
"F121_PCR14_R7_pooled-ACCACCAC.CAGTCCAA"	4
"F121_PCR14_R7_pooled-ACCACCAC.CGCTTAAT"	3
"F121_PCR14_R7_pooled-ACCACCAC.CGTTACTT"	3
"F121_PCR14_R7_pooled-ACCACCAC.GGTGTCAT"	3
"F121_PCR14_R7_pooled-ACCACCAC.GTAGACAC"	3
"F121_PCR14_R7_pooled-ACCACCAC.TATCGCTC"	4
"F121_PCR14_R7_pooled-ACCACCAC.TCGGTACT"	3
"F121_PCR14_R7_pooled-ACCACCAC.TGAGGCAA"	1
"F121_PCR14_R7_pooled-ACCACCAC.TGTCTGCA"	4
"F121_PCR14_R7_pooled-ACCACCAC.TTAACGTC"	4
"F121_PCR14_R7_pooled-ACCACCAC.TTCTCGAG"	4
"F121_PCR14_R7_pooled-AGCGTCTC.ACTCTACG"	4
"F121_PCR14_R7_pooled-AGCGTCTC.ATCCGATT"	4
"F121_PCR14_R7_pooled-AGCGTCTC.ATCGACGA"	3
"F121_PCR14_R7_pooled-AGCGTCTC.ATTACGCT"	3
"F121_PCR14_R7_pooled-AGCGTCTC.CAAGCTGA"	3
"F121_PCR14_R7_pooled-AGCGTCTC.CGATGACA"	4
"F121_PCR14_R7_pooled-AGCGTCTC.CTGTCATT"	3
"F121_PCR14_R7_pooled-AGCGTCTC.GCAGGATT"	4
"F121_PCR14_R7_pooled-AGCGTCTC.GGATTGCT"	4
"F121_PCR14_R7_pooled-AGCGTCTC.GTGTAGCA"	3
"F121_PCR14_R7_pooled-AGCGTCTC.TACTAAGC"	3
"F121_PCR14_R7_pooled-AGCGTCTC.TATCTTGT"	3
"F121_PCR14_R7_pooled-AGCGTCTC.TCCGTCTA"	3
"F121_PCR14_R7_pooled-AGCGTCTC.TCGGTACT"	3
"F121_PCR14_R7_pooled-AGCGTCTC.TGAGGCAA"	1
"F121_PCR14_R7_pooled-AGCGTCTC.TGCAGTGA"	4
"F121_PCR14_R7_pooled-AGGCTCAG.AACGCGTA"	3
"F121_PCR14_R7_pooled-AGGCTCAG.AGCAACCT"	3
"F121_PCR14_R7_pooled-AGGCTCAG.AGGTCTCA"	3
"F121_PCR14_R7_pooled-AGGCTCAG.ATACATGT"	3
"F121_PCR14_R7_pooled-AGGCTCAG.CACATGGA"	3
"F121_PCR14_R7_pooled-AGGCTCAG.CGCTTAAT"	3
"F121_PCR14_R7_pooled-AGGCTCAG.CGTACGTA"	4
"F121_PCR14_R7_pooled-AGGCTCAG.CTGTCATT"	3
"F121_PCR14_R7_pooled-AGGCTCAG.GATTCTTA"	4
"F121_PCR14_R7_pooled-AGGCTCAG.GCCATTAA"	4
"F121_PCR14_R7_pooled-AGGCTCAG.TAATTACG"	3
"F121_PCR14_R7_pooled-AGGCTCAG.TCGTGAAG"	3
"F121_PCR14_R7_pooled-AGGCTCAG.TTCTCGAG"	1
"F121_PCR14_R7_pooled-AGTACGCG.ACGAAGAT"	4
"F121_PCR14_R7_pooled-AGTACGCG.CAGTCCAA"	2
"F121_PCR14_R7_pooled-AGTACGCG.CATGTCCA"	3
"F121_PCR14_R7_pooled-AGTACGCG.CGCCAATA"	3
"F121_PCR14_R7_pooled-AGTACGCG.GATTCTTA"	3
"F121_PCR14_R7_pooled-AGTACGCG.GTAGACAC"	4
"F121_PCR14_R7_pooled-AGTACGCG.GTATCTAT"	3
"F121_PCR14_R7_pooled-AGTACGCG.TCGGTACT"	3
"F121_PCR14_R7_pooled-AGTACGCG.TGACCTTG"	4
"F121_PCR14_R7_pooled-AGTACGCG.TGGTTATC"	3
"F121_PCR14_R7_pooled-AGTACGCG.TGTAATCG"	3
"F121_PCR14_R7_pooled-AGTACGCG.TGTCTGCA"	2
"F121_PCR14_R7_pooled-AGTACGCG.TTGACCAT"	2
"F121_PCR14_R7_pooled-AGTGGTGC.AAGAGCTG"	3
"F121_PCR14_R7_pooled-AGTGGTGC.ACAGACTG"	3
"F121_PCR14_R7_pooled-AGTGGTGC.ACTGTGGA"	2
"F121_PCR14_R7_pooled-AGTGGTGC.AGCATATG"	4
"F121_PCR14_R7_pooled-AGTGGTGC.ATTACGCT"	3
"F121_PCR14_R7_pooled-AGTGGTGC.CACATGGA"	4
"F121_PCR14_R7_pooled-AGTGGTGC.CGAATTGC"	2
"F121_PCR14_R7_pooled-AGTGGTGC.CTACTAGG"	3
"F121_PCR14_R7_pooled-AGTGGTGC.CTTAGAAG"	4
"F121_PCR14_R7_pooled-AGTGGTGC.GTCATAGT"	3
"F121_PCR14_R7_pooled-AGTGGTGC.TAATTACG"	2
"F121_PCR14_R7_pooled-AGTGGTGC.TACTAAGC"	3
"F121_PCR14_R7_pooled-AGTGGTGC.TAGGAGAC"	3
"F121_PCR14_R7_pooled-AGTGGTGC.TATCGCTC"	3
"F121_PCR14_R7_pooled-AGTGGTGC.TCAGATGC"	2
"F121_PCR14_R7_pooled-AGTGGTGC.TCGTGAAG"	2
"F121_PCR14_R7_pooled-AGTGGTGC.TGCAGTGA"	3
"F121_PCR14_R7_pooled-AGTGGTGC.TGTCTGCA"	4
"F121_PCR14_R7_pooled-CAACGCCG.AACGCGTA"	3
"F121_PCR14_R7_pooled-CAACGCCG.ACAGACTG"	3
"F121_PCR14_R7_pooled-CAACGCCG.ACCTCTTG"	3
"F121_PCR14_R7_pooled-CAACGCCG.ACGTGTGT"	4
"F121_PCR14_R7_pooled-CAACGCCG.AGCAACCT"	3
"F121_PCR14_R7_pooled-CAACGCCG.ATTACGCT"	2
"F121_PCR14_R7_pooled-CAACGCCG.CTTAGAAG"	4
"F121_PCR14_R7_pooled-CAACGCCG.GAGTACGT"	4
"F121_PCR14_R7_pooled-CAACGCCG.GATATAAC"	4
"F121_PCR14_R7_pooled-CAACGCCG.TCGCATCA"	3
"F121_PCR14_R7_pooled-CAACGCCG.TCGGTACT"	4
"F121_PCR14_R7_pooled-CAACGCCG.TGAGGCAA"	3
"F121_PCR14_R7_pooled-CAACGCCG.TGGTTATC"	3
"F121_PCR14_R7_pooled-CAACGCCG.TGTAATCG"	3
"F121_PCR14_R7_pooled-CAACGCCG.TTAATCGA"	3
"F121_PCR14_R7_pooled-CAACGCCG.TTCGCTCA"	3
"F121_PCR14_R7_pooled-CACCGTGA.AACGTCAG"	2
"F121_PCR14_R7_pooled-CACCGTGA.AAGAGCTG"	4
"F121_PCR14_R7_pooled-CACCGTGA.ACAGACTG"	4
"F121_PCR14_R7_pooled-CACCGTGA.ACTGCTAC"	3
"F121_PCR14_R7_pooled-CACCGTGA.ACTTGATA"	4
"F121_PCR14_R7_pooled-CACCGTGA.AGAGTGTC"	3
"F121_PCR14_R7_pooled-CACCGTGA.ATATCAGA"	3
"F121_PCR14_R7_pooled-CACCGTGA.ATTACGCT"	4
"F121_PCR14_R7_pooled-CACCGTGA.CATTGAGT"	3
"F121_PCR14_R7_pooled-CACCGTGA.CGTTACTT"	4
"F121_PCR14_R7_pooled-CACCGTGA.GAGTACGT"	4
"F121_PCR14_R7_pooled-CACCGTGA.GCTAACGA"	4
"F121_PCR14_R7_pooled-CACCGTGA.GGATTGCT"	3
"F121_PCR14_R7_pooled-CACCGTGA.GTCATAGT"	2
"F121_PCR14_R7_pooled-CACCGTGA.TAATTACG"	3
"F121_PCR14_R7_pooled-CACCGTGA.TATCGCTC"	4
"F121_PCR14_R7_pooled-CACCGTGA.TCAGATGC"	4
"F121_PCR14_R7_pooled-CACCGTGA.TCGTGAAG"	3
"F121_PCR14_R7_pooled-CACCGTGA.TTCGCTCA"	3
"F121_PCR14_R7_pooled-CATAGCGC.AATCAGAG"	3
"F121_PCR14_R7_pooled-CATAGCGC.ACAGACTG"	4
"F121_PCR14_R7_pooled-CATAGCGC.ACGTTCAC"	3
"F121_PCR14_R7_pooled-CATAGCGC.AGAGTGTC"	4
"F121_PCR14_R7_pooled-CATAGCGC.AGTCGTAT"	3
"F121_PCR14_R7_pooled-CATAGCGC.AGTTATGC"	2
"F121_PCR14_R7_pooled-CATAGCGC.CCATGGAT"	4
"F121_PCR14_R7_pooled-CATAGCGC.CGTACGTA"	3
"F121_PCR14_R7_pooled-CATAGCGC.GAACTATA"	3
"F121_PCR14_R7_pooled-CATAGCGC.GAGTACGT"	4
"F121_PCR14_R7_pooled-CATAGCGC.GATTCTTA"	4
"F121_PCR14_R7_pooled-CATAGCGC.GCCATTAA"	3
"F121_PCR14_R7_pooled-CATAGCGC.GGATTGCT"	4
"F121_PCR14_R7_pooled-CATAGCGC.GTAGTTCG"	3
"F121_PCR14_R7_pooled-CATAGCGC.GTTCCGAA"	3
"F121_PCR14_R7_pooled-CATAGCGC.TATCGCTC"	2
"F121_PCR14_R7_pooled-CATAGCGC.TCCGTCTA"	3
"F121_PCR14_R7_pooled-CATAGCGC.TTGACCAT"	3
"F121_PCR14_R7_pooled-CCGCTACG.CTAGTGAA"	3
"F121_PCR14_R7_pooled-CCGCTACG.CTTGGTTA"	3
"F121_PCR14_R7_pooled-CCGCTACG.GATGATCC"	2
"F121_PCR14_R7_pooled-CCGCTACG.GCCATTAA"	1
"F121_PCR14_R7_pooled-CCGCTACG.GTTCCGAA"	4
"F121_PCR14_R7_pooled-CCGCTACG.TACCGGAA"	3
"F121_PCR14_R7_pooled-CCGCTACG.TTGACCAT"	2
"F121_PCR14_R7_pooled-CGCGCAAT.ACGTGTGT"	3
"F121_PCR14_R7_pooled-CGCGCAAT.ACTCTACG"	2
"F121_PCR14_R7_pooled-CGCGCAAT.AGTCGTAT"	2
"F121_PCR14_R7_pooled-CGCGCAAT.ATACATGT"	3
"F121_PCR14_R7_pooled-CGCGCAAT.CACTGTAC"	4
"F121_PCR14_R7_pooled-CGCGCAAT.CATGTCCA"	4
"F121_PCR14_R7_pooled-CGCGCAAT.CGAATTGC"	3
"F121_PCR14_R7_pooled-CGCGCAAT.CGTTACTT"	2
"F121_PCR14_R7_pooled-CGCGCAAT.CTTGGTTA"	3
"F121_PCR14_R7_pooled-CGCGCAAT.GCAGGATT"	4
"F121_PCR14_R7_pooled-CGCGCAAT.GCCATTAA"	3
"F121_PCR14_R7_pooled-CTCGCCGA.AAGCCATC"	4
"F121_PCR14_R7_pooled-CTCGCCGA.ACTCTACG"	4
"F121_PCR14_R7_pooled-CTCGCCGA.ACTGTGGA"	3
"F121_PCR14_R7_pooled-CTCGCCGA.CAGCATAT"	3
"F121_PCR14_R7_pooled-CTCGCCGA.CATGTCCA"	3
"F121_PCR14_R7_pooled-CTCGCCGA.CGAATTGC"	2
"F121_PCR14_R7_pooled-CTCGCCGA.GAACTATA"	1
"F121_PCR14_R7_pooled-CTCGCCGA.GCCATTAA"	3
"F121_PCR14_R7_pooled-CTCGCCGA.GGATTGCT"	2
"F121_PCR14_R7_pooled-CTCGCCGA.GGTGTCAT"	4
"F121_PCR14_R7_pooled-CTCGCCGA.GTAGACAC"	3
"F121_PCR14_R7_pooled-CTCGCCGA.GTATCTAT"	3
"F121_PCR14_R7_pooled-CTCGCCGA.TCACTGAG"	4
"F121_PCR14_R7_pooled-CTCGCCGA.TCGCATCA"	3
"F121_PCR14_R7_pooled-CTCGCCGA.TGCAGTGA"	4
"F121_PCR14_R7_pooled-CTCGCCGA.TGTAATCG"	2
"F121_PCR14_R7_pooled-CTCGCCGA.TTAACGTC"	4
"F121_PCR14_R7_pooled-GACTGCCA.AAGCCATC"	3
"F121_PCR14_R7_pooled-GACTGCCA.AGTCGTAT"	4
"F121_PCR14_R7_pooled-GACTGCCA.ATACGCCA"	4
"F121_PCR14_R7_pooled-GACTGCCA.CAGCATAT"	2
"F121_PCR14_R7_pooled-GACTGCCA.CATGTCCA"	3
"F121_PCR14_R7_pooled-GACTGCCA.CCATGGAT"	3
"F121_PCR14_R7_pooled-GACTGCCA.CGATGACA"	4
"F121_PCR14_R7_pooled-GACTGCCA.CGCCAATA"	3
"F121_PCR14_R7_pooled-GACTGCCA.GATTCTTA"	3
"F121_PCR14_R7_pooled-GACTGCCA.GATTGCAG"	3
"F121_PCR14_R7_pooled-GACTGCCA.GTAGACAC"	3
"F121_PCR14_R7_pooled-GACTGCCA.TACCGGAA"	4
"F121_PCR14_R7_pooled-GACTGCCA.TAGGAGAC"	3
"F121_PCR14_R7_pooled-GACTGCCA.TCAGATGC"	2
"F121_PCR14_R7_pooled-GACTGCCA.TCGGTACT"	2
"F121_PCR14_R7_pooled-GACTGCCA.TCTACATG"	3
"F121_PCR14_R7_pooled-GACTGCCA.TGTAATCG"	3
"F121_PCR14_R7_pooled-GCGCACAT.AACGTCAG"	3
"F121_PCR14_R7_pooled-GCGCACAT.AAGAGCTG"	4
"F121_PCR14_R7_pooled-GCGCACAT.ACGAAGAT"	4
"F121_PCR14_R7_pooled-GCGCACAT.ACTGTGGA"	3
"F121_PCR14_R7_pooled-GCGCACAT.ACTTGATA"	3
"F121_PCR14_R7_pooled-GCGCACAT.AGAGTGTC"	3
"F121_PCR14_R7_pooled-GCGCACAT.CAGCATAT"	4
"F121_PCR14_R7_pooled-GCGCACAT.CCATGGAT"	3
"F121_PCR14_R7_pooled-GCGCACAT.CTGTCATT"	3
"F121_PCR14_R7_pooled-GCGCACAT.CTTGGTTA"	3
"F121_PCR14_R7_pooled-GCGCACAT.GATATAAC"	3
"F121_PCR14_R7_pooled-GCGCACAT.GATTGCAG"	4
"F121_PCR14_R7_pooled-GCGCACAT.GGATTGCT"	2
"F121_PCR14_R7_pooled-GCGCACAT.GGTGTCAT"	3
"F121_PCR14_R7_pooled-GCGCACAT.GTCATAGT"	2
"F121_PCR14_R7_pooled-GCGCACAT.TCGCATCA"	3
"F121_PCR14_R7_pooled-GCGCACAT.TCTACATG"	3
"F121_PCR14_R7_pooled-GCGCACAT.TGACCTTG"	4
"F121_PCR14_R7_pooled-GCGCACAT.TGCAGTGA"	4
"F121_PCR14_R7_pooled-GCGCACAT.TGTCTGCA"	4
"F121_PCR14_R7_pooled-GCGCACAT.TTAATCGA"	4
"F121_PCR14_R7_pooled-GCTAGTCG.AACGTCAG"	3
"F121_PCR14_R7_pooled-GCTAGTCG.AAGCCATC"	1
"F121_PCR14_R7_pooled-GCTAGTCG.AGAGTGTC"	3
"F121_PCR14_R7_pooled-GCTAGTCG.AGCAACCT"	3
"F121_PCR14_R7_pooled-GCTAGTCG.AGTCGTAT"	4
"F121_PCR14_R7_pooled-GCTAGTCG.ATACATGT"	2
"F121_PCR14_R7_pooled-GCTAGTCG.ATATCAGA"	3
"F121_PCR14_R7_pooled-GCTAGTCG.CAAGCTGA"	3
"F121_PCR14_R7_pooled-GCTAGTCG.CCTTATAG"	3
"F121_PCR14_R7_pooled-GCTAGTCG.CGCTTAAT"	3
"F121_PCR14_R7_pooled-GCTAGTCG.CTAGTGAA"	3
"F121_PCR14_R7_pooled-GCTAGTCG.CTTGGTTA"	4
"F121_PCR14_R7_pooled-GCTAGTCG.GATATAAC"	3
"F121_PCR14_R7_pooled-GCTAGTCG.GGATTGCT"	3
"F121_PCR14_R7_pooled-GCTAGTCG.GTTCCGAA"	4
"F121_PCR14_R7_pooled-GCTAGTCG.TAATTACG"	3
"F121_PCR14_R7_pooled-GCTAGTCG.TAGGAGAC"	3
"F121_PCR14_R7_pooled-GCTAGTCG.TCGCATCA"	4
"F121_PCR14_R7_pooled-GCTAGTCG.TCGGTACT"	3
"F121_PCR14_R7_pooled-GCTAGTCG.TGTCTGCA"	4
"F121_PCR14_R7_pooled-GCTAGTCG.TTCTCGAG"	2
"F121_PCR14_R7_pooled-GGACGACA.ACGTTCAC"	4
"F121_PCR14_R7_pooled-GGACGACA.ACTGTGGA"	3
"F121_PCR14_R7_pooled-GGACGACA.CAGTCCAA"	3
"F121_PCR14_R7_pooled-GGACGACA.CCATGGAT"	3
"F121_PCR14_R7_pooled-GGACGACA.CGATGACA"	3
"F121_PCR14_R7_pooled-GGACGACA.CGCTTAAT"	3
"F121_PCR14_R7_pooled-GGACGACA.CGTACGTA"	3
"F121_PCR14_R7_pooled-GGACGACA.CTGATTCT"	3
"F121_PCR14_R7_pooled-GGACGACA.GTGACTTG"	4
"F121_PCR14_R7_pooled-GGACGACA.TCAAGCCT"	4
"F121_PCR14_R7_pooled-GGACGACA.TCGCATCA"	2
"F121_PCR14_R7_pooled-GGACGACA.TGAGGCAA"	3
"F121_PCR14_R7_pooled-GGACGACA.TTAATCGA"	3
"F121_PCR14_R7_pooled-GGCGCTCA.ACGAAGAT"	3
"F121_PCR14_R7_pooled-GGCGCTCA.AGTTATGC"	3
"F121_PCR14_R7_pooled-GGCGCTCA.ATCCGATT"	3
"F121_PCR14_R7_pooled-GGCGCTCA.ATTACGCT"	4
"F121_PCR14_R7_pooled-GGCGCTCA.CACTGTAC"	3
"F121_PCR14_R7_pooled-GGCGCTCA.CGTACGTA"	4
"F121_PCR14_R7_pooled-GGCGCTCA.CTGTCATT"	3
"F121_PCR14_R7_pooled-GGCGCTCA.CTTGGTTA"	3
"F121_PCR14_R7_pooled-GGCGCTCA.GATGATCC"	2
"F121_PCR14_R7_pooled-GGCGCTCA.GTAGACAC"	3
"F121_PCR14_R7_pooled-GGCGCTCA.GTGTAGCA"	4
"F121_PCR14_R7_pooled-GGCGCTCA.TACCGGAA"	3
"F121_PCR14_R7_pooled-GGCGCTCA.TACTAAGC"	4
"F121_PCR14_R7_pooled-GGCGCTCA.TCCGTCTA"	4
"F121_PCR14_R7_pooled-GGCGCTCA.TCGGTACT"	3
"F121_PCR14_R7_pooled-GGCGCTCA.TCTACATG"	4
"F121_PCR14_R7_pooled-GGCGCTCA.TGCAGTGA"	3
"F121_PCR14_R7_pooled-GGCGCTCA.TTCGCTCA"	4
"F121_PCR14_R7_pooled-GGCGCTCA.TTCTCGAG"	3
"F121_PCR14_R7_pooled-GGTGCCTT.AAGCCATC"	3
"F121_PCR14_R7_pooled-GGTGCCTT.ACAGACTG"	4
"F121_PCR14_R7_pooled-GGTGCCTT.ACTCTACG"	3
"F121_PCR14_R7_pooled-GGTGCCTT.CACATGGA"	3
"F121_PCR14_R7_pooled-GGTGCCTT.CACTAGCT"	3
"F121_PCR14_R7_pooled-GGTGCCTT.CAGTCCAA"	4
"F121_PCR14_R7_pooled-GGTGCCTT.CCATGGAT"	3
"F121_PCR14_R7_pooled-GGTGCCTT.CTACTAGG"	3
"F121_PCR14_R7_pooled-GGTGCCTT.CTGATTCT"	3
"F121_PCR14_R7_pooled-GGTGCCTT.GATTGCAG"	4
"F121_PCR14_R7_pooled-GGTGCCTT.GGTCAACT"	3
"F121_PCR14_R7_pooled-GGTGCCTT.GTAGACAC"	4
"F121_PCR14_R7_pooled-GGTGCCTT.TAATTACG"	3
"F121_PCR14_R7_pooled-GGTGCCTT.TAGGAGAC"	4
"F121_PCR14_R7_pooled-GGTGCCTT.TCACTGAG"	3
"F121_PCR14_R7_pooled-GGTGCCTT.TCTACATG"	3
"F121_PCR14_R7_pooled-GGTGCCTT.TTAACGTC"	2
"F121_PCR14_R7_pooled-GGTGCCTT.TTAATCGA"	2
"F121_PCR14_R7_pooled-GGTGCCTT.TTGACCAT"	3
"F121_PCR14_R7_pooled-GTGGCTGT.ACGAAGAT"	2
"F121_PCR14_R7_pooled-GTGGCTGT.ACGTGTGT"	3
"F121_PCR14_R7_pooled-GTGGCTGT.ACTGCTAC"	3
"F121_PCR14_R7_pooled-GTGGCTGT.ACTGTGGA"	3
"F121_PCR14_R7_pooled-GTGGCTGT.AGGTCTCA"	3
"F121_PCR14_R7_pooled-GTGGCTGT.ATACATGT"	3
"F121_PCR14_R7_pooled-GTGGCTGT.ATCCGATT"	3
"F121_PCR14_R7_pooled-GTGGCTGT.CACTGTAC"	3
"F121_PCR14_R7_pooled-GTGGCTGT.CAGCATAT"	4
"F121_PCR14_R7_pooled-GTGGCTGT.CATGTCCA"	3
"F121_PCR14_R7_pooled-GTGGCTGT.CGCCAATA"	4
"F121_PCR14_R7_pooled-GTGGCTGT.CGTTACTT"	4
"F121_PCR14_R7_pooled-GTGGCTGT.CTTAGAAG"	4
"F121_PCR14_R7_pooled-GTGGCTGT.GTTCCGAA"	3
"F121_PCR14_R7_pooled-GTGGCTGT.TCAAGCCT"	3
"F121_PCR14_R7_pooled-GTGGCTGT.TCGTGAAG"	2
"F121_PCR14_R7_pooled-GTGGCTGT.TTAATCGA"	4
"F121_PCR14_R7_pooled-TCCGACGC.AAGCCATC"	3
"F121_PCR14_R7_pooled-TCCGACGC.ACGAAGAT"	4
"F121_PCR14_R7_pooled-TCCGACGC.ACGTTCAC"	3
"F121_PCR14_R7_pooled-TCCGACGC.AGCAACCT"	4
"F121_PCR14_R7_pooled-TCCGACGC.AGCATATG"	3
"F121_PCR14_R7_pooled-TCCGACGC.CAGCATAT"	3
"F121_PCR14_R7_pooled-TCCGACGC.CCTTATAG"	2
"F121_PCR14_R7_pooled-TCCGACGC.CGCTTAAT"	3
"F121_PCR14_R7_pooled-TCCGACGC.CGTACGTA"	2
"F121_PCR14_R7_pooled-TCCGACGC.CTGTCATT"	3
"F121_PCR14_R7_pooled-TCCGACGC.CTTAGAAG"	3
"F121_PCR14_R7_pooled-TCCGACGC.GATTCTTA"	4
"F121_PCR14_R7_pooled-TCCGACGC.GCAGGATT"	3
"F121_PCR14_R7_pooled-TCCGACGC.GCCATTAA"	3
"F121_PCR14_R7_pooled-TCCGACGC.GTGTAGCA"	3
"F121_PCR14_R7_pooled-TCCGACGC.TAATTACG"	3
"F121_PCR14_R7_pooled-TCCGACGC.TACTAAGC"	3
"F121_PCR14_R7_pooled-TCCGACGC.TCGCATCA"	2
"F121_PCR14_R7_pooled-TCCGACGC.TCTTAGTC"	3
"F121_PCR14_R7_pooled-TCCGACGC.TGTCTGCA"	3
"F121_PCR14_R7_pooled-TCCGACGC.TTCTCGAG"	3
"F121_PCR14_R7_pooled-TCGTGGAC.AATCAGAG"	4
"F121_PCR14_R7_pooled-TCGTGGAC.ACAGACTG"	3
"F121_PCR14_R7_pooled-TCGTGGAC.ACTGCTAC"	3
"F121_PCR14_R7_pooled-TCGTGGAC.AGCAACCT"	3
"F121_PCR14_R7_pooled-TCGTGGAC.AGTCGTAT"	3
"F121_PCR14_R7_pooled-TCGTGGAC.AGTTATGC"	3
"F121_PCR14_R7_pooled-TCGTGGAC.ATCGACGA"	3
"F121_PCR14_R7_pooled-TCGTGGAC.ATTACGCT"	4
"F121_PCR14_R7_pooled-TCGTGGAC.CAGCATAT"	3
"F121_PCR14_R7_pooled-TCGTGGAC.CGTACGTA"	3
"F121_PCR14_R7_pooled-TCGTGGAC.CTAGTGAA"	3
"F121_PCR14_R7_pooled-TCGTGGAC.GGATTGCT"	3
"F121_PCR14_R7_pooled-TCGTGGAC.GTAGTTCG"	4
"F121_PCR14_R7_pooled-TCGTGGAC.GTCATAGT"	4
"F121_PCR14_R7_pooled-TCGTGGAC.TCAGATGC"	4
"F121_PCR14_R7_pooled-TCGTGGAC.TCCGTCTA"	3
"F121_PCR14_R7_pooled-TCGTGGAC.TCGGTACT"	4
"F121_PCR14_R7_pooled-TCGTGGAC.TCTTAGTC"	3
"F121_PCR14_R7_pooled-TCGTGGAC.TGCAGTGA"	3
"F121_PCR14_R7_pooled-TCGTGGAC.TTCGCTCA"	1
"F121_PCR14_R7_pooled-TGACTGCG.AACGCGTA"	2
"F121_PCR14_R7_pooled-TGACTGCG.ACCTCTTG"	2
"F121_PCR14_R7_pooled-TGACTGCG.ACGTGTGT"	4
"F121_PCR14_R7_pooled-TGACTGCG.AGCATATG"	3
"F121_PCR14_R7_pooled-TGACTGCG.AGTTATGC"	3
"F121_PCR14_R7_pooled-TGACTGCG.CACTGTAC"	3
"F121_PCR14_R7_pooled-TGACTGCG.CATGTCCA"	4
"F121_PCR14_R7_pooled-TGACTGCG.CTGTCATT"	3
"F121_PCR14_R7_pooled-TGACTGCG.CTTAGAAG"	3
"F121_PCR14_R7_pooled-TGACTGCG.GATTCTTA"	4
"F121_PCR14_R7_pooled-TGACTGCG.GCAGGATT"	2
"F121_PCR14_R7_pooled-TGACTGCG.GCTAACGA"	3
"F121_PCR14_R7_pooled-TGACTGCG.GGATTGCT"	3
"F121_PCR14_R7_pooled-TGACTGCG.TGAGGCAA"	3
"F121_PCR14_R7_pooled-TGACTGCG.TGTAATCG"	3
"F121_PCR14_R7_pooled-TGACTGCG.TTAATCGA"	2
"F121_PCR14_R7_pooled-TGCTGGTG.AACGCGTA"	2
"F121_PCR14_R7_pooled-TGCTGGTG.AATCAGAG"	4
"F121_PCR14_R7_pooled-TGCTGGTG.ACGTGTGT"	3
"F121_PCR14_R7_pooled-TGCTGGTG.ACTCTACG"	2
"F121_PCR14_R7_pooled-TGCTGGTG.AGGTCTCA"	2
"F121_PCR14_R7_pooled-TGCTGGTG.ATACATGT"	3
"F121_PCR14_R7_pooled-TGCTGGTG.ATGCTTAA"	3
"F121_PCR14_R7_pooled-TGCTGGTG.CACTGTAC"	4
"F121_PCR14_R7_pooled-TGCTGGTG.CATGTCCA"	3
"F121_PCR14_R7_pooled-TGCTGGTG.CTGATTCT"	3
"F121_PCR14_R7_pooled-TGCTGGTG.CTTGGTTA"	4
"F121_PCR14_R7_pooled-TGCTGGTG.GATTGCAG"	4
"F121_PCR14_R7_pooled-TGCTGGTG.GGTCAACT"	3
"F121_PCR14_R7_pooled-TGCTGGTG.GTGACTTG"	2
"F121_PCR14_R7_pooled-TGCTGGTG.GTGTAGCA"	4
"F121_PCR14_R7_pooled-TGCTGGTG.GTTCCGAA"	3
"F121_PCR14_R7_pooled-TGCTGGTG.TACCGGAA"	3
"F121_PCR14_R7_pooled-TGCTGGTG.TAGGAGAC"	4
"F121_PCR14_R7_pooled-TGCTGGTG.TCGCATCA"	4
"F121_PCR14_R7_pooled-TGCTGGTG.TCGTGAAG"	2
"F121_PCR14_R7_pooled-TGCTGGTG.TCTACATG"	4
"F121_PCR14_R7_pooled-TGCTGGTG.TTCTCGAG"	2
"F121_PCR14_R7_pooled-TGGAGAGG.AACGCGTA"	3
"F121_PCR14_R7_pooled-TGGAGAGG.AAGCCATC"	2
"F121_PCR14_R7_pooled-TGGAGAGG.ACGAAGAT"	3
"F121_PCR14_R7_pooled-TGGAGAGG.ACGTTCAC"	3
"F121_PCR14_R7_pooled-TGGAGAGG.ACTGTGGA"	3
"F121_PCR14_R7_pooled-TGGAGAGG.AGAGTGTC"	3
"F121_PCR14_R7_pooled-TGGAGAGG.AGGTCTCA"	3
"F121_PCR14_R7_pooled-TGGAGAGG.AGTCGTAT"	3
"F121_PCR14_R7_pooled-TGGAGAGG.ATATCAGA"	3
"F121_PCR14_R7_pooled-TGGAGAGG.ATCCGATT"	4
"F121_PCR14_R7_pooled-TGGAGAGG.ATTACGCT"	4
"F121_PCR14_R7_pooled-TGGAGAGG.CACTGTAC"	2
"F121_PCR14_R7_pooled-TGGAGAGG.CCATGGAT"	3
"F121_PCR14_R7_pooled-TGGAGAGG.CTGTCATT"	4
"F121_PCR14_R7_pooled-TGGAGAGG.CTTGGTTA"	3
"F121_PCR14_R7_pooled-TGGAGAGG.GCCATTAA"	3
"F121_PCR14_R7_pooled-TGGAGAGG.GGATTGCT"	3
"F121_PCR14_R7_pooled-TGGAGAGG.GTGTAGCA"	3
"F121_PCR14_R7_pooled-TGGAGAGG.TCGGTACT"	2
"F121_PCR14_R7_pooled-TGGAGAGG.TTCGCTCA"	3
