"R2_lane1-AACGGTCG.AACGCGTA"	3
"R2_lane1-AACGGTCG.AACGTCAG"	4
"R2_lane1-AACGGTCG.AATCAGAG"	1
"R2_lane1-AACGGTCG.ACAGACTG"	2
"R2_lane1-AACGGTCG.AGCATATG"	3
"R2_lane1-AACGGTCG.ATACATGT"	4
"R2_lane1-AACGGTCG.ATCCGATT"	4
"R2_lane1-AACGGTCG.CAAGCTGA"	4
"R2_lane1-AACGGTCG.CCATGGAT"	3
"R2_lane1-AACGGTCG.CGAATTGC"	4
"R2_lane1-AACGGTCG.CGCCAATA"	4
"R2_lane1-AACGGTCG.CGTTACTT"	4
"R2_lane1-AACGGTCG.CTTAGAAG"	4
"R2_lane1-AACGGTCG.CTTGGTTA"	4
"R2_lane1-AACGGTCG.GATTCTTA"	2
"R2_lane1-AACGGTCG.GCAGGATT"	4
"R2_lane1-AACGGTCG.GTAGACAC"	4
"R2_lane1-AACGGTCG.GTCATAGT"	3
"R2_lane1-AACGGTCG.TACCGGAA"	4
"R2_lane1-AACGGTCG.TAGGAGAC"	4
"R2_lane1-AACGGTCG.TCTTAGTC"	4
"R2_lane1-AACGGTCG.TGTCTGCA"	4
"R2_lane1-AACGGTCG.TTAACGTC"	4
"R2_lane1-AACGGTCG.TTCTCGAG"	4
"R2_lane1-AACGGTCG.TTGACCAT"	2
"R2_lane1-AAGCGACC.AAGAGCTG"	1
"R2_lane1-AAGCGACC.ACGTTCAC"	3
"R2_lane1-AAGCGACC.ACTCTACG"	3
"R2_lane1-AAGCGACC.ATACGCCA"	4
"R2_lane1-AAGCGACC.ATATCAGA"	1
"R2_lane1-AAGCGACC.ATTACGCT"	4
"R2_lane1-AAGCGACC.CTGATTCT"	4
"R2_lane1-AAGCGACC.CTTGGTTA"	4
"R2_lane1-AAGCGACC.GCAGGATT"	3
"R2_lane1-AAGCGACC.GTATCTAT"	3
"R2_lane1-AAGCGACC.TCCGTCTA"	4
"R2_lane1-AAGCGACC.TCGGTACT"	1
"R2_lane1-AAGCGACC.TGACCTTG"	1
"R2_lane1-AAGCGACC.TTAATCGA"	1
"R2_lane1-ACACGGAG.AACGCGTA"	4
"R2_lane1-ACACGGAG.AACGTCAG"	3
"R2_lane1-ACACGGAG.ACCTCTTG"	4
"R2_lane1-ACACGGAG.AGCAACCT"	4
"R2_lane1-ACACGGAG.AGTCGTAT"	4
"R2_lane1-ACACGGAG.ATACATGT"	4
"R2_lane1-ACACGGAG.ATACGCCA"	4
"R2_lane1-ACACGGAG.ATCCGATT"	3
"R2_lane1-ACACGGAG.ATGCTTAA"	2
"R2_lane1-ACACGGAG.CCATGGAT"	4
"R2_lane1-ACACGGAG.CTAGTGAA"	4
"R2_lane1-ACACGGAG.CTTAGAAG"	2
"R2_lane1-ACACGGAG.CTTGGTTA"	4
"R2_lane1-ACACGGAG.GCCATTAA"	4
"R2_lane1-ACACGGAG.TAATTACG"	4
"R2_lane1-ACACGGAG.TACTAAGC"	4
"R2_lane1-ACACGGAG.TCGTGAAG"	4
"R2_lane1-ACACGGAG.TGCAGTGA"	3
"R2_lane1-ACACGGAG.TGTCTGCA"	4
"R2_lane1-ACACGGAG.TTAACGTC"	4
"R2_lane1-AGGTGCGA.AACGCGTA"	4
"R2_lane1-AGGTGCGA.AATCAGAG"	4
"R2_lane1-AGGTGCGA.ACGAAGAT"	4
"R2_lane1-AGGTGCGA.ACTTGATA"	4
"R2_lane1-AGGTGCGA.ATATCAGA"	4
"R2_lane1-AGGTGCGA.ATCGACGA"	4
"R2_lane1-AGGTGCGA.ATGCTTAA"	3
"R2_lane1-AGGTGCGA.CAAGCTGA"	3
"R2_lane1-AGGTGCGA.CACATGGA"	3
"R2_lane1-AGGTGCGA.CCATGGAT"	4
"R2_lane1-AGGTGCGA.CTAGTGAA"	4
"R2_lane1-AGGTGCGA.CTTAGAAG"	3
"R2_lane1-AGGTGCGA.CTTGGTTA"	4
"R2_lane1-AGGTGCGA.GATATAAC"	4
"R2_lane1-AGGTGCGA.GATGATCC"	2
"R2_lane1-AGGTGCGA.GATTGCAG"	4
"R2_lane1-AGGTGCGA.GGATTGCT"	4
"R2_lane1-AGGTGCGA.GTCATAGT"	4
"R2_lane1-AGGTGCGA.TACCGGAA"	4
"R2_lane1-AGGTGCGA.TCAAGCCT"	3
"R2_lane1-AGGTGCGA.TCACTGAG"	2
"R2_lane1-AGGTGCGA.TGGTTATC"	3
"R2_lane1-AGGTGCGA.TGTCTGCA"	3
"R2_lane1-AGGTGCGA.TTAACGTC"	2
"R2_lane1-AGGTGCGA.TTAATCGA"	4
"R2_lane1-AGGTGCGA.TTCGCTCA"	4
"R2_lane1-CACGACCT.AAGCCATC"	3
"R2_lane1-CACGACCT.AATCAGAG"	1
"R2_lane1-CACGACCT.ACCTCTTG"	4
"R2_lane1-CACGACCT.ACGAAGAT"	4
"R2_lane1-CACGACCT.ACGTTCAC"	3
"R2_lane1-CACGACCT.ACTGCTAC"	3
"R2_lane1-CACGACCT.AGTCGTAT"	4
"R2_lane1-CACGACCT.CACTAGCT"	4
"R2_lane1-CACGACCT.CAGCATAT"	3
"R2_lane1-CACGACCT.CATGTCCA"	3
"R2_lane1-CACGACCT.CCATGGAT"	3
"R2_lane1-CACGACCT.CGCCAATA"	4
"R2_lane1-CACGACCT.CTACTAGG"	3
"R2_lane1-CACGACCT.CTGATTCT"	4
"R2_lane1-CACGACCT.GATGATCC"	3
"R2_lane1-CACGACCT.GCAGGATT"	4
"R2_lane1-CACGACCT.GCTAACGA"	2
"R2_lane1-CACGACCT.GTGTAGCA"	3
"R2_lane1-CACGACCT.GTTCCGAA"	3
"R2_lane1-CACGACCT.TCAAGCCT"	2
"R2_lane1-CACGACCT.TCCGTCTA"	4
"R2_lane1-CACGACCT.TCTTAGTC"	3
"R2_lane1-CACGACCT.TGGTTATC"	4
"R2_lane1-CACGACCT.TTAACGTC"	4
"R2_lane1-CACGGATC.ATACATGT"	1
"R2_lane1-CACGGATC.CACTGTAC"	4
"R2_lane1-CACGGATC.CGATGACA"	4
"R2_lane1-CACGGATC.CGCCAATA"	2
"R2_lane1-CACGGATC.CTAGTGAA"	4
"R2_lane1-CACGGATC.GTGACTTG"	4
"R2_lane1-CACGGATC.TACTAAGC"	3
"R2_lane1-CACGGATC.TCACTGAG"	4
"R2_lane1-CACGGATC.TCGTGAAG"	2
"R2_lane1-CACGGATC.TGACCTTG"	3
"R2_lane1-CACGGATC.TGGCAGTT"	1
"R2_lane1-CACGGATC.TGGTTATC"	3
"R2_lane1-CGACCGTT.AATCAGAG"	4
"R2_lane1-CGACCGTT.ACTGCTAC"	4
"R2_lane1-CGACCGTT.ATACATGT"	4
"R2_lane1-CGACCGTT.CACATGGA"	2
"R2_lane1-CGACCGTT.CACTAGCT"	4
"R2_lane1-CGACCGTT.CACTGTAC"	4
"R2_lane1-CGACCGTT.CATTGAGT"	4
"R2_lane1-CGACCGTT.CGCCAATA"	1
"R2_lane1-CGACCGTT.CTACTAGG"	4
"R2_lane1-CGACCGTT.CTGATTCT"	4
"R2_lane1-CGACCGTT.CTGTCATT"	4
"R2_lane1-CGACCGTT.CTTAGAAG"	4
"R2_lane1-CGACCGTT.GCCATTAA"	3
"R2_lane1-CGACCGTT.GTGACTTG"	4
"R2_lane1-CGACCGTT.GTGTAGCA"	4
"R2_lane1-CGACCGTT.TACTAAGC"	2
"R2_lane1-CGACCGTT.TCAGATGC"	4
"R2_lane1-CGACCGTT.TGGCAGTT"	4
"R2_lane1-CGACCGTT.TTAACGTC"	4
"R2_lane1-CGGTCGCC.ACGAAGAT"	4
"R2_lane1-CGGTCGCC.ATTACGCT"	1
"R2_lane1-CGGTCGCC.CAAGCTGA"	4
"R2_lane1-CGGTCGCC.CACTGTAC"	4
"R2_lane1-CGGTCGCC.CTACTAGG"	4
"R2_lane1-CGGTCGCC.CTAGTGAA"	4
"R2_lane1-CGGTCGCC.GATATAAC"	4
"R2_lane1-CGGTCGCC.GTCCATTC"	3
"R2_lane1-CGGTCGCC.GTGACTTG"	4
"R2_lane1-CGGTCGCC.TCTTAGTC"	4
"R2_lane1-CGTCTCGT.AAGCCATC"	4
"R2_lane1-CGTCTCGT.ACGTGTGT"	4
"R2_lane1-CGTCTCGT.AGCATATG"	3
"R2_lane1-CGTCTCGT.ATACATGT"	1
"R2_lane1-CGTCTCGT.CGATGACA"	4
"R2_lane1-CGTCTCGT.CGTACGTA"	4
"R2_lane1-CGTCTCGT.CGTTACTT"	4
"R2_lane1-CGTCTCGT.CTGATTCT"	4
"R2_lane1-CGTCTCGT.CTGTCATT"	4
"R2_lane1-CGTCTCGT.CTTAGAAG"	3
"R2_lane1-CGTCTCGT.GTAGACAC"	3
"R2_lane1-CGTCTCGT.TACCGGAA"	3
"R2_lane1-CGTCTCGT.TCTACATG"	3
"R2_lane1-CGTCTCGT.TTAATCGA"	2
"R2_lane1-CTGAGGCA.AACGTCAG"	4
"R2_lane1-CTGAGGCA.AGGTCTCA"	3
"R2_lane1-CTGAGGCA.AGTCGTAT"	1
"R2_lane1-CTGAGGCA.ATACGCCA"	3
"R2_lane1-CTGAGGCA.CGAATTGC"	2
"R2_lane1-CTGAGGCA.CGTACGTA"	2
"R2_lane1-CTGAGGCA.CTGTCATT"	4
"R2_lane1-CTGAGGCA.GATTGCAG"	4
"R2_lane1-CTGAGGCA.GGTGTCAT"	4
"R2_lane1-CTGAGGCA.GTTCCGAA"	2
"R2_lane1-CTGAGGCA.TAATTACG"	2
"R2_lane1-CTGAGGCA.TGAGGCAA"	4
"R2_lane1-CTGAGGCA.TGCAGTGA"	3
"R2_lane1-CTGAGGCA.TGGCAGTT"	4
"R2_lane1-CTGAGGCA.TGTAATCG"	4
"R2_lane1-CTGAGGCA.TTAATCGA"	3
"R2_lane1-CTGAGGCA.TTGACCAT"	3
"R2_lane1-CTGCGTAG.AACGTCAG"	2
"R2_lane1-CTGCGTAG.AAGAGCTG"	4
"R2_lane1-CTGCGTAG.AAGCCATC"	4
"R2_lane1-CTGCGTAG.AGAGTGTC"	4
"R2_lane1-CTGCGTAG.ATATCAGA"	3
"R2_lane1-CTGCGTAG.CGCCAATA"	4
"R2_lane1-CTGCGTAG.CGTACGTA"	1
"R2_lane1-CTGCGTAG.CTTAGAAG"	4
"R2_lane1-CTGCGTAG.GATGATCC"	4
"R2_lane1-CTGCGTAG.GGTGTCAT"	3
"R2_lane1-CTGCGTAG.TAATTACG"	4
"R2_lane1-CTGCGTAG.TCTTAGTC"	3
"R2_lane1-CTGCGTAG.TGCAGTGA"	4
"R2_lane1-CTTGCGTC.AACGTCAG"	4
"R2_lane1-CTTGCGTC.AAGAGCTG"	2
"R2_lane1-CTTGCGTC.ACGTTCAC"	4
"R2_lane1-CTTGCGTC.ACTCTACG"	2
"R2_lane1-CTTGCGTC.ACTTGATA"	4
"R2_lane1-CTTGCGTC.AGCATATG"	2
"R2_lane1-CTTGCGTC.AGGTCTCA"	3
"R2_lane1-CTTGCGTC.AGTCGTAT"	4
"R2_lane1-CTTGCGTC.ATACATGT"	3
"R2_lane1-CTTGCGTC.ATTACGCT"	1
"R2_lane1-CTTGCGTC.CAGCATAT"	4
"R2_lane1-CTTGCGTC.CCATGGAT"	4
"R2_lane1-CTTGCGTC.CCTTATAG"	4
"R2_lane1-CTTGCGTC.CGATGACA"	2
"R2_lane1-CTTGCGTC.CGCCAATA"	1
"R2_lane1-CTTGCGTC.CTGTCATT"	3
"R2_lane1-CTTGCGTC.CTTAGAAG"	4
"R2_lane1-CTTGCGTC.GATTCTTA"	4
"R2_lane1-CTTGCGTC.GATTGCAG"	4
"R2_lane1-CTTGCGTC.GGTGTCAT"	4
"R2_lane1-CTTGCGTC.GTCATAGT"	4
"R2_lane1-CTTGCGTC.GTGTAGCA"	4
"R2_lane1-CTTGCGTC.TCGCATCA"	3
"R2_lane1-CTTGCGTC.TCGGTACT"	2
"R2_lane1-CTTGCGTC.TGAGGCAA"	4
"R2_lane1-CTTGCGTC.TTAATCGA"	3
"R2_lane1-CTTGCGTC.TTGACCAT"	4
"R2_lane1-GATGCAGG.AATCAGAG"	4
"R2_lane1-GATGCAGG.ACGTTCAC"	2
"R2_lane1-GATGCAGG.ACTCTACG"	1
"R2_lane1-GATGCAGG.ACTTGATA"	4
"R2_lane1-GATGCAGG.ATACGCCA"	4
"R2_lane1-GATGCAGG.ATATCAGA"	4
"R2_lane1-GATGCAGG.ATCGACGA"	4
"R2_lane1-GATGCAGG.ATTACGCT"	4
"R2_lane1-GATGCAGG.CACATGGA"	3
"R2_lane1-GATGCAGG.CATGTCCA"	3
"R2_lane1-GATGCAGG.CCTTATAG"	4
"R2_lane1-GATGCAGG.CGAATTGC"	4
"R2_lane1-GATGCAGG.CGATGACA"	4
"R2_lane1-GATGCAGG.CGTTACTT"	2
"R2_lane1-GATGCAGG.GATATAAC"	4
"R2_lane1-GATGCAGG.GATTCTTA"	3
"R2_lane1-GATGCAGG.TAATTACG"	3
"R2_lane1-GATGCAGG.TCAAGCCT"	4
"R2_lane1-GATGCAGG.TCGTGAAG"	4
"R2_lane1-GATGCAGG.TCTACATG"	4
"R2_lane1-GATGCAGG.TGACCTTG"	3
"R2_lane1-GATGCAGG.TGGCAGTT"	3
"R2_lane1-GCACTTCC.AACGTCAG"	4
"R2_lane1-GCACTTCC.AAGAGCTG"	4
"R2_lane1-GCACTTCC.AAGCCATC"	4
"R2_lane1-GCACTTCC.ACGAAGAT"	3
"R2_lane1-GCACTTCC.AGAGTGTC"	4
"R2_lane1-GCACTTCC.AGGTCTCA"	1
"R2_lane1-GCACTTCC.ATACATGT"	4
"R2_lane1-GCACTTCC.ATCGACGA"	4
"R2_lane1-GCACTTCC.CCATGGAT"	4
"R2_lane1-GCACTTCC.CGCCAATA"	3
"R2_lane1-GCACTTCC.CTAGTGAA"	2
"R2_lane1-GCACTTCC.CTGTCATT"	2
"R2_lane1-GCACTTCC.CTTAGAAG"	1
"R2_lane1-GCACTTCC.GATTCTTA"	4
"R2_lane1-GCACTTCC.GGTCAACT"	2
"R2_lane1-GCACTTCC.GTAGACAC"	4
"R2_lane1-GCACTTCC.GTCCATTC"	4
"R2_lane1-GCACTTCC.GTGACTTG"	3
"R2_lane1-GCACTTCC.TAGGAGAC"	4
"R2_lane1-GCACTTCC.TCAAGCCT"	1
"R2_lane1-GCACTTCC.TCCGTCTA"	3
"R2_lane1-GCACTTCC.TCGCATCA"	2
"R2_lane1-GCACTTCC.TCGGTACT"	2
"R2_lane1-GCACTTCC.TCGTGAAG"	2
"R2_lane1-GCACTTCC.TCTTAGTC"	4
"R2_lane1-GCACTTCC.TGCAGTGA"	2
"R2_lane1-GCACTTCC.TTAACGTC"	4
"R2_lane1-GCACTTCC.TTAATCGA"	4
"R2_lane1-GCGTTCTC.ACGAAGAT"	2
"R2_lane1-GCGTTCTC.AGGTCTCA"	4
"R2_lane1-GCGTTCTC.ATATCAGA"	2
"R2_lane1-GCGTTCTC.CACTAGCT"	4
"R2_lane1-GCGTTCTC.CCATGGAT"	4
"R2_lane1-GCGTTCTC.CGCCAATA"	1
"R2_lane1-GCGTTCTC.CGTACGTA"	4
"R2_lane1-GCGTTCTC.CTAGTGAA"	4
"R2_lane1-GCGTTCTC.CTGATTCT"	4
"R2_lane1-GCGTTCTC.GAGTACGT"	4
"R2_lane1-GCGTTCTC.GCTAACGA"	4
"R2_lane1-GCGTTCTC.GTAGTTCG"	1
"R2_lane1-GCGTTCTC.GTCATAGT"	4
"R2_lane1-GCGTTCTC.GTGTAGCA"	4
"R2_lane1-GCGTTCTC.GTTCCGAA"	4
"R2_lane1-GGATACCG.ACGAAGAT"	4
"R2_lane1-GGATACCG.ACTGCTAC"	4
"R2_lane1-GGATACCG.AGTCGTAT"	4
"R2_lane1-GGATACCG.AGTTATGC"	4
"R2_lane1-GGATACCG.CAGCATAT"	3
"R2_lane1-GGATACCG.CGAATTGC"	4
"R2_lane1-GGATACCG.CTACTAGG"	4
"R2_lane1-GGATACCG.CTGATTCT"	4
"R2_lane1-GGATACCG.GGTCAACT"	4
"R2_lane1-GGATACCG.GTCCATTC"	4
"R2_lane1-GGATACCG.TAATTACG"	4
"R2_lane1-GGATACCG.TACCGGAA"	4
"R2_lane1-GGATACCG.TACTAAGC"	4
"R2_lane1-GGATACCG.TAGGAGAC"	1
"R2_lane1-GGATACCG.TCAGATGC"	2
"R2_lane1-GGATACCG.TCCGTCTA"	2
"R2_lane1-GGATACCG.TCGGTACT"	3
"R2_lane1-GGATACCG.TCTACATG"	4
"R2_lane1-GGATACCG.TGAGGCAA"	3
"R2_lane1-GGATACCG.TGTCTGCA"	3
"R2_lane1-GGATACCG.TTCGCTCA"	3
"R2_lane1-GGATACCG.TTCTCGAG"	4
"R2_lane1-GGATACCG.TTGACCAT"	3
"R2_lane1-GGCTCCGC.ACTGTGGA"	1
"R2_lane1-GGCTCCGC.AGTCGTAT"	1
"R2_lane1-GGCTCCGC.ATCCGATT"	4
"R2_lane1-GGCTCCGC.ATCGACGA"	4
"R2_lane1-GGCTCCGC.CACTAGCT"	4
"R2_lane1-GGCTCCGC.CATGTCCA"	4
"R2_lane1-GGCTCCGC.CCATGGAT"	3
"R2_lane1-GGCTCCGC.CGCCAATA"	3
"R2_lane1-GGCTCCGC.CGCTTAAT"	3
"R2_lane1-GGCTCCGC.CTACTAGG"	3
"R2_lane1-GGCTCCGC.CTTGGTTA"	2
"R2_lane1-GGCTCCGC.GAGTACGT"	4
"R2_lane1-GGCTCCGC.GTCATAGT"	4
"R2_lane1-GGCTCCGC.GTCCATTC"	1
"R2_lane1-GGCTCCGC.TAGGAGAC"	4
"R2_lane1-GGCTCCGC.TATCTTGT"	1
"R2_lane1-GGCTCCGC.TCACTGAG"	4
"R2_lane1-GGCTCCGC.TCTACATG"	3
"R2_lane1-GGCTCCGC.TCTTAGTC"	3
"R2_lane1-GGCTCCGC.TTCTCGAG"	4
"R2_lane1-GGCTCCGC.TTGACCAT"	4
"R2_lane1-GTCACGTG.AACGTCAG"	4
"R2_lane1-GTCACGTG.AATCAGAG"	4
"R2_lane1-GTCACGTG.ACGAAGAT"	4
"R2_lane1-GTCACGTG.ACTCTACG"	4
"R2_lane1-GTCACGTG.ACTGTGGA"	1
"R2_lane1-GTCACGTG.ATACGCCA"	4
"R2_lane1-GTCACGTG.ATATCAGA"	4
"R2_lane1-GTCACGTG.ATTACGCT"	4
"R2_lane1-GTCACGTG.CAAGCTGA"	4
"R2_lane1-GTCACGTG.CACATGGA"	4
"R2_lane1-GTCACGTG.CACTAGCT"	4
"R2_lane1-GTCACGTG.CACTGTAC"	4
"R2_lane1-GTCACGTG.CATTGAGT"	4
"R2_lane1-GTCACGTG.CGATGACA"	4
"R2_lane1-GTCACGTG.CTAGTGAA"	2
"R2_lane1-GTCACGTG.CTTAGAAG"	3
"R2_lane1-GTCACGTG.GAACTATA"	4
"R2_lane1-GTCACGTG.GCAGGATT"	2
"R2_lane1-GTCACGTG.TAATTACG"	4
"R2_lane1-GTCACGTG.TATCTTGT"	2
"R2_lane1-GTCACGTG.TCAGATGC"	4
"R2_lane1-GTCACGTG.TCTACATG"	4
"R2_lane1-GTCACGTG.TCTTAGTC"	4
"R2_lane1-GTCACGTG.TTCTCGAG"	4
"R2_lane1-GTCACGTG.TTGACCAT"	4
"R2_lane1-TCCGGACA.AACGCGTA"	2
"R2_lane1-TCCGGACA.AACGTCAG"	2
"R2_lane1-TCCGGACA.ACCTCTTG"	3
"R2_lane1-TCCGGACA.ACGAAGAT"	4
"R2_lane1-TCCGGACA.ACGTTCAC"	4
"R2_lane1-TCCGGACA.ACTGTGGA"	4
"R2_lane1-TCCGGACA.AGCAACCT"	4
"R2_lane1-TCCGGACA.ATACATGT"	4
"R2_lane1-TCCGGACA.ATTACGCT"	4
"R2_lane1-TCCGGACA.CACATGGA"	2
"R2_lane1-TCCGGACA.CTTGGTTA"	3
"R2_lane1-TCCGGACA.GCAGGATT"	1
"R2_lane1-TCCGGACA.GTATCTAT"	4
"R2_lane1-TCCGGACA.GTGTAGCA"	3
"R2_lane1-TCCGGACA.TCTTAGTC"	4
"R2_lane1-TCCGGACA.TGACCTTG"	4
"R2_lane1-TCCGGACA.TGCAGTGA"	2
"R2_lane1-TCCGGACA.TGGCAGTT"	1
"R2_lane1-TCCGGACA.TTAATCGA"	4
"R2_lane1-TCCGGACA.TTGACCAT"	4
"R2_lane1-TCGACTGC.ACAGACTG"	4
"R2_lane1-TCGACTGC.ACGAAGAT"	4
"R2_lane1-TCGACTGC.ACTGCTAC"	3
"R2_lane1-TCGACTGC.ACTGTGGA"	4
"R2_lane1-TCGACTGC.AGAGTGTC"	4
"R2_lane1-TCGACTGC.AGGTCTCA"	2
"R2_lane1-TCGACTGC.ATATCAGA"	3
"R2_lane1-TCGACTGC.ATCCGATT"	4
"R2_lane1-TCGACTGC.ATGCTTAA"	4
"R2_lane1-TCGACTGC.CACATGGA"	4
"R2_lane1-TCGACTGC.CCATGGAT"	3
"R2_lane1-TCGACTGC.CCTTATAG"	4
"R2_lane1-TCGACTGC.CTACTAGG"	4
"R2_lane1-TCGACTGC.GATGATCC"	4
"R2_lane1-TCGACTGC.GATTGCAG"	4
"R2_lane1-TCGACTGC.GTCATAGT"	4
"R2_lane1-TCGACTGC.GTTCCGAA"	1
"R2_lane1-TCGACTGC.TATCGCTC"	4
"R2_lane1-TCGACTGC.TCAAGCCT"	4
"R2_lane1-TCGACTGC.TCAGATGC"	3
"R2_lane1-TCGACTGC.TCCGTCTA"	4
"R2_lane1-TGAGCCAC.AAGAGCTG"	3
"R2_lane1-TGAGCCAC.ACCTCTTG"	4
"R2_lane1-TGAGCCAC.ACGAAGAT"	2
"R2_lane1-TGAGCCAC.ATACATGT"	2
"R2_lane1-TGAGCCAC.CAGCATAT"	4
"R2_lane1-TGAGCCAC.CATGTCCA"	4
"R2_lane1-TGAGCCAC.CCATGGAT"	4
"R2_lane1-TGAGCCAC.CGTACGTA"	2
"R2_lane1-TGAGCCAC.CTAGTGAA"	3
"R2_lane1-TGAGCCAC.GATATAAC"	2
"R2_lane1-TGAGCCAC.GCTAACGA"	3
"R2_lane1-TGAGCCAC.GTATCTAT"	4
"R2_lane1-TGAGCCAC.GTCATAGT"	3
"R2_lane1-TGAGCCAC.GTCCATTC"	4
"R2_lane1-TGAGCCAC.TAATTACG"	3
"R2_lane1-TGAGCCAC.TCAGATGC"	4
"R2_lane1-TGAGCCAC.TCCGTCTA"	4
"R2_lane1-TGAGCCAC.TCGTGAAG"	3
"R2_lane1-TGAGCCAC.TGACCTTG"	4
"R2_lane1-TGAGCCAC.TGAGGCAA"	3
"R2_lane1-TGAGCCAC.TGTAATCG"	3
"R2_lane1-TGAGCCAC.TTGACCAT"	3
"R2_lane2-AACGGTCG.AACGCGTA"	3
"R2_lane2-AACGGTCG.AACGTCAG"	3
"R2_lane2-AACGGTCG.AATCAGAG"	1
"R2_lane2-AACGGTCG.ACAGACTG"	2
"R2_lane2-AACGGTCG.AGCATATG"	3
"R2_lane2-AACGGTCG.ATACATGT"	4
"R2_lane2-AACGGTCG.ATCCGATT"	4
"R2_lane2-AACGGTCG.CAAGCTGA"	4
"R2_lane2-AACGGTCG.CCATGGAT"	3
"R2_lane2-AACGGTCG.CGAATTGC"	4
"R2_lane2-AACGGTCG.CGCCAATA"	4
"R2_lane2-AACGGTCG.CGTTACTT"	4
"R2_lane2-AACGGTCG.CTTAGAAG"	4
"R2_lane2-AACGGTCG.CTTGGTTA"	4
"R2_lane2-AACGGTCG.GATTCTTA"	2
"R2_lane2-AACGGTCG.GCAGGATT"	3
"R2_lane2-AACGGTCG.GTAGACAC"	4
"R2_lane2-AACGGTCG.GTCATAGT"	3
"R2_lane2-AACGGTCG.TACCGGAA"	4
"R2_lane2-AACGGTCG.TAGGAGAC"	4
"R2_lane2-AACGGTCG.TCTTAGTC"	4
"R2_lane2-AACGGTCG.TGTCTGCA"	4
"R2_lane2-AACGGTCG.TTAACGTC"	4
"R2_lane2-AACGGTCG.TTCTCGAG"	4
"R2_lane2-AACGGTCG.TTGACCAT"	2
"R2_lane2-AAGCGACC.AAGAGCTG"	1
"R2_lane2-AAGCGACC.ACGTTCAC"	3
"R2_lane2-AAGCGACC.ACTCTACG"	4
"R2_lane2-AAGCGACC.ATACGCCA"	4
"R2_lane2-AAGCGACC.ATATCAGA"	1
"R2_lane2-AAGCGACC.ATTACGCT"	4
"R2_lane2-AAGCGACC.CTGATTCT"	4
"R2_lane2-AAGCGACC.CTTGGTTA"	4
"R2_lane2-AAGCGACC.GCAGGATT"	3
"R2_lane2-AAGCGACC.GTATCTAT"	2
"R2_lane2-AAGCGACC.TCCGTCTA"	4
"R2_lane2-AAGCGACC.TCGGTACT"	1
"R2_lane2-AAGCGACC.TGACCTTG"	1
"R2_lane2-AAGCGACC.TTAATCGA"	1
"R2_lane2-ACACGGAG.AACGCGTA"	4
"R2_lane2-ACACGGAG.AACGTCAG"	3
"R2_lane2-ACACGGAG.ACCTCTTG"	4
"R2_lane2-ACACGGAG.AGCAACCT"	4
"R2_lane2-ACACGGAG.AGTCGTAT"	4
"R2_lane2-ACACGGAG.ATACATGT"	4
"R2_lane2-ACACGGAG.ATACGCCA"	4
"R2_lane2-ACACGGAG.ATCCGATT"	4
"R2_lane2-ACACGGAG.ATGCTTAA"	2
"R2_lane2-ACACGGAG.CCATGGAT"	4
"R2_lane2-ACACGGAG.CTAGTGAA"	4
"R2_lane2-ACACGGAG.CTTAGAAG"	3
"R2_lane2-ACACGGAG.CTTGGTTA"	4
"R2_lane2-ACACGGAG.GCCATTAA"	4
"R2_lane2-ACACGGAG.TAATTACG"	4
"R2_lane2-ACACGGAG.TACTAAGC"	4
"R2_lane2-ACACGGAG.TCGTGAAG"	4
"R2_lane2-ACACGGAG.TGCAGTGA"	3
"R2_lane2-ACACGGAG.TGTCTGCA"	4
"R2_lane2-ACACGGAG.TTAACGTC"	4
"R2_lane2-AGGTGCGA.AACGCGTA"	3
"R2_lane2-AGGTGCGA.AATCAGAG"	3
"R2_lane2-AGGTGCGA.ACGAAGAT"	4
"R2_lane2-AGGTGCGA.ACTTGATA"	4
"R2_lane2-AGGTGCGA.ATATCAGA"	4
"R2_lane2-AGGTGCGA.ATCGACGA"	3
"R2_lane2-AGGTGCGA.ATGCTTAA"	3
"R2_lane2-AGGTGCGA.CAAGCTGA"	3
"R2_lane2-AGGTGCGA.CACATGGA"	3
"R2_lane2-AGGTGCGA.CCATGGAT"	4
"R2_lane2-AGGTGCGA.CTAGTGAA"	4
"R2_lane2-AGGTGCGA.CTTAGAAG"	3
"R2_lane2-AGGTGCGA.CTTGGTTA"	4
"R2_lane2-AGGTGCGA.GATATAAC"	4
"R2_lane2-AGGTGCGA.GATGATCC"	2
"R2_lane2-AGGTGCGA.GATTGCAG"	4
"R2_lane2-AGGTGCGA.GGATTGCT"	4
"R2_lane2-AGGTGCGA.GTCATAGT"	4
"R2_lane2-AGGTGCGA.TACCGGAA"	4
"R2_lane2-AGGTGCGA.TCAAGCCT"	4
"R2_lane2-AGGTGCGA.TCACTGAG"	2
"R2_lane2-AGGTGCGA.TGGTTATC"	3
"R2_lane2-AGGTGCGA.TGTCTGCA"	3
"R2_lane2-AGGTGCGA.TTAACGTC"	2
"R2_lane2-AGGTGCGA.TTAATCGA"	4
"R2_lane2-AGGTGCGA.TTCGCTCA"	4
"R2_lane2-CACGACCT.AAGCCATC"	3
"R2_lane2-CACGACCT.AATCAGAG"	1
"R2_lane2-CACGACCT.ACCTCTTG"	4
"R2_lane2-CACGACCT.ACGAAGAT"	4
"R2_lane2-CACGACCT.ACGTTCAC"	3
"R2_lane2-CACGACCT.ACTGCTAC"	4
"R2_lane2-CACGACCT.AGTCGTAT"	4
"R2_lane2-CACGACCT.CACTAGCT"	4
"R2_lane2-CACGACCT.CAGCATAT"	3
"R2_lane2-CACGACCT.CATGTCCA"	3
"R2_lane2-CACGACCT.CCATGGAT"	3
"R2_lane2-CACGACCT.CGCCAATA"	4
"R2_lane2-CACGACCT.CTACTAGG"	2
"R2_lane2-CACGACCT.CTGATTCT"	4
"R2_lane2-CACGACCT.GATGATCC"	3
"R2_lane2-CACGACCT.GCAGGATT"	4
"R2_lane2-CACGACCT.GCTAACGA"	2
"R2_lane2-CACGACCT.GTGTAGCA"	2
"R2_lane2-CACGACCT.GTTCCGAA"	3
"R2_lane2-CACGACCT.TCAAGCCT"	2
"R2_lane2-CACGACCT.TCCGTCTA"	4
"R2_lane2-CACGACCT.TCTTAGTC"	2
"R2_lane2-CACGACCT.TGGTTATC"	4
"R2_lane2-CACGACCT.TTAACGTC"	4
"R2_lane2-CACGGATC.ATACATGT"	1
"R2_lane2-CACGGATC.CACTGTAC"	4
"R2_lane2-CACGGATC.CGATGACA"	4
"R2_lane2-CACGGATC.CGCCAATA"	2
"R2_lane2-CACGGATC.CTAGTGAA"	4
"R2_lane2-CACGGATC.GTGACTTG"	4
"R2_lane2-CACGGATC.TACTAAGC"	3
"R2_lane2-CACGGATC.TCACTGAG"	4
"R2_lane2-CACGGATC.TCGTGAAG"	3
"R2_lane2-CACGGATC.TGACCTTG"	3
"R2_lane2-CACGGATC.TGGCAGTT"	1
"R2_lane2-CACGGATC.TGGTTATC"	3
"R2_lane2-CGACCGTT.AATCAGAG"	4
"R2_lane2-CGACCGTT.ACTGCTAC"	4
"R2_lane2-CGACCGTT.ATACATGT"	4
"R2_lane2-CGACCGTT.CACATGGA"	3
"R2_lane2-CGACCGTT.CACTAGCT"	4
"R2_lane2-CGACCGTT.CACTGTAC"	4
"R2_lane2-CGACCGTT.CATTGAGT"	4
"R2_lane2-CGACCGTT.CGCCAATA"	1
"R2_lane2-CGACCGTT.CTACTAGG"	3
"R2_lane2-CGACCGTT.CTGATTCT"	4
"R2_lane2-CGACCGTT.CTGTCATT"	4
"R2_lane2-CGACCGTT.CTTAGAAG"	4
"R2_lane2-CGACCGTT.GCCATTAA"	3
"R2_lane2-CGACCGTT.GTGACTTG"	4
"R2_lane2-CGACCGTT.GTGTAGCA"	4
"R2_lane2-CGACCGTT.TACTAAGC"	2
"R2_lane2-CGACCGTT.TCAGATGC"	4
"R2_lane2-CGACCGTT.TGGCAGTT"	4
"R2_lane2-CGACCGTT.TTAACGTC"	4
"R2_lane2-CGACCGTT.TTAATCGA"	1
"R2_lane2-CGGTCGCC.ACGAAGAT"	4
"R2_lane2-CGGTCGCC.ATTACGCT"	1
"R2_lane2-CGGTCGCC.CAAGCTGA"	4
"R2_lane2-CGGTCGCC.CACTGTAC"	4
"R2_lane2-CGGTCGCC.CTACTAGG"	4
"R2_lane2-CGGTCGCC.CTAGTGAA"	4
"R2_lane2-CGGTCGCC.GATATAAC"	4
"R2_lane2-CGGTCGCC.GTCCATTC"	3
"R2_lane2-CGGTCGCC.GTGACTTG"	4
"R2_lane2-CGGTCGCC.TCTTAGTC"	4
"R2_lane2-CGTCTCGT.AAGCCATC"	4
"R2_lane2-CGTCTCGT.ACGTGTGT"	4
"R2_lane2-CGTCTCGT.AGCATATG"	3
"R2_lane2-CGTCTCGT.ATACATGT"	2
"R2_lane2-CGTCTCGT.CGATGACA"	4
"R2_lane2-CGTCTCGT.CGTACGTA"	4
"R2_lane2-CGTCTCGT.CGTTACTT"	4
"R2_lane2-CGTCTCGT.CTGATTCT"	4
"R2_lane2-CGTCTCGT.CTGTCATT"	4
"R2_lane2-CGTCTCGT.CTTAGAAG"	3
"R2_lane2-CGTCTCGT.GTAGACAC"	4
"R2_lane2-CGTCTCGT.TACCGGAA"	3
"R2_lane2-CGTCTCGT.TCGTGAAG"	3
"R2_lane2-CGTCTCGT.TCTACATG"	3
"R2_lane2-CGTCTCGT.TTAATCGA"	3
"R2_lane2-CTGAGGCA.AACGTCAG"	4
"R2_lane2-CTGAGGCA.AGGTCTCA"	3
"R2_lane2-CTGAGGCA.AGTCGTAT"	1
"R2_lane2-CTGAGGCA.ATACGCCA"	3
"R2_lane2-CTGAGGCA.CGAATTGC"	2
"R2_lane2-CTGAGGCA.CGTACGTA"	1
"R2_lane2-CTGAGGCA.CTGTCATT"	4
"R2_lane2-CTGAGGCA.GATTGCAG"	4
"R2_lane2-CTGAGGCA.GGTGTCAT"	4
"R2_lane2-CTGAGGCA.GTTCCGAA"	2
"R2_lane2-CTGAGGCA.TAATTACG"	2
"R2_lane2-CTGAGGCA.TGAGGCAA"	4
"R2_lane2-CTGAGGCA.TGCAGTGA"	3
"R2_lane2-CTGAGGCA.TGGCAGTT"	4
"R2_lane2-CTGAGGCA.TGTAATCG"	4
"R2_lane2-CTGAGGCA.TTAATCGA"	3
"R2_lane2-CTGAGGCA.TTGACCAT"	3
"R2_lane2-CTGCGTAG.AACGTCAG"	2
"R2_lane2-CTGCGTAG.AAGAGCTG"	4
"R2_lane2-CTGCGTAG.AAGCCATC"	4
"R2_lane2-CTGCGTAG.AGAGTGTC"	4
"R2_lane2-CTGCGTAG.ATATCAGA"	3
"R2_lane2-CTGCGTAG.CGCCAATA"	4
"R2_lane2-CTGCGTAG.CGTACGTA"	1
"R2_lane2-CTGCGTAG.CTTAGAAG"	4
"R2_lane2-CTGCGTAG.GATGATCC"	4
"R2_lane2-CTGCGTAG.GGTGTCAT"	3
"R2_lane2-CTGCGTAG.TAATTACG"	4
"R2_lane2-CTGCGTAG.TCTTAGTC"	3
"R2_lane2-CTGCGTAG.TGCAGTGA"	4
"R2_lane2-CTTGCGTC.AACGTCAG"	4
"R2_lane2-CTTGCGTC.AAGAGCTG"	2
"R2_lane2-CTTGCGTC.ACGTTCAC"	4
"R2_lane2-CTTGCGTC.ACTCTACG"	2
"R2_lane2-CTTGCGTC.ACTTGATA"	4
"R2_lane2-CTTGCGTC.AGCATATG"	2
"R2_lane2-CTTGCGTC.AGGTCTCA"	3
"R2_lane2-CTTGCGTC.AGTCGTAT"	4
"R2_lane2-CTTGCGTC.ATACATGT"	3
"R2_lane2-CTTGCGTC.ATTACGCT"	1
"R2_lane2-CTTGCGTC.CAGCATAT"	4
"R2_lane2-CTTGCGTC.CCATGGAT"	4
"R2_lane2-CTTGCGTC.CCTTATAG"	4
"R2_lane2-CTTGCGTC.CGATGACA"	3
"R2_lane2-CTTGCGTC.CGCCAATA"	1
"R2_lane2-CTTGCGTC.CTGTCATT"	3
"R2_lane2-CTTGCGTC.CTTAGAAG"	4
"R2_lane2-CTTGCGTC.GATTCTTA"	4
"R2_lane2-CTTGCGTC.GATTGCAG"	4
"R2_lane2-CTTGCGTC.GGTGTCAT"	4
"R2_lane2-CTTGCGTC.GTCATAGT"	4
"R2_lane2-CTTGCGTC.GTGTAGCA"	4
"R2_lane2-CTTGCGTC.TCGCATCA"	3
"R2_lane2-CTTGCGTC.TCGGTACT"	3
"R2_lane2-CTTGCGTC.TGAGGCAA"	4
"R2_lane2-CTTGCGTC.TTAATCGA"	3
"R2_lane2-CTTGCGTC.TTGACCAT"	4
"R2_lane2-GATGCAGG.AATCAGAG"	4
"R2_lane2-GATGCAGG.ACGTTCAC"	2
"R2_lane2-GATGCAGG.ACTCTACG"	1
"R2_lane2-GATGCAGG.ACTTGATA"	4
"R2_lane2-GATGCAGG.ATACGCCA"	4
"R2_lane2-GATGCAGG.ATATCAGA"	4
"R2_lane2-GATGCAGG.ATCGACGA"	4
"R2_lane2-GATGCAGG.ATTACGCT"	4
"R2_lane2-GATGCAGG.CACATGGA"	3
"R2_lane2-GATGCAGG.CATGTCCA"	2
"R2_lane2-GATGCAGG.CCTTATAG"	4
"R2_lane2-GATGCAGG.CGAATTGC"	4
"R2_lane2-GATGCAGG.CGATGACA"	4
"R2_lane2-GATGCAGG.CGTTACTT"	2
"R2_lane2-GATGCAGG.GATATAAC"	4
"R2_lane2-GATGCAGG.GATTCTTA"	3
"R2_lane2-GATGCAGG.TAATTACG"	3
"R2_lane2-GATGCAGG.TCAAGCCT"	4
"R2_lane2-GATGCAGG.TCGTGAAG"	3
"R2_lane2-GATGCAGG.TCTACATG"	4
"R2_lane2-GATGCAGG.TGACCTTG"	2
"R2_lane2-GATGCAGG.TGGCAGTT"	3
"R2_lane2-GCACTTCC.AACGTCAG"	4
"R2_lane2-GCACTTCC.AAGAGCTG"	4
"R2_lane2-GCACTTCC.AAGCCATC"	4
"R2_lane2-GCACTTCC.ACGAAGAT"	3
"R2_lane2-GCACTTCC.AGAGTGTC"	4
"R2_lane2-GCACTTCC.AGGTCTCA"	1
"R2_lane2-GCACTTCC.ATACATGT"	4
"R2_lane2-GCACTTCC.ATCGACGA"	4
"R2_lane2-GCACTTCC.CCATGGAT"	4
"R2_lane2-GCACTTCC.CGCCAATA"	3
"R2_lane2-GCACTTCC.CTAGTGAA"	2
"R2_lane2-GCACTTCC.CTGTCATT"	2
"R2_lane2-GCACTTCC.CTTAGAAG"	1
"R2_lane2-GCACTTCC.GATTCTTA"	4
"R2_lane2-GCACTTCC.GGTCAACT"	3
"R2_lane2-GCACTTCC.GTAGACAC"	4
"R2_lane2-GCACTTCC.GTCCATTC"	4
"R2_lane2-GCACTTCC.GTGACTTG"	2
"R2_lane2-GCACTTCC.TAGGAGAC"	4
"R2_lane2-GCACTTCC.TCAAGCCT"	1
"R2_lane2-GCACTTCC.TCCGTCTA"	3
"R2_lane2-GCACTTCC.TCGCATCA"	2
"R2_lane2-GCACTTCC.TCGGTACT"	1
"R2_lane2-GCACTTCC.TCGTGAAG"	2
"R2_lane2-GCACTTCC.TCTTAGTC"	4
"R2_lane2-GCACTTCC.TGCAGTGA"	2
"R2_lane2-GCACTTCC.TTAACGTC"	4
"R2_lane2-GCACTTCC.TTAATCGA"	4
"R2_lane2-GCGTTCTC.ACGAAGAT"	2
"R2_lane2-GCGTTCTC.AGGTCTCA"	4
"R2_lane2-GCGTTCTC.ATATCAGA"	2
"R2_lane2-GCGTTCTC.CACTAGCT"	4
"R2_lane2-GCGTTCTC.CCATGGAT"	4
"R2_lane2-GCGTTCTC.CGCCAATA"	1
"R2_lane2-GCGTTCTC.CGTACGTA"	4
"R2_lane2-GCGTTCTC.CTAGTGAA"	4
"R2_lane2-GCGTTCTC.CTGATTCT"	4
"R2_lane2-GCGTTCTC.GAGTACGT"	4
"R2_lane2-GCGTTCTC.GCTAACGA"	4
"R2_lane2-GCGTTCTC.GTAGTTCG"	1
"R2_lane2-GCGTTCTC.GTCATAGT"	4
"R2_lane2-GCGTTCTC.GTGTAGCA"	4
"R2_lane2-GCGTTCTC.GTTCCGAA"	4
"R2_lane2-GGATACCG.ACGAAGAT"	4
"R2_lane2-GGATACCG.ACTGCTAC"	4
"R2_lane2-GGATACCG.AGTCGTAT"	4
"R2_lane2-GGATACCG.AGTTATGC"	4
"R2_lane2-GGATACCG.CAGCATAT"	3
"R2_lane2-GGATACCG.CGAATTGC"	4
"R2_lane2-GGATACCG.CTACTAGG"	4
"R2_lane2-GGATACCG.CTGATTCT"	3
"R2_lane2-GGATACCG.GGTCAACT"	4
"R2_lane2-GGATACCG.GTCCATTC"	4
"R2_lane2-GGATACCG.TAATTACG"	4
"R2_lane2-GGATACCG.TACCGGAA"	4
"R2_lane2-GGATACCG.TACTAAGC"	3
"R2_lane2-GGATACCG.TAGGAGAC"	1
"R2_lane2-GGATACCG.TCAGATGC"	2
"R2_lane2-GGATACCG.TCCGTCTA"	2
"R2_lane2-GGATACCG.TCGGTACT"	3
"R2_lane2-GGATACCG.TCTACATG"	4
"R2_lane2-GGATACCG.TGAGGCAA"	4
"R2_lane2-GGATACCG.TGTCTGCA"	3
"R2_lane2-GGATACCG.TTCGCTCA"	3
"R2_lane2-GGATACCG.TTCTCGAG"	4
"R2_lane2-GGATACCG.TTGACCAT"	3
"R2_lane2-GGCTCCGC.ACTGTGGA"	1
"R2_lane2-GGCTCCGC.AGTCGTAT"	1
"R2_lane2-GGCTCCGC.ATCCGATT"	4
"R2_lane2-GGCTCCGC.ATCGACGA"	4
"R2_lane2-GGCTCCGC.CACTAGCT"	4
"R2_lane2-GGCTCCGC.CATGTCCA"	4
"R2_lane2-GGCTCCGC.CCATGGAT"	3
"R2_lane2-GGCTCCGC.CGCCAATA"	3
"R2_lane2-GGCTCCGC.CGCTTAAT"	3
"R2_lane2-GGCTCCGC.CTACTAGG"	3
"R2_lane2-GGCTCCGC.CTTGGTTA"	2
"R2_lane2-GGCTCCGC.GAGTACGT"	4
"R2_lane2-GGCTCCGC.GCAGGATT"	1
"R2_lane2-GGCTCCGC.GTCATAGT"	4
"R2_lane2-GGCTCCGC.GTCCATTC"	1
"R2_lane2-GGCTCCGC.TAGGAGAC"	4
"R2_lane2-GGCTCCGC.TATCTTGT"	1
"R2_lane2-GGCTCCGC.TCACTGAG"	4
"R2_lane2-GGCTCCGC.TCTACATG"	3
"R2_lane2-GGCTCCGC.TCTTAGTC"	3
"R2_lane2-GGCTCCGC.TTCTCGAG"	4
"R2_lane2-GGCTCCGC.TTGACCAT"	4
"R2_lane2-GTCACGTG.AACGTCAG"	4
"R2_lane2-GTCACGTG.AATCAGAG"	4
"R2_lane2-GTCACGTG.ACGAAGAT"	4
"R2_lane2-GTCACGTG.ACTCTACG"	4
"R2_lane2-GTCACGTG.ACTGTGGA"	1
"R2_lane2-GTCACGTG.ATACGCCA"	4
"R2_lane2-GTCACGTG.ATATCAGA"	4
"R2_lane2-GTCACGTG.ATTACGCT"	4
"R2_lane2-GTCACGTG.CAAGCTGA"	4
"R2_lane2-GTCACGTG.CACATGGA"	4
"R2_lane2-GTCACGTG.CACTAGCT"	4
"R2_lane2-GTCACGTG.CACTGTAC"	4
"R2_lane2-GTCACGTG.CATTGAGT"	4
"R2_lane2-GTCACGTG.CGATGACA"	4
"R2_lane2-GTCACGTG.CTAGTGAA"	2
"R2_lane2-GTCACGTG.CTTAGAAG"	3
"R2_lane2-GTCACGTG.GAACTATA"	4
"R2_lane2-GTCACGTG.GCAGGATT"	2
"R2_lane2-GTCACGTG.TAATTACG"	4
"R2_lane2-GTCACGTG.TATCTTGT"	2
"R2_lane2-GTCACGTG.TCAGATGC"	4
"R2_lane2-GTCACGTG.TCTACATG"	4
"R2_lane2-GTCACGTG.TCTTAGTC"	4
"R2_lane2-GTCACGTG.TTCTCGAG"	4
"R2_lane2-GTCACGTG.TTGACCAT"	4
"R2_lane2-TCCGGACA.AACGCGTA"	2
"R2_lane2-TCCGGACA.AACGTCAG"	2
"R2_lane2-TCCGGACA.ACCTCTTG"	3
"R2_lane2-TCCGGACA.ACGAAGAT"	4
"R2_lane2-TCCGGACA.ACGTTCAC"	4
"R2_lane2-TCCGGACA.ACTGTGGA"	4
"R2_lane2-TCCGGACA.AGCAACCT"	4
"R2_lane2-TCCGGACA.ATACATGT"	4
"R2_lane2-TCCGGACA.ATTACGCT"	4
"R2_lane2-TCCGGACA.CACATGGA"	2
"R2_lane2-TCCGGACA.CTTGGTTA"	2
"R2_lane2-TCCGGACA.GCAGGATT"	1
"R2_lane2-TCCGGACA.GTATCTAT"	4
"R2_lane2-TCCGGACA.GTGTAGCA"	4
"R2_lane2-TCCGGACA.TCTTAGTC"	4
"R2_lane2-TCCGGACA.TGACCTTG"	4
"R2_lane2-TCCGGACA.TGCAGTGA"	2
"R2_lane2-TCCGGACA.TGGCAGTT"	1
"R2_lane2-TCCGGACA.TTAATCGA"	4
"R2_lane2-TCCGGACA.TTGACCAT"	4
"R2_lane2-TCGACTGC.ACAGACTG"	4
"R2_lane2-TCGACTGC.ACGAAGAT"	4
"R2_lane2-TCGACTGC.ACTGCTAC"	3
"R2_lane2-TCGACTGC.ACTGTGGA"	4
"R2_lane2-TCGACTGC.AGAGTGTC"	4
"R2_lane2-TCGACTGC.AGGTCTCA"	3
"R2_lane2-TCGACTGC.ATATCAGA"	3
"R2_lane2-TCGACTGC.ATCCGATT"	4
"R2_lane2-TCGACTGC.ATGCTTAA"	4
"R2_lane2-TCGACTGC.CACATGGA"	4
"R2_lane2-TCGACTGC.CCATGGAT"	3
"R2_lane2-TCGACTGC.CCTTATAG"	4
"R2_lane2-TCGACTGC.CTACTAGG"	4
"R2_lane2-TCGACTGC.GATGATCC"	4
"R2_lane2-TCGACTGC.GATTGCAG"	4
"R2_lane2-TCGACTGC.GTCATAGT"	4
"R2_lane2-TCGACTGC.GTTCCGAA"	1
"R2_lane2-TCGACTGC.TATCGCTC"	4
"R2_lane2-TCGACTGC.TCAAGCCT"	4
"R2_lane2-TCGACTGC.TCAGATGC"	3
"R2_lane2-TCGACTGC.TCCGTCTA"	4
"R2_lane2-TGAGCCAC.AAGAGCTG"	3
"R2_lane2-TGAGCCAC.ACCTCTTG"	4
"R2_lane2-TGAGCCAC.ACGAAGAT"	2
"R2_lane2-TGAGCCAC.ATACATGT"	1
"R2_lane2-TGAGCCAC.CAGCATAT"	4
"R2_lane2-TGAGCCAC.CATGTCCA"	4
"R2_lane2-TGAGCCAC.CCATGGAT"	4
"R2_lane2-TGAGCCAC.CGTACGTA"	2
"R2_lane2-TGAGCCAC.CTAGTGAA"	3
"R2_lane2-TGAGCCAC.GATATAAC"	2
"R2_lane2-TGAGCCAC.GCTAACGA"	3
"R2_lane2-TGAGCCAC.GTATCTAT"	4
"R2_lane2-TGAGCCAC.GTCATAGT"	4
"R2_lane2-TGAGCCAC.GTCCATTC"	3
"R2_lane2-TGAGCCAC.TAATTACG"	3
"R2_lane2-TGAGCCAC.TCAGATGC"	4
"R2_lane2-TGAGCCAC.TCCGTCTA"	4
"R2_lane2-TGAGCCAC.TCGTGAAG"	4
"R2_lane2-TGAGCCAC.TGACCTTG"	4
"R2_lane2-TGAGCCAC.TGAGGCAA"	3
"R2_lane2-TGAGCCAC.TGTAATCG"	3
"R2_lane2-TGAGCCAC.TTGACCAT"	4
