"R2_lane1-AAGCCGGT.AACGCGTA"	4
"R2_lane1-AAGCCGGT.AAGCCATC"	4
"R2_lane1-AAGCCGGT.ACTGTGGA"	4
"R2_lane1-AAGCCGGT.AGCAACCT"	3
"R2_lane1-AAGCCGGT.ATCCGATT"	4
"R2_lane1-AAGCCGGT.ATCGACGA"	4
"R2_lane1-AAGCCGGT.CAGCATAT"	3
"R2_lane1-AAGCCGGT.CATTGAGT"	3
"R2_lane1-AAGCCGGT.CTACTAGG"	4
"R2_lane1-AAGCCGGT.GATATAAC"	4
"R2_lane1-AAGCCGGT.GTCCATTC"	3
"R2_lane1-AAGCCGGT.TAGGAGAC"	2
"R2_lane1-AAGCCGGT.TCGTGAAG"	4
"R2_lane1-AAGCCGGT.TGAGGCAA"	3
"R2_lane1-AAGCCGGT.TGTAATCG"	3
"R2_lane1-AAGCCGGT.TTAACGTC"	4
"R2_lane1-ACGATGCC.ACTTGATA"	3
"R2_lane1-ACGATGCC.AGAGTGTC"	3
"R2_lane1-ACGATGCC.AGCATATG"	4
"R2_lane1-ACGATGCC.ATACGCCA"	2
"R2_lane1-ACGATGCC.CACATGGA"	3
"R2_lane1-ACGATGCC.CGTACGTA"	2
"R2_lane1-ACGATGCC.CGTTACTT"	2
"R2_lane1-ACGATGCC.GGTCAACT"	4
"R2_lane1-ATCCGCGG.AACGCGTA"	3
"R2_lane1-ATCCGCGG.ACTGCTAC"	3
"R2_lane1-ATCCGCGG.GGTGTCAT"	2
"R2_lane1-ATCCGCGG.GTATCTAT"	2
"R2_lane1-ATCCGCGG.TACCGGAA"	3
"R2_lane1-ATCCGCGG.TACTAAGC"	1
"R2_lane1-ATCCGCGG.TGGTTATC"	4
"R2_lane1-ATCCGCGG.TGTAATCG"	4
"R2_lane1-ATCCGCGG.TTAACGTC"	3
"R2_lane1-CACCTGTG.ACGTGTGT"	4
"R2_lane1-CACCTGTG.CACTAGCT"	3
"R2_lane1-CACCTGTG.CGATGACA"	1
"R2_lane1-CACCTGTG.TGACCTTG"	3
"R2_lane1-CCGGTGGT.ACTCTACG"	3
"R2_lane1-CCGGTGGT.ATATCAGA"	3
"R2_lane1-CCGGTGGT.CACATGGA"	3
"R2_lane1-CCGGTGGT.CACTAGCT"	4
"R2_lane1-CCGGTGGT.CCATGGAT"	3
"R2_lane1-CCGGTGGT.CTAGTGAA"	2
"R2_lane1-CCGGTGGT.GCTAACGA"	3
"R2_lane1-CCGGTGGT.GGTGTCAT"	3
"R2_lane1-CCGGTGGT.TAGGAGAC"	4
"R2_lane1-CCTTGACC.ATATCAGA"	3
"R2_lane1-CCTTGACC.ATCCGATT"	3
"R2_lane1-CCTTGACC.ATGCTTAA"	3
"R2_lane1-CCTTGACC.ATTACGCT"	3
"R2_lane1-CCTTGACC.CGCCAATA"	3
"R2_lane1-CCTTGACC.CGTTACTT"	4
"R2_lane1-CCTTGACC.CTACTAGG"	4
"R2_lane1-CCTTGACC.GATTCTTA"	2
"R2_lane1-CCTTGACC.GGTCAACT"	3
"R2_lane1-CCTTGACC.GTCATAGT"	3
"R2_lane1-CCTTGACC.GTTCCGAA"	4
"R2_lane1-CCTTGACC.TTAACGTC"	4
"R2_lane1-CCTTGACC.TTCGCTCA"	1
"R2_lane1-CGACATGG.AACGCGTA"	4
"R2_lane1-CGACATGG.ACGAAGAT"	4
"R2_lane1-CGACATGG.ATACATGT"	4
"R2_lane1-CGACATGG.ATCGACGA"	2
"R2_lane1-CGACATGG.CACATGGA"	4
"R2_lane1-CGACATGG.CATTGAGT"	4
"R2_lane1-CGACATGG.GCTAACGA"	3
"R2_lane1-CGACATGG.GTCCATTC"	3
"R2_lane1-CGACATGG.TAATTACG"	3
"R2_lane1-CGACATGG.TACTAAGC"	4
"R2_lane1-CGACATGG.TCTACATG"	4
"R2_lane1-CGACATGG.TGGCAGTT"	3
"R2_lane1-CGACATGG.TTAACGTC"	1
"R2_lane1-CGACATGG.TTGACCAT"	3
"R2_lane1-CGAGAACC.ACGTGTGT"	2
"R2_lane1-CGAGAACC.AGCATATG"	1
"R2_lane1-CGAGAACC.ATACATGT"	4
"R2_lane1-CGAGAACC.ATGCTTAA"	4
"R2_lane1-CGAGAACC.CACTAGCT"	4
"R2_lane1-CGAGAACC.CCATGGAT"	3
"R2_lane1-CGAGAACC.CCTTATAG"	4
"R2_lane1-CGAGAACC.CGCTTAAT"	4
"R2_lane1-CGAGAACC.GATATAAC"	3
"R2_lane1-CGAGAACC.GGTGTCAT"	4
"R2_lane1-CGAGAACC.GTAGACAC"	3
"R2_lane1-CGAGAACC.TCGGTACT"	1
"R2_lane1-CGAGAACC.TGGTTATC"	2
"R2_lane1-CGATGCTC.CTTAGAAG"	1
"R2_lane1-CGATGCTC.GCCATTAA"	3
"R2_lane1-CGATGCTC.GTAGACAC"	4
"R2_lane1-CGATGCTC.TGGCAGTT"	3
"R2_lane1-CGCTGTCT.AAGCCATC"	3
"R2_lane1-CGCTGTCT.CCTTATAG"	2
"R2_lane1-CGCTGTCT.CTAGTGAA"	4
"R2_lane1-CGCTGTCT.GTGACTTG"	3
"R2_lane1-CGCTGTCT.TAATTACG"	3
"R2_lane1-CGCTGTCT.TCGCATCA"	4
"R2_lane1-CGGCACCA.ACCTCTTG"	4
"R2_lane1-CGGCACCA.ACTCTACG"	3
"R2_lane1-CGGCACCA.AGAGTGTC"	1
"R2_lane1-CGGCACCA.CAGTCCAA"	4
"R2_lane1-CGGCACCA.CGATGACA"	3
"R2_lane1-CGGCACCA.CTTGGTTA"	3
"R2_lane1-CGGCACCA.GTATCTAT"	4
"R2_lane1-CGGCACCA.TATCGCTC"	2
"R2_lane1-CGGCACCA.TCGTGAAG"	1
"R2_lane1-CGGCACCA.TGAGGCAA"	2
"R2_lane1-CGGCACCA.TGTAATCG"	4
"R2_lane1-CGGCACCA.TTGACCAT"	3
"R2_lane1-CGTGTTCG.ACTTGATA"	4
"R2_lane1-CGTGTTCG.AGGTCTCA"	2
"R2_lane1-CGTGTTCG.ATCCGATT"	4
"R2_lane1-CGTGTTCG.CAAGCTGA"	3
"R2_lane1-CGTGTTCG.GCCATTAA"	3
"R2_lane1-CGTGTTCG.GTAGACAC"	2
"R2_lane1-CGTGTTCG.TCACTGAG"	4
"R2_lane1-GACCGAAG.AAGCCATC"	1
"R2_lane1-GACCGAAG.AGCATATG"	3
"R2_lane1-GACCGAAG.CAAGCTGA"	1
"R2_lane1-GACCGAAG.CACTGTAC"	4
"R2_lane1-GACCGAAG.CTTGGTTA"	4
"R2_lane1-GACCGAAG.GAACTATA"	3
"R2_lane1-GACCGAAG.GATGATCC"	3
"R2_lane1-GACCGAAG.GTCCATTC"	3
"R2_lane1-GACCGAAG.TCGGTACT"	3
"R2_lane1-GAGCCTAC.AACGTCAG"	4
"R2_lane1-GAGCCTAC.ACGAAGAT"	4
"R2_lane1-GAGCCTAC.ACGTTCAC"	4
"R2_lane1-GAGCCTAC.CGCTTAAT"	3
"R2_lane1-GAGCCTAC.GATGATCC"	4
"R2_lane1-GAGCCTAC.TACCGGAA"	3
"R2_lane1-GAGCCTAC.TCGCATCA"	3
"R2_lane1-GAGCCTAC.TCGTGAAG"	3
"R2_lane1-GAGCCTAC.TTAATCGA"	4
"R2_lane1-GCACCATG.ACAGACTG"	4
"R2_lane1-GCACCATG.CGTACGTA"	3
"R2_lane1-GCACCATG.CTAGTGAA"	4
"R2_lane1-GCACCATG.CTGATTCT"	4
"R2_lane1-GCACCATG.GAGTACGT"	4
"R2_lane1-GCACCATG.GATATAAC"	4
"R2_lane1-GCACCATG.GTATCTAT"	1
"R2_lane1-GCACCATG.TGTAATCG"	4
"R2_lane1-GCACCATG.TTAATCGA"	4
"R2_lane1-GCTACGGT.ACCTCTTG"	3
"R2_lane1-GCTACGGT.ACGAAGAT"	4
"R2_lane1-GCTACGGT.ACTGTGGA"	3
"R2_lane1-GCTACGGT.CCATGGAT"	4
"R2_lane1-GCTACGGT.GGTCAACT"	3
"R2_lane1-GCTACGGT.GGTGTCAT"	3
"R2_lane1-GCTACGGT.TATCGCTC"	3
"R2_lane1-GCTACGGT.TCCGTCTA"	2
"R2_lane1-GCTACGGT.TGAGGCAA"	1
"R2_lane1-GCTGAGAC.AACGTCAG"	4
"R2_lane1-GCTGAGAC.AATCAGAG"	3
"R2_lane1-GCTGAGAC.ACAGACTG"	3
"R2_lane1-GCTGAGAC.ACGTGTGT"	3
"R2_lane1-GCTGAGAC.AGCATATG"	4
"R2_lane1-GCTGAGAC.AGGTCTCA"	3
"R2_lane1-GCTGAGAC.ATCCGATT"	3
"R2_lane1-GCTGAGAC.CATTGAGT"	4
"R2_lane1-GCTGAGAC.CTAGTGAA"	4
"R2_lane1-GCTGAGAC.GATATAAC"	3
"R2_lane1-GCTGAGAC.GGTCAACT"	4
"R2_lane1-GCTGAGAC.TATCTTGT"	3
"R2_lane1-GCTGAGAC.TCACTGAG"	2
"R2_lane1-GCTGAGAC.TCAGATGC"	4
"R2_lane1-GCTGAGAC.TCGGTACT"	4
"R2_lane1-GCTGAGAC.TCGTGAAG"	2
"R2_lane1-GCTGAGAC.TCTACATG"	2
"R2_lane1-GCTGAGAC.TCTTAGTC"	1
"R2_lane1-GGTCAGTG.ACCTCTTG"	2
"R2_lane1-GGTCAGTG.ACTTGATA"	3
"R2_lane1-GGTCAGTG.ATACATGT"	4
"R2_lane1-GGTCAGTG.ATGCTTAA"	3
"R2_lane1-GGTCAGTG.CTAGTGAA"	2
"R2_lane1-GGTCAGTG.CTTAGAAG"	3
"R2_lane1-GGTCAGTG.GATGATCC"	4
"R2_lane1-GGTCAGTG.GCTAACGA"	3
"R2_lane1-GGTCAGTG.GGATTGCT"	3
"R2_lane1-GGTCAGTG.TCAAGCCT"	2
"R2_lane1-GGTCAGTG.TCGGTACT"	4
"R2_lane1-GGTCAGTG.TCTTAGTC"	2
"R2_lane1-GGTCAGTG.TGGTTATC"	4
"R2_lane1-GGTCAGTG.TTCGCTCA"	4
"R2_lane1-GTGAACGG.AAGAGCTG"	4
"R2_lane1-GTGAACGG.ACTTGATA"	3
"R2_lane1-GTGAACGG.AGCAACCT"	1
"R2_lane1-GTGAACGG.AGCATATG"	3
"R2_lane1-GTGAACGG.AGTCGTAT"	4
"R2_lane1-GTGAACGG.ATACGCCA"	4
"R2_lane1-GTGAACGG.CCTTATAG"	4
"R2_lane1-GTGAACGG.CGCTTAAT"	4
"R2_lane1-GTGAACGG.CTAGTGAA"	4
"R2_lane1-GTGAACGG.CTGATTCT"	3
"R2_lane1-GTGAACGG.GTTCCGAA"	3
"R2_lane1-GTGAACGG.TAGGAGAC"	4
"R2_lane1-GTGAACGG.TCAAGCCT"	4
"R2_lane1-GTGAACGG.TCCGTCTA"	4
"R2_lane1-GTGAACGG.TTCGCTCA"	4
"R2_lane1-GTTCCACC.AACGCGTA"	2
"R2_lane1-GTTCCACC.ACGTGTGT"	4
"R2_lane1-GTTCCACC.CATGTCCA"	2
"R2_lane1-GTTCCACC.CCTTATAG"	2
"R2_lane1-GTTCCACC.GTAGACAC"	3
"R2_lane1-GTTCCACC.TCAAGCCT"	3
"R2_lane1-GTTCCACC.TTCTCGAG"	4
"R2_lane1-TACACCGG.AATCAGAG"	2
"R2_lane1-TACACCGG.ACGAAGAT"	4
"R2_lane1-TACACCGG.AGTCGTAT"	4
"R2_lane1-TACACCGG.AGTTATGC"	3
"R2_lane1-TACACCGG.CGCTTAAT"	4
"R2_lane1-TACACCGG.CTTAGAAG"	4
"R2_lane1-TACACCGG.GATTCTTA"	2
"R2_lane1-TACACCGG.GCCATTAA"	4
"R2_lane1-TACACCGG.TATCGCTC"	3
"R2_lane1-TCGCAGGA.ACCTCTTG"	2
"R2_lane1-TCGCAGGA.ACGTTCAC"	4
"R2_lane1-TCGCAGGA.ACTCTACG"	4
"R2_lane1-TCGCAGGA.ACTGCTAC"	2
"R2_lane1-TCGCAGGA.ACTTGATA"	3
"R2_lane1-TCGCAGGA.AGGTCTCA"	2
"R2_lane1-TCGCAGGA.CACTGTAC"	2
"R2_lane1-TCGCAGGA.CATTGAGT"	4
"R2_lane1-TCGCAGGA.CGCCAATA"	3
"R2_lane1-TCGCAGGA.GATTGCAG"	4
"R2_lane1-TCGCAGGA.GCAGGATT"	4
"R2_lane1-TCGCAGGA.TAATTACG"	1
"R2_lane1-TCGCAGGA.TCGTGAAG"	3
"R2_lane1-TCGCAGGA.TGAGGCAA"	4
"R2_lane1-TCGCAGGA.TTAACGTC"	2
"R2_lane1-TTGTGCCG.ACGTGTGT"	3
"R2_lane1-TTGTGCCG.ATACATGT"	3
"R2_lane1-TTGTGCCG.GCCATTAA"	4
"R2_lane1-TTGTGCCG.GCTAACGA"	3
"R2_lane1-TTGTGCCG.TGGTTATC"	4
"R2_lane2-AAGCCGGT.AACGCGTA"	4
"R2_lane2-AAGCCGGT.AAGCCATC"	4
"R2_lane2-AAGCCGGT.ACTGTGGA"	4
"R2_lane2-AAGCCGGT.AGCAACCT"	4
"R2_lane2-AAGCCGGT.ATCCGATT"	4
"R2_lane2-AAGCCGGT.ATCGACGA"	4
"R2_lane2-AAGCCGGT.CAGCATAT"	3
"R2_lane2-AAGCCGGT.CATTGAGT"	3
"R2_lane2-AAGCCGGT.CTACTAGG"	3
"R2_lane2-AAGCCGGT.GATATAAC"	4
"R2_lane2-AAGCCGGT.GTCCATTC"	3
"R2_lane2-AAGCCGGT.TAGGAGAC"	2
"R2_lane2-AAGCCGGT.TCGTGAAG"	4
"R2_lane2-AAGCCGGT.TGAGGCAA"	3
"R2_lane2-AAGCCGGT.TGTAATCG"	3
"R2_lane2-AAGCCGGT.TTAACGTC"	4
"R2_lane2-ACGATGCC.ACTTGATA"	4
"R2_lane2-ACGATGCC.AGAGTGTC"	4
"R2_lane2-ACGATGCC.AGCATATG"	4
"R2_lane2-ACGATGCC.ATACGCCA"	3
"R2_lane2-ACGATGCC.CACATGGA"	3
"R2_lane2-ACGATGCC.CGTACGTA"	2
"R2_lane2-ACGATGCC.CGTTACTT"	2
"R2_lane2-ACGATGCC.GGTCAACT"	4
"R2_lane2-ATCCGCGG.AACGCGTA"	3
"R2_lane2-ATCCGCGG.ACTGCTAC"	3
"R2_lane2-ATCCGCGG.GGTCAACT"	1
"R2_lane2-ATCCGCGG.GGTGTCAT"	3
"R2_lane2-ATCCGCGG.GTATCTAT"	2
"R2_lane2-ATCCGCGG.TACCGGAA"	3
"R2_lane2-ATCCGCGG.TACTAAGC"	1
"R2_lane2-ATCCGCGG.TGGTTATC"	4
"R2_lane2-ATCCGCGG.TGTAATCG"	4
"R2_lane2-ATCCGCGG.TTAACGTC"	3
"R2_lane2-CACCTGTG.ACGTGTGT"	4
"R2_lane2-CACCTGTG.CACTAGCT"	3
"R2_lane2-CACCTGTG.CGATGACA"	1
"R2_lane2-CACCTGTG.TGACCTTG"	3
"R2_lane2-CCGGTGGT.ACTCTACG"	3
"R2_lane2-CCGGTGGT.ATATCAGA"	3
"R2_lane2-CCGGTGGT.CACATGGA"	3
"R2_lane2-CCGGTGGT.CACTAGCT"	4
"R2_lane2-CCGGTGGT.CCATGGAT"	3
"R2_lane2-CCGGTGGT.CTAGTGAA"	2
"R2_lane2-CCGGTGGT.GCTAACGA"	3
"R2_lane2-CCGGTGGT.GGTGTCAT"	3
"R2_lane2-CCGGTGGT.TAGGAGAC"	4
"R2_lane2-CCTTGACC.ATATCAGA"	3
"R2_lane2-CCTTGACC.ATCCGATT"	3
"R2_lane2-CCTTGACC.ATGCTTAA"	4
"R2_lane2-CCTTGACC.ATTACGCT"	3
"R2_lane2-CCTTGACC.CGCCAATA"	3
"R2_lane2-CCTTGACC.CGTTACTT"	4
"R2_lane2-CCTTGACC.CTACTAGG"	4
"R2_lane2-CCTTGACC.GATTCTTA"	2
"R2_lane2-CCTTGACC.GGTCAACT"	2
"R2_lane2-CCTTGACC.GTCATAGT"	3
"R2_lane2-CCTTGACC.GTTCCGAA"	4
"R2_lane2-CCTTGACC.TTAACGTC"	4
"R2_lane2-CCTTGACC.TTCGCTCA"	1
"R2_lane2-CGACATGG.AACGCGTA"	4
"R2_lane2-CGACATGG.ACGAAGAT"	4
"R2_lane2-CGACATGG.ATACATGT"	4
"R2_lane2-CGACATGG.ATCGACGA"	2
"R2_lane2-CGACATGG.CACATGGA"	4
"R2_lane2-CGACATGG.CATTGAGT"	4
"R2_lane2-CGACATGG.GCTAACGA"	3
"R2_lane2-CGACATGG.GTCCATTC"	3
"R2_lane2-CGACATGG.TAATTACG"	3
"R2_lane2-CGACATGG.TACTAAGC"	4
"R2_lane2-CGACATGG.TCTACATG"	4
"R2_lane2-CGACATGG.TGGCAGTT"	3
"R2_lane2-CGACATGG.TTAACGTC"	1
"R2_lane2-CGACATGG.TTGACCAT"	3
"R2_lane2-CGAGAACC.ACGTGTGT"	3
"R2_lane2-CGAGAACC.AGCATATG"	1
"R2_lane2-CGAGAACC.ATACATGT"	4
"R2_lane2-CGAGAACC.ATGCTTAA"	4
"R2_lane2-CGAGAACC.CACTAGCT"	4
"R2_lane2-CGAGAACC.CCATGGAT"	3
"R2_lane2-CGAGAACC.CCTTATAG"	3
"R2_lane2-CGAGAACC.CGCTTAAT"	4
"R2_lane2-CGAGAACC.GATATAAC"	3
"R2_lane2-CGAGAACC.GGTGTCAT"	3
"R2_lane2-CGAGAACC.GTAGACAC"	2
"R2_lane2-CGAGAACC.TCGGTACT"	1
"R2_lane2-CGAGAACC.TGGTTATC"	2
"R2_lane2-CGATGCTC.CTTAGAAG"	1
"R2_lane2-CGATGCTC.GCCATTAA"	3
"R2_lane2-CGATGCTC.GTAGACAC"	4
"R2_lane2-CGATGCTC.TGGCAGTT"	3
"R2_lane2-CGCTGTCT.AAGCCATC"	3
"R2_lane2-CGCTGTCT.CCTTATAG"	3
"R2_lane2-CGCTGTCT.CTAGTGAA"	4
"R2_lane2-CGCTGTCT.GTGACTTG"	3
"R2_lane2-CGCTGTCT.TAATTACG"	3
"R2_lane2-CGCTGTCT.TCGCATCA"	4
"R2_lane2-CGGCACCA.ACCTCTTG"	4
"R2_lane2-CGGCACCA.ACTCTACG"	3
"R2_lane2-CGGCACCA.AGAGTGTC"	1
"R2_lane2-CGGCACCA.CAGTCCAA"	3
"R2_lane2-CGGCACCA.CGATGACA"	3
"R2_lane2-CGGCACCA.CTTGGTTA"	4
"R2_lane2-CGGCACCA.GTATCTAT"	4
"R2_lane2-CGGCACCA.TATCGCTC"	2
"R2_lane2-CGGCACCA.TCGTGAAG"	1
"R2_lane2-CGGCACCA.TGAGGCAA"	2
"R2_lane2-CGGCACCA.TGTAATCG"	4
"R2_lane2-CGGCACCA.TTGACCAT"	3
"R2_lane2-CGTGTTCG.ACTTGATA"	4
"R2_lane2-CGTGTTCG.AGGTCTCA"	2
"R2_lane2-CGTGTTCG.ATCCGATT"	4
"R2_lane2-CGTGTTCG.CAAGCTGA"	3
"R2_lane2-CGTGTTCG.GCCATTAA"	3
"R2_lane2-CGTGTTCG.GTAGACAC"	2
"R2_lane2-CGTGTTCG.TCACTGAG"	4
"R2_lane2-GACCGAAG.AAGCCATC"	1
"R2_lane2-GACCGAAG.AGCATATG"	3
"R2_lane2-GACCGAAG.CAAGCTGA"	2
"R2_lane2-GACCGAAG.CACTGTAC"	4
"R2_lane2-GACCGAAG.CTTGGTTA"	4
"R2_lane2-GACCGAAG.GAACTATA"	3
"R2_lane2-GACCGAAG.GATGATCC"	3
"R2_lane2-GACCGAAG.GTCCATTC"	3
"R2_lane2-GACCGAAG.TCGGTACT"	2
"R2_lane2-GAGCCTAC.AACGTCAG"	4
"R2_lane2-GAGCCTAC.ACGAAGAT"	4
"R2_lane2-GAGCCTAC.ACGTTCAC"	4
"R2_lane2-GAGCCTAC.CGCTTAAT"	3
"R2_lane2-GAGCCTAC.GATGATCC"	4
"R2_lane2-GAGCCTAC.TACCGGAA"	3
"R2_lane2-GAGCCTAC.TCGCATCA"	3
"R2_lane2-GAGCCTAC.TCGTGAAG"	3
"R2_lane2-GAGCCTAC.TTAATCGA"	4
"R2_lane2-GCACCATG.ACAGACTG"	4
"R2_lane2-GCACCATG.AGCATATG"	3
"R2_lane2-GCACCATG.CGTACGTA"	4
"R2_lane2-GCACCATG.CTAGTGAA"	4
"R2_lane2-GCACCATG.CTGATTCT"	4
"R2_lane2-GCACCATG.GAGTACGT"	4
"R2_lane2-GCACCATG.GATATAAC"	4
"R2_lane2-GCACCATG.GTATCTAT"	1
"R2_lane2-GCACCATG.TGTAATCG"	4
"R2_lane2-GCACCATG.TTAATCGA"	4
"R2_lane2-GCTACGGT.ACCTCTTG"	3
"R2_lane2-GCTACGGT.ACGAAGAT"	4
"R2_lane2-GCTACGGT.ACTGTGGA"	4
"R2_lane2-GCTACGGT.CCATGGAT"	4
"R2_lane2-GCTACGGT.GGTCAACT"	3
"R2_lane2-GCTACGGT.GGTGTCAT"	3
"R2_lane2-GCTACGGT.TATCGCTC"	3
"R2_lane2-GCTACGGT.TCCGTCTA"	2
"R2_lane2-GCTACGGT.TGAGGCAA"	1
"R2_lane2-GCTGAGAC.AACGTCAG"	4
"R2_lane2-GCTGAGAC.AATCAGAG"	3
"R2_lane2-GCTGAGAC.ACAGACTG"	3
"R2_lane2-GCTGAGAC.ACGTGTGT"	4
"R2_lane2-GCTGAGAC.AGCATATG"	4
"R2_lane2-GCTGAGAC.AGGTCTCA"	3
"R2_lane2-GCTGAGAC.ATCCGATT"	3
"R2_lane2-GCTGAGAC.CATTGAGT"	4
"R2_lane2-GCTGAGAC.CTAGTGAA"	4
"R2_lane2-GCTGAGAC.GATATAAC"	3
"R2_lane2-GCTGAGAC.GGTCAACT"	4
"R2_lane2-GCTGAGAC.TATCTTGT"	3
"R2_lane2-GCTGAGAC.TCACTGAG"	2
"R2_lane2-GCTGAGAC.TCAGATGC"	4
"R2_lane2-GCTGAGAC.TCGGTACT"	4
"R2_lane2-GCTGAGAC.TCGTGAAG"	2
"R2_lane2-GCTGAGAC.TCTACATG"	2
"R2_lane2-GCTGAGAC.TCTTAGTC"	1
"R2_lane2-GGTCAGTG.ACCTCTTG"	2
"R2_lane2-GGTCAGTG.ACTTGATA"	3
"R2_lane2-GGTCAGTG.ATACATGT"	4
"R2_lane2-GGTCAGTG.ATGCTTAA"	3
"R2_lane2-GGTCAGTG.CTAGTGAA"	2
"R2_lane2-GGTCAGTG.CTTAGAAG"	3
"R2_lane2-GGTCAGTG.GATGATCC"	4
"R2_lane2-GGTCAGTG.GCTAACGA"	3
"R2_lane2-GGTCAGTG.GGATTGCT"	2
"R2_lane2-GGTCAGTG.TCAAGCCT"	2
"R2_lane2-GGTCAGTG.TCGGTACT"	3
"R2_lane2-GGTCAGTG.TCTTAGTC"	2
"R2_lane2-GGTCAGTG.TGGTTATC"	4
"R2_lane2-GGTCAGTG.TTCGCTCA"	4
"R2_lane2-GTGAACGG.AAGAGCTG"	4
"R2_lane2-GTGAACGG.ACTTGATA"	3
"R2_lane2-GTGAACGG.AGCAACCT"	1
"R2_lane2-GTGAACGG.AGCATATG"	3
"R2_lane2-GTGAACGG.AGTCGTAT"	4
"R2_lane2-GTGAACGG.ATACGCCA"	3
"R2_lane2-GTGAACGG.CCTTATAG"	4
"R2_lane2-GTGAACGG.CGCTTAAT"	4
"R2_lane2-GTGAACGG.CTAGTGAA"	4
"R2_lane2-GTGAACGG.CTGATTCT"	3
"R2_lane2-GTGAACGG.GTTCCGAA"	3
"R2_lane2-GTGAACGG.TAGGAGAC"	4
"R2_lane2-GTGAACGG.TCAAGCCT"	4
"R2_lane2-GTGAACGG.TCCGTCTA"	4
"R2_lane2-GTGAACGG.TTCGCTCA"	4
"R2_lane2-GTTCCACC.AACGCGTA"	2
"R2_lane2-GTTCCACC.ACGTGTGT"	4
"R2_lane2-GTTCCACC.CATGTCCA"	3
"R2_lane2-GTTCCACC.CCTTATAG"	2
"R2_lane2-GTTCCACC.GGTCAACT"	3
"R2_lane2-GTTCCACC.GTAGACAC"	3
"R2_lane2-GTTCCACC.TCAAGCCT"	3
"R2_lane2-GTTCCACC.TTCTCGAG"	4
"R2_lane2-TACACCGG.AATCAGAG"	2
"R2_lane2-TACACCGG.ACGAAGAT"	4
"R2_lane2-TACACCGG.AGTCGTAT"	4
"R2_lane2-TACACCGG.AGTTATGC"	3
"R2_lane2-TACACCGG.CGCTTAAT"	4
"R2_lane2-TACACCGG.CTTAGAAG"	4
"R2_lane2-TACACCGG.GATTCTTA"	2
"R2_lane2-TACACCGG.GCCATTAA"	3
"R2_lane2-TACACCGG.TATCGCTC"	3
"R2_lane2-TCGCAGGA.ACCTCTTG"	2
"R2_lane2-TCGCAGGA.ACGTTCAC"	4
"R2_lane2-TCGCAGGA.ACTCTACG"	4
"R2_lane2-TCGCAGGA.ACTGCTAC"	2
"R2_lane2-TCGCAGGA.ACTTGATA"	3
"R2_lane2-TCGCAGGA.AGGTCTCA"	1
"R2_lane2-TCGCAGGA.CACTGTAC"	2
"R2_lane2-TCGCAGGA.CATTGAGT"	4
"R2_lane2-TCGCAGGA.CGCCAATA"	3
"R2_lane2-TCGCAGGA.GATTGCAG"	4
"R2_lane2-TCGCAGGA.GCAGGATT"	4
"R2_lane2-TCGCAGGA.TAATTACG"	1
"R2_lane2-TCGCAGGA.TCGTGAAG"	4
"R2_lane2-TCGCAGGA.TGAGGCAA"	4
"R2_lane2-TCGCAGGA.TTAACGTC"	2
"R2_lane2-TTGTGCCG.ACGTGTGT"	4
"R2_lane2-TTGTGCCG.ATACATGT"	3
"R2_lane2-TTGTGCCG.GCCATTAA"	4
"R2_lane2-TTGTGCCG.GCTAACGA"	3
"R2_lane2-TTGTGCCG.TGGTTATC"	4
