"mES_EBdiff_D20_rep1-AACGGTCG.AACGCGTA"	3
"mES_EBdiff_D20_rep1-AACGGTCG.AACGTCAG"	3
"mES_EBdiff_D20_rep1-AACGGTCG.CGATGACA"	3
"mES_EBdiff_D20_rep1-AACGGTCG.GAGTACGT"	4
"mES_EBdiff_D20_rep1-AACGGTCG.TGGTTATC"	3
"mES_EBdiff_D20_rep1-ACCACCAC.ACAGACTG"	4
"mES_EBdiff_D20_rep1-ACCACCAC.AGAGTGTC"	4
"mES_EBdiff_D20_rep1-ACCACCAC.AGCATATG"	3
"mES_EBdiff_D20_rep1-ACCACCAC.CAAGCTGA"	3
"mES_EBdiff_D20_rep1-ACCACCAC.CATGTCCA"	2
"mES_EBdiff_D20_rep1-ACCACCAC.GTATCTAT"	3
"mES_EBdiff_D20_rep1-ACCACCAC.TCGCATCA"	2
"mES_EBdiff_D20_rep1-ACCACCAC.TGGCAGTT"	2
"mES_EBdiff_D20_rep1-AGCGTCTC.AACGTCAG"	4
"mES_EBdiff_D20_rep1-AGCGTCTC.ACAGACTG"	3
"mES_EBdiff_D20_rep1-AGCGTCTC.GGTGTCAT"	4
"mES_EBdiff_D20_rep1-AGCGTCTC.TCGGTACT"	3
"mES_EBdiff_D20_rep1-AGCGTCTC.TGCAGTGA"	3
"mES_EBdiff_D20_rep1-AGGCTCAG.ACCTCTTG"	4
"mES_EBdiff_D20_rep1-AGGCTCAG.CAAGCTGA"	4
"mES_EBdiff_D20_rep1-AGGCTCAG.CAGCATAT"	4
"mES_EBdiff_D20_rep1-AGGCTCAG.CGATGACA"	4
"mES_EBdiff_D20_rep1-AGGCTCAG.CGCTTAAT"	1
"mES_EBdiff_D20_rep1-AGGCTCAG.GTGTAGCA"	2
"mES_EBdiff_D20_rep1-AGGCTCAG.TGTCTGCA"	1
"mES_EBdiff_D20_rep1-AGGTGCGA.ACAGACTG"	4
"mES_EBdiff_D20_rep1-AGGTGCGA.AGCATATG"	2
"mES_EBdiff_D20_rep1-AGGTGCGA.ATGCTTAA"	3
"mES_EBdiff_D20_rep1-AGGTGCGA.GATATAAC"	4
"mES_EBdiff_D20_rep1-AGGTGCGA.GATTCTTA"	3
"mES_EBdiff_D20_rep1-AGGTGCGA.TATCGCTC"	4
"mES_EBdiff_D20_rep1-AGGTGCGA.TCTTAGTC"	2
"mES_EBdiff_D20_rep1-AGGTGCGA.TTGACCAT"	4
"mES_EBdiff_D20_rep1-AGTACGCG.GGATTGCT"	4
"mES_EBdiff_D20_rep1-AGTACGCG.GTTCCGAA"	3
"mES_EBdiff_D20_rep1-AGTACGCG.TCGTGAAG"	3
"mES_EBdiff_D20_rep1-AGTGGTGC.AACGTCAG"	3
"mES_EBdiff_D20_rep1-AGTGGTGC.ACGTGTGT"	3
"mES_EBdiff_D20_rep1-AGTGGTGC.ACTTGATA"	3
"mES_EBdiff_D20_rep1-AGTGGTGC.CGCTTAAT"	2
"mES_EBdiff_D20_rep1-AGTGGTGC.CGTACGTA"	4
"mES_EBdiff_D20_rep1-AGTGGTGC.CTGATTCT"	4
"mES_EBdiff_D20_rep1-AGTGGTGC.GGATTGCT"	4
"mES_EBdiff_D20_rep1-AGTGGTGC.GGTGTCAT"	4
"mES_EBdiff_D20_rep1-AGTGGTGC.TCACTGAG"	4
"mES_EBdiff_D20_rep1-AGTGGTGC.TCGTGAAG"	4
"mES_EBdiff_D20_rep1-CAACGCCG.AACGCGTA"	3
"mES_EBdiff_D20_rep1-CAACGCCG.ACTGTGGA"	2
"mES_EBdiff_D20_rep1-CAACGCCG.ACTTGATA"	4
"mES_EBdiff_D20_rep1-CAACGCCG.CCATGGAT"	3
"mES_EBdiff_D20_rep1-CAACGCCG.CGCTTAAT"	4
"mES_EBdiff_D20_rep1-CACCGTGA.ACAGACTG"	4
"mES_EBdiff_D20_rep1-CACCGTGA.ATACGCCA"	4
"mES_EBdiff_D20_rep1-CATAGCGC.AACGTCAG"	3
"mES_EBdiff_D20_rep1-CATAGCGC.AAGAGCTG"	4
"mES_EBdiff_D20_rep1-CATAGCGC.ACAGACTG"	3
"mES_EBdiff_D20_rep1-CATAGCGC.ACTTGATA"	3
"mES_EBdiff_D20_rep1-CATAGCGC.ATCGACGA"	4
"mES_EBdiff_D20_rep1-CATAGCGC.GTGTAGCA"	2
"mES_EBdiff_D20_rep1-CATAGCGC.TACTAAGC"	3
"mES_EBdiff_D20_rep1-CATAGCGC.TCTACATG"	3
"mES_EBdiff_D20_rep1-CCGCTACG.ACAGACTG"	4
"mES_EBdiff_D20_rep1-CCGCTACG.CACTGTAC"	3
"mES_EBdiff_D20_rep1-CCGCTACG.CGCTTAAT"	2
"mES_EBdiff_D20_rep1-CCGCTACG.GTCCATTC"	4
"mES_EBdiff_D20_rep1-CGACCGTT.ACAGACTG"	4
"mES_EBdiff_D20_rep1-CGACCGTT.ACGAAGAT"	3
"mES_EBdiff_D20_rep1-CGACCGTT.CGCTTAAT"	3
"mES_EBdiff_D20_rep1-CGACCGTT.CGTTACTT"	4
"mES_EBdiff_D20_rep1-CGTCTCGT.AACGTCAG"	4
"mES_EBdiff_D20_rep1-CGTCTCGT.ACGAAGAT"	3
"mES_EBdiff_D20_rep1-CGTCTCGT.ACTTGATA"	4
"mES_EBdiff_D20_rep1-CGTCTCGT.ATACGCCA"	4
"mES_EBdiff_D20_rep1-CGTCTCGT.CTTGGTTA"	3
"mES_EBdiff_D20_rep1-CGTCTCGT.TGACCTTG"	2
"mES_EBdiff_D20_rep1-CGTCTCGT.TTAATCGA"	4
"mES_EBdiff_D20_rep1-CTCGCCGA.ACAGACTG"	4
"mES_EBdiff_D20_rep1-CTGAGGCA.ACCTCTTG"	4
"mES_EBdiff_D20_rep1-CTGAGGCA.AGAGTGTC"	4
"mES_EBdiff_D20_rep1-CTGAGGCA.GAGTACGT"	4
"mES_EBdiff_D20_rep1-CTGAGGCA.GGTCAACT"	3
"mES_EBdiff_D20_rep1-CTGAGGCA.TAGGAGAC"	4
"mES_EBdiff_D20_rep1-CTGAGGCA.TCTACATG"	3
"mES_EBdiff_D20_rep1-CTGCGTAG.ACAGACTG"	4
"mES_EBdiff_D20_rep1-CTGCGTAG.ACCTCTTG"	3
"mES_EBdiff_D20_rep1-CTGCGTAG.CACATGGA"	4
"mES_EBdiff_D20_rep1-CTGCGTAG.CATGTCCA"	4
"mES_EBdiff_D20_rep1-CTGCGTAG.CCATGGAT"	3
"mES_EBdiff_D20_rep1-CTGCGTAG.CGATGACA"	3
"mES_EBdiff_D20_rep1-CTGCGTAG.TTCGCTCA"	2
"mES_EBdiff_D20_rep1-GACTGCCA.AAGCCATC"	3
"mES_EBdiff_D20_rep1-GACTGCCA.ACAGACTG"	3
"mES_EBdiff_D20_rep1-GACTGCCA.ACTTGATA"	4
"mES_EBdiff_D20_rep1-GACTGCCA.CAGCATAT"	4
"mES_EBdiff_D20_rep1-GACTGCCA.CATGTCCA"	3
"mES_EBdiff_D20_rep1-GACTGCCA.GGATTGCT"	2
"mES_EBdiff_D20_rep1-GACTGCCA.GTGACTTG"	4
"mES_EBdiff_D20_rep1-GACTGCCA.TACTAAGC"	3
"mES_EBdiff_D20_rep1-GACTGCCA.TCCGTCTA"	4
"mES_EBdiff_D20_rep1-GACTGCCA.TGCAGTGA"	3
"mES_EBdiff_D20_rep1-GACTGCCA.TGGCAGTT"	3
"mES_EBdiff_D20_rep1-GATGCAGG.ACTCTACG"	3
"mES_EBdiff_D20_rep1-GATGCAGG.AGCATATG"	4
"mES_EBdiff_D20_rep1-GATGCAGG.ATACGCCA"	4
"mES_EBdiff_D20_rep1-GATGCAGG.CGCTTAAT"	1
"mES_EBdiff_D20_rep1-GATGCAGG.GATATAAC"	3
"mES_EBdiff_D20_rep1-GATGCAGG.GCAGGATT"	3
"mES_EBdiff_D20_rep1-GATGCAGG.GTAGACAC"	3
"mES_EBdiff_D20_rep1-GATGCAGG.GTGACTTG"	3
"mES_EBdiff_D20_rep1-GATGCAGG.TAATTACG"	4
"mES_EBdiff_D20_rep1-GATGCAGG.TAGGAGAC"	4
"mES_EBdiff_D20_rep1-GATGCAGG.TATCGCTC"	3
"mES_EBdiff_D20_rep1-GATGCAGG.TGCAGTGA"	3
"mES_EBdiff_D20_rep1-GCGCACAT.AACGTCAG"	3
"mES_EBdiff_D20_rep1-GCGCACAT.ACTGTGGA"	3
"mES_EBdiff_D20_rep1-GCGCACAT.ACTTGATA"	4
"mES_EBdiff_D20_rep1-GCTAGTCG.AACGTCAG"	1
"mES_EBdiff_D20_rep1-GCTAGTCG.ACTTGATA"	2
"mES_EBdiff_D20_rep1-GCTAGTCG.ATACGCCA"	4
"mES_EBdiff_D20_rep1-GCTAGTCG.GAACTATA"	2
"mES_EBdiff_D20_rep1-GCTAGTCG.TGTAATCG"	3
"mES_EBdiff_D20_rep1-GGACGACA.ACAGACTG"	4
"mES_EBdiff_D20_rep1-GGACGACA.ACTTGATA"	4
"mES_EBdiff_D20_rep1-GGACGACA.CAGCATAT"	3
"mES_EBdiff_D20_rep1-GGACGACA.CATTGAGT"	3
"mES_EBdiff_D20_rep1-GGACGACA.GATTGCAG"	4
"mES_EBdiff_D20_rep1-GGACGACA.GTAGACAC"	2
"mES_EBdiff_D20_rep1-GGACGACA.TATCGCTC"	4
"mES_EBdiff_D20_rep1-GGATACCG.ATTACGCT"	3
"mES_EBdiff_D20_rep1-GGATACCG.GAGTACGT"	1
"mES_EBdiff_D20_rep1-GGATACCG.GTTCCGAA"	3
"mES_EBdiff_D20_rep1-GGATACCG.TAATTACG"	4
"mES_EBdiff_D20_rep1-GGCGCTCA.ACCTCTTG"	3
"mES_EBdiff_D20_rep1-GGCGCTCA.ACGAAGAT"	2
"mES_EBdiff_D20_rep1-GGCGCTCA.CGCTTAAT"	3
"mES_EBdiff_D20_rep1-GGCGCTCA.TCCGTCTA"	4
"mES_EBdiff_D20_rep1-GGCTCCGC.CGCTTAAT"	3
"mES_EBdiff_D20_rep1-GGCTCCGC.GTTCCGAA"	3
"mES_EBdiff_D20_rep1-GGTGCCTT.ACCTCTTG"	4
"mES_EBdiff_D20_rep1-GGTGCCTT.ACGTGTGT"	4
"mES_EBdiff_D20_rep1-GGTGCCTT.ATACGCCA"	1
"mES_EBdiff_D20_rep1-GGTGCCTT.CACATGGA"	4
"mES_EBdiff_D20_rep1-GGTGCCTT.CCATGGAT"	4
"mES_EBdiff_D20_rep1-GGTGCCTT.CGTACGTA"	4
"mES_EBdiff_D20_rep1-GGTGCCTT.GTATCTAT"	4
"mES_EBdiff_D20_rep1-GGTGCCTT.TCGCATCA"	4
"mES_EBdiff_D20_rep1-GGTGCCTT.TGGCAGTT"	4
"mES_EBdiff_D20_rep1-GTGGCTGT.AACGTCAG"	3
"mES_EBdiff_D20_rep1-GTGGCTGT.ACAGACTG"	3
"mES_EBdiff_D20_rep1-GTGGCTGT.ACTTGATA"	3
"mES_EBdiff_D20_rep1-GTGGCTGT.AGTTATGC"	2
"mES_EBdiff_D20_rep1-GTGGCTGT.CGCTTAAT"	4
"mES_EBdiff_D20_rep1-GTGGCTGT.GAGTACGT"	3
"mES_EBdiff_D20_rep1-GTGGCTGT.GCAGGATT"	3
"mES_EBdiff_D20_rep1-GTGGCTGT.TACCGGAA"	3
"mES_EBdiff_D20_rep1-GTGGCTGT.TCGTGAAG"	4
"mES_EBdiff_D20_rep1-GTGGCTGT.TGTAATCG"	3
"mES_EBdiff_D20_rep1-TCCGACGC.ACAGACTG"	3
"mES_EBdiff_D20_rep1-TCCGACGC.GGTGTCAT"	3
"mES_EBdiff_D20_rep1-TCCGACGC.GTAGTTCG"	2
"mES_EBdiff_D20_rep1-TCCGACGC.TTAATCGA"	3
"mES_EBdiff_D20_rep1-TCGTGGAC.AACGTCAG"	4
"mES_EBdiff_D20_rep1-TCGTGGAC.ACAGACTG"	3
"mES_EBdiff_D20_rep1-TCGTGGAC.AGTCGTAT"	4
"mES_EBdiff_D20_rep1-TCGTGGAC.ATACGCCA"	3
"mES_EBdiff_D20_rep1-TCGTGGAC.CACTGTAC"	3
"mES_EBdiff_D20_rep1-TCGTGGAC.CATGTCCA"	3
"mES_EBdiff_D20_rep1-TCGTGGAC.GAACTATA"	4
"mES_EBdiff_D20_rep1-TCGTGGAC.GGATTGCT"	3
"mES_EBdiff_D20_rep1-TCGTGGAC.TGGTTATC"	3
"mES_EBdiff_D20_rep1-TGACTGCG.AATCAGAG"	4
"mES_EBdiff_D20_rep1-TGACTGCG.CAGTCCAA"	4
"mES_EBdiff_D20_rep1-TGACTGCG.GTAGACAC"	3
"mES_EBdiff_D20_rep1-TGACTGCG.TACCGGAA"	4
"mES_EBdiff_D20_rep1-TGACTGCG.TCCGTCTA"	4
"mES_EBdiff_D20_rep1-TGAGCCAC.ACTTGATA"	4
"mES_EBdiff_D20_rep1-TGAGCCAC.ATACGCCA"	2
"mES_EBdiff_D20_rep1-TGAGCCAC.ATCCGATT"	3
"mES_EBdiff_D20_rep1-TGAGCCAC.CACTAGCT"	4
"mES_EBdiff_D20_rep1-TGAGCCAC.CACTGTAC"	2
"mES_EBdiff_D20_rep1-TGAGCCAC.CGCTTAAT"	4
"mES_EBdiff_D20_rep1-TGAGCCAC.CTACTAGG"	4
"mES_EBdiff_D20_rep1-TGCTGGTG.AGAGTGTC"	2
"mES_EBdiff_D20_rep1-TGCTGGTG.AGTTATGC"	3
"mES_EBdiff_D20_rep1-TGCTGGTG.GAGTACGT"	4
"mES_EBdiff_D20_rep1-TGCTGGTG.TCGCATCA"	3
"mES_EBdiff_D20_rep1-TGCTGGTG.TTGACCAT"	4
"mES_EBdiff_D20_rep1-TGGAGAGG.AGCAACCT"	2
"mES_EBdiff_D20_rep1-TGGAGAGG.TCACTGAG"	1
"mES_EBdiff_D20_rep2-AACGGTCG.AACGCGTA"	4
"mES_EBdiff_D20_rep2-AACGGTCG.AACGTCAG"	3
"mES_EBdiff_D20_rep2-AACGGTCG.CGATGACA"	3
"mES_EBdiff_D20_rep2-AACGGTCG.GAGTACGT"	4
"mES_EBdiff_D20_rep2-AACGGTCG.TGGTTATC"	4
"mES_EBdiff_D20_rep2-ACCACCAC.ACAGACTG"	4
"mES_EBdiff_D20_rep2-ACCACCAC.AGAGTGTC"	4
"mES_EBdiff_D20_rep2-ACCACCAC.AGCATATG"	4
"mES_EBdiff_D20_rep2-ACCACCAC.CAAGCTGA"	3
"mES_EBdiff_D20_rep2-ACCACCAC.CATGTCCA"	3
"mES_EBdiff_D20_rep2-ACCACCAC.GTATCTAT"	3
"mES_EBdiff_D20_rep2-ACCACCAC.TCGCATCA"	3
"mES_EBdiff_D20_rep2-ACCACCAC.TGGCAGTT"	3
"mES_EBdiff_D20_rep2-AGCGTCTC.AACGTCAG"	4
"mES_EBdiff_D20_rep2-AGCGTCTC.ACAGACTG"	4
"mES_EBdiff_D20_rep2-AGCGTCTC.CCTTATAG"	3
"mES_EBdiff_D20_rep2-AGCGTCTC.GGTGTCAT"	4
"mES_EBdiff_D20_rep2-AGCGTCTC.TCGGTACT"	4
"mES_EBdiff_D20_rep2-AGCGTCTC.TGCAGTGA"	4
"mES_EBdiff_D20_rep2-AGGCTCAG.ACCTCTTG"	4
"mES_EBdiff_D20_rep2-AGGCTCAG.CAAGCTGA"	4
"mES_EBdiff_D20_rep2-AGGCTCAG.CAGCATAT"	4
"mES_EBdiff_D20_rep2-AGGCTCAG.CGATGACA"	4
"mES_EBdiff_D20_rep2-AGGCTCAG.CGCTTAAT"	1
"mES_EBdiff_D20_rep2-AGGCTCAG.GTGTAGCA"	3
"mES_EBdiff_D20_rep2-AGGCTCAG.TGTCTGCA"	1
"mES_EBdiff_D20_rep2-AGGTGCGA.ACAGACTG"	4
"mES_EBdiff_D20_rep2-AGGTGCGA.AGCATATG"	2
"mES_EBdiff_D20_rep2-AGGTGCGA.ATGCTTAA"	3
"mES_EBdiff_D20_rep2-AGGTGCGA.GATATAAC"	4
"mES_EBdiff_D20_rep2-AGGTGCGA.GATTCTTA"	3
"mES_EBdiff_D20_rep2-AGGTGCGA.TATCGCTC"	4
"mES_EBdiff_D20_rep2-AGGTGCGA.TCTTAGTC"	2
"mES_EBdiff_D20_rep2-AGGTGCGA.TTGACCAT"	4
"mES_EBdiff_D20_rep2-AGTACGCG.GGATTGCT"	4
"mES_EBdiff_D20_rep2-AGTACGCG.GTTCCGAA"	4
"mES_EBdiff_D20_rep2-AGTACGCG.TCGTGAAG"	4
"mES_EBdiff_D20_rep2-AGTGGTGC.AACGTCAG"	3
"mES_EBdiff_D20_rep2-AGTGGTGC.ACGTGTGT"	4
"mES_EBdiff_D20_rep2-AGTGGTGC.ACTTGATA"	4
"mES_EBdiff_D20_rep2-AGTGGTGC.CGCTTAAT"	3
"mES_EBdiff_D20_rep2-AGTGGTGC.CGTACGTA"	4
"mES_EBdiff_D20_rep2-AGTGGTGC.CTGATTCT"	4
"mES_EBdiff_D20_rep2-AGTGGTGC.GGATTGCT"	4
"mES_EBdiff_D20_rep2-AGTGGTGC.GGTGTCAT"	4
"mES_EBdiff_D20_rep2-AGTGGTGC.TCACTGAG"	4
"mES_EBdiff_D20_rep2-AGTGGTGC.TCGTGAAG"	4
"mES_EBdiff_D20_rep2-CAACGCCG.AACGCGTA"	4
"mES_EBdiff_D20_rep2-CAACGCCG.ACTGTGGA"	3
"mES_EBdiff_D20_rep2-CAACGCCG.ACTTGATA"	4
"mES_EBdiff_D20_rep2-CAACGCCG.CCATGGAT"	4
"mES_EBdiff_D20_rep2-CAACGCCG.CGCTTAAT"	4
"mES_EBdiff_D20_rep2-CAACGCCG.GTAGTTCG"	3
"mES_EBdiff_D20_rep2-CACCGTGA.ACAGACTG"	4
"mES_EBdiff_D20_rep2-CACCGTGA.ATACGCCA"	4
"mES_EBdiff_D20_rep2-CACCGTGA.GATTCTTA"	2
"mES_EBdiff_D20_rep2-CATAGCGC.AACGTCAG"	3
"mES_EBdiff_D20_rep2-CATAGCGC.AAGAGCTG"	4
"mES_EBdiff_D20_rep2-CATAGCGC.ACAGACTG"	4
"mES_EBdiff_D20_rep2-CATAGCGC.ACTTGATA"	4
"mES_EBdiff_D20_rep2-CATAGCGC.ATCGACGA"	4
"mES_EBdiff_D20_rep2-CATAGCGC.GTGTAGCA"	3
"mES_EBdiff_D20_rep2-CATAGCGC.TACTAAGC"	3
"mES_EBdiff_D20_rep2-CATAGCGC.TCTACATG"	3
"mES_EBdiff_D20_rep2-CCGCTACG.ACAGACTG"	4
"mES_EBdiff_D20_rep2-CCGCTACG.CACTGTAC"	3
"mES_EBdiff_D20_rep2-CCGCTACG.CGATGACA"	2
"mES_EBdiff_D20_rep2-CCGCTACG.CGCTTAAT"	3
"mES_EBdiff_D20_rep2-CCGCTACG.GCTAACGA"	3
"mES_EBdiff_D20_rep2-CCGCTACG.GTCCATTC"	4
"mES_EBdiff_D20_rep2-CCGCTACG.TATCGCTC"	3
"mES_EBdiff_D20_rep2-CGACCGTT.ACAGACTG"	4
"mES_EBdiff_D20_rep2-CGACCGTT.ACGAAGAT"	3
"mES_EBdiff_D20_rep2-CGACCGTT.CGCTTAAT"	4
"mES_EBdiff_D20_rep2-CGACCGTT.CGTTACTT"	4
"mES_EBdiff_D20_rep2-CGACCGTT.TGGTTATC"	3
"mES_EBdiff_D20_rep2-CGCGCAAT.CCATGGAT"	3
"mES_EBdiff_D20_rep2-CGCGCAAT.GTAGACAC"	4
"mES_EBdiff_D20_rep2-CGCGCAAT.TCTTAGTC"	4
"mES_EBdiff_D20_rep2-CGTCTCGT.AACGTCAG"	4
"mES_EBdiff_D20_rep2-CGTCTCGT.ACGAAGAT"	3
"mES_EBdiff_D20_rep2-CGTCTCGT.ACTTGATA"	4
"mES_EBdiff_D20_rep2-CGTCTCGT.AGGTCTCA"	4
"mES_EBdiff_D20_rep2-CGTCTCGT.AGTTATGC"	3
"mES_EBdiff_D20_rep2-CGTCTCGT.ATACGCCA"	4
"mES_EBdiff_D20_rep2-CGTCTCGT.ATCGACGA"	3
"mES_EBdiff_D20_rep2-CGTCTCGT.CACATGGA"	3
"mES_EBdiff_D20_rep2-CGTCTCGT.CTTGGTTA"	4
"mES_EBdiff_D20_rep2-CGTCTCGT.GATGATCC"	1
"mES_EBdiff_D20_rep2-CGTCTCGT.GGTGTCAT"	3
"mES_EBdiff_D20_rep2-CGTCTCGT.TGACCTTG"	3
"mES_EBdiff_D20_rep2-CGTCTCGT.TTAATCGA"	4
"mES_EBdiff_D20_rep2-CTCGCCGA.ACAGACTG"	4
"mES_EBdiff_D20_rep2-CTCGCCGA.TCGTGAAG"	4
"mES_EBdiff_D20_rep2-CTCGCCGA.TGAGGCAA"	4
"mES_EBdiff_D20_rep2-CTGAGGCA.ACCTCTTG"	4
"mES_EBdiff_D20_rep2-CTGAGGCA.AGAGTGTC"	4
"mES_EBdiff_D20_rep2-CTGAGGCA.ATTACGCT"	3
"mES_EBdiff_D20_rep2-CTGAGGCA.GAGTACGT"	4
"mES_EBdiff_D20_rep2-CTGAGGCA.GGTCAACT"	4
"mES_EBdiff_D20_rep2-CTGAGGCA.TAGGAGAC"	4
"mES_EBdiff_D20_rep2-CTGAGGCA.TCTACATG"	4
"mES_EBdiff_D20_rep2-CTGCGTAG.ACAGACTG"	4
"mES_EBdiff_D20_rep2-CTGCGTAG.ACCTCTTG"	3
"mES_EBdiff_D20_rep2-CTGCGTAG.CACATGGA"	4
"mES_EBdiff_D20_rep2-CTGCGTAG.CATGTCCA"	4
"mES_EBdiff_D20_rep2-CTGCGTAG.CCATGGAT"	4
"mES_EBdiff_D20_rep2-CTGCGTAG.CGATGACA"	3
"mES_EBdiff_D20_rep2-CTGCGTAG.TTCGCTCA"	3
"mES_EBdiff_D20_rep2-GACTGCCA.AAGCCATC"	4
"mES_EBdiff_D20_rep2-GACTGCCA.ACAGACTG"	3
"mES_EBdiff_D20_rep2-GACTGCCA.ACTTGATA"	4
"mES_EBdiff_D20_rep2-GACTGCCA.CAGCATAT"	4
"mES_EBdiff_D20_rep2-GACTGCCA.CATGTCCA"	3
"mES_EBdiff_D20_rep2-GACTGCCA.GGATTGCT"	2
"mES_EBdiff_D20_rep2-GACTGCCA.GTGACTTG"	4
"mES_EBdiff_D20_rep2-GACTGCCA.TACTAAGC"	3
"mES_EBdiff_D20_rep2-GACTGCCA.TCCGTCTA"	4
"mES_EBdiff_D20_rep2-GACTGCCA.TGCAGTGA"	3
"mES_EBdiff_D20_rep2-GACTGCCA.TGGCAGTT"	3
"mES_EBdiff_D20_rep2-GATGCAGG.ACTCTACG"	4
"mES_EBdiff_D20_rep2-GATGCAGG.AGCATATG"	4
"mES_EBdiff_D20_rep2-GATGCAGG.ATACGCCA"	4
"mES_EBdiff_D20_rep2-GATGCAGG.CGCTTAAT"	1
"mES_EBdiff_D20_rep2-GATGCAGG.GATATAAC"	3
"mES_EBdiff_D20_rep2-GATGCAGG.GCAGGATT"	4
"mES_EBdiff_D20_rep2-GATGCAGG.GTAGACAC"	4
"mES_EBdiff_D20_rep2-GATGCAGG.GTGACTTG"	4
"mES_EBdiff_D20_rep2-GATGCAGG.TAATTACG"	4
"mES_EBdiff_D20_rep2-GATGCAGG.TAGGAGAC"	4
"mES_EBdiff_D20_rep2-GATGCAGG.TATCGCTC"	4
"mES_EBdiff_D20_rep2-GATGCAGG.TGCAGTGA"	4
"mES_EBdiff_D20_rep2-GCGCACAT.AACGTCAG"	3
"mES_EBdiff_D20_rep2-GCGCACAT.ACAGACTG"	3
"mES_EBdiff_D20_rep2-GCGCACAT.ACTGTGGA"	3
"mES_EBdiff_D20_rep2-GCGCACAT.ACTTGATA"	4
"mES_EBdiff_D20_rep2-GCGCACAT.CGATGACA"	3
"mES_EBdiff_D20_rep2-GCGCACAT.CTACTAGG"	1
"mES_EBdiff_D20_rep2-GCTAGTCG.AACGTCAG"	1
"mES_EBdiff_D20_rep2-GCTAGTCG.ACTTGATA"	2
"mES_EBdiff_D20_rep2-GCTAGTCG.ATACGCCA"	4
"mES_EBdiff_D20_rep2-GCTAGTCG.GAACTATA"	3
"mES_EBdiff_D20_rep2-GCTAGTCG.TGTAATCG"	4
"mES_EBdiff_D20_rep2-GGACGACA.ACAGACTG"	4
"mES_EBdiff_D20_rep2-GGACGACA.ACTTGATA"	4
"mES_EBdiff_D20_rep2-GGACGACA.CAGCATAT"	4
"mES_EBdiff_D20_rep2-GGACGACA.CATTGAGT"	4
"mES_EBdiff_D20_rep2-GGACGACA.GATTGCAG"	4
"mES_EBdiff_D20_rep2-GGACGACA.GTAGACAC"	3
"mES_EBdiff_D20_rep2-GGACGACA.TATCGCTC"	4
"mES_EBdiff_D20_rep2-GGATACCG.ATTACGCT"	4
"mES_EBdiff_D20_rep2-GGATACCG.GAGTACGT"	1
"mES_EBdiff_D20_rep2-GGATACCG.GTAGTTCG"	3
"mES_EBdiff_D20_rep2-GGATACCG.GTTCCGAA"	4
"mES_EBdiff_D20_rep2-GGATACCG.TAATTACG"	4
"mES_EBdiff_D20_rep2-GGCGCTCA.ACCTCTTG"	3
"mES_EBdiff_D20_rep2-GGCGCTCA.ACGAAGAT"	2
"mES_EBdiff_D20_rep2-GGCGCTCA.CGCTTAAT"	3
"mES_EBdiff_D20_rep2-GGCGCTCA.TCCGTCTA"	4
"mES_EBdiff_D20_rep2-GGCTCCGC.ATACATGT"	2
"mES_EBdiff_D20_rep2-GGCTCCGC.CGCTTAAT"	4
"mES_EBdiff_D20_rep2-GGCTCCGC.GTTCCGAA"	4
"mES_EBdiff_D20_rep2-GGCTCCGC.TACCGGAA"	1
"mES_EBdiff_D20_rep2-GGCTCCGC.TTCGCTCA"	4
"mES_EBdiff_D20_rep2-GGTGCCTT.ACCTCTTG"	4
"mES_EBdiff_D20_rep2-GGTGCCTT.ACGTGTGT"	4
"mES_EBdiff_D20_rep2-GGTGCCTT.ATACGCCA"	1
"mES_EBdiff_D20_rep2-GGTGCCTT.CACATGGA"	4
"mES_EBdiff_D20_rep2-GGTGCCTT.CCATGGAT"	4
"mES_EBdiff_D20_rep2-GGTGCCTT.CGTACGTA"	4
"mES_EBdiff_D20_rep2-GGTGCCTT.GTATCTAT"	4
"mES_EBdiff_D20_rep2-GGTGCCTT.TCGCATCA"	4
"mES_EBdiff_D20_rep2-GGTGCCTT.TGGCAGTT"	4
"mES_EBdiff_D20_rep2-GTGGCTGT.AACGTCAG"	3
"mES_EBdiff_D20_rep2-GTGGCTGT.ACAGACTG"	4
"mES_EBdiff_D20_rep2-GTGGCTGT.ACTTGATA"	3
"mES_EBdiff_D20_rep2-GTGGCTGT.AGTTATGC"	3
"mES_EBdiff_D20_rep2-GTGGCTGT.CGCTTAAT"	4
"mES_EBdiff_D20_rep2-GTGGCTGT.GAGTACGT"	4
"mES_EBdiff_D20_rep2-GTGGCTGT.GCAGGATT"	3
"mES_EBdiff_D20_rep2-GTGGCTGT.TACCGGAA"	3
"mES_EBdiff_D20_rep2-GTGGCTGT.TCGTGAAG"	4
"mES_EBdiff_D20_rep2-GTGGCTGT.TGTAATCG"	3
"mES_EBdiff_D20_rep2-TCCGACGC.ACAGACTG"	3
"mES_EBdiff_D20_rep2-TCCGACGC.GGTGTCAT"	3
"mES_EBdiff_D20_rep2-TCCGACGC.GTAGTTCG"	3
"mES_EBdiff_D20_rep2-TCCGACGC.TTAATCGA"	3
"mES_EBdiff_D20_rep2-TCGTGGAC.AACGTCAG"	4
"mES_EBdiff_D20_rep2-TCGTGGAC.ACAGACTG"	4
"mES_EBdiff_D20_rep2-TCGTGGAC.AGTCGTAT"	4
"mES_EBdiff_D20_rep2-TCGTGGAC.ATACGCCA"	3
"mES_EBdiff_D20_rep2-TCGTGGAC.CACTGTAC"	4
"mES_EBdiff_D20_rep2-TCGTGGAC.CATGTCCA"	4
"mES_EBdiff_D20_rep2-TCGTGGAC.GAACTATA"	4
"mES_EBdiff_D20_rep2-TCGTGGAC.GGATTGCT"	4
"mES_EBdiff_D20_rep2-TCGTGGAC.TGGTTATC"	4
"mES_EBdiff_D20_rep2-TGACTGCG.AATCAGAG"	4
"mES_EBdiff_D20_rep2-TGACTGCG.CAGTCCAA"	4
"mES_EBdiff_D20_rep2-TGACTGCG.GTAGACAC"	4
"mES_EBdiff_D20_rep2-TGACTGCG.TACCGGAA"	4
"mES_EBdiff_D20_rep2-TGACTGCG.TCCGTCTA"	4
"mES_EBdiff_D20_rep2-TGAGCCAC.ACTTGATA"	4
"mES_EBdiff_D20_rep2-TGAGCCAC.ATACGCCA"	2
"mES_EBdiff_D20_rep2-TGAGCCAC.ATCCGATT"	4
"mES_EBdiff_D20_rep2-TGAGCCAC.CACTAGCT"	4
"mES_EBdiff_D20_rep2-TGAGCCAC.CACTGTAC"	3
"mES_EBdiff_D20_rep2-TGAGCCAC.CGCTTAAT"	4
"mES_EBdiff_D20_rep2-TGAGCCAC.CTACTAGG"	4
"mES_EBdiff_D20_rep2-TGCTGGTG.AGAGTGTC"	2
"mES_EBdiff_D20_rep2-TGCTGGTG.AGTTATGC"	4
"mES_EBdiff_D20_rep2-TGCTGGTG.GAGTACGT"	4
"mES_EBdiff_D20_rep2-TGCTGGTG.TCGCATCA"	4
"mES_EBdiff_D20_rep2-TGCTGGTG.TTGACCAT"	4
"mES_EBdiff_D20_rep2-TGGAGAGG.AGCAACCT"	3
"mES_EBdiff_D20_rep2-TGGAGAGG.TCACTGAG"	1
