"mES_EBdiff_D20_rep1-AAGCCGGT.AACGCGTA"	3
"mES_EBdiff_D20_rep1-AAGCCGGT.AACGTCAG"	3
"mES_EBdiff_D20_rep1-AAGCCGGT.GTAGACAC"	2
"mES_EBdiff_D20_rep1-AAGCCGGT.TCCGTCTA"	3
"mES_EBdiff_D20_rep1-AAGCCGGT.TGTAATCG"	4
"mES_EBdiff_D20_rep1-AAGCCGGT.TTAATCGA"	3
"mES_EBdiff_D20_rep1-AAGCCGGT.TTCGCTCA"	4
"mES_EBdiff_D20_rep1-ACGATGCC.ACAGACTG"	4
"mES_EBdiff_D20_rep1-ACGATGCC.ACTGTGGA"	2
"mES_EBdiff_D20_rep1-ACGATGCC.CGCTTAAT"	3
"mES_EBdiff_D20_rep1-ACGATGCC.CTAGTGAA"	2
"mES_EBdiff_D20_rep1-ACGATGCC.GGTCAACT"	4
"mES_EBdiff_D20_rep1-ACGATGCC.TCACTGAG"	4
"mES_EBdiff_D20_rep1-ACGATGCC.TCCGTCTA"	1
"mES_EBdiff_D20_rep1-ACGATGCC.TCTACATG"	3
"mES_EBdiff_D20_rep1-ACGATGCC.TTGACCAT"	4
"mES_EBdiff_D20_rep1-ATCCGCGG.ACAGACTG"	3
"mES_EBdiff_D20_rep1-ATCCGCGG.ATACGCCA"	3
"mES_EBdiff_D20_rep1-ATCCGCGG.CCATGGAT"	4
"mES_EBdiff_D20_rep1-ATCCGCGG.CGCTTAAT"	3
"mES_EBdiff_D20_rep1-ATCCGCGG.CTACTAGG"	3
"mES_EBdiff_D20_rep1-ATCCGCGG.TCACTGAG"	2
"mES_EBdiff_D20_rep1-ATCCGCGG.TCCGTCTA"	4
"mES_EBdiff_D20_rep1-ATCCGCGG.TCGGTACT"	4
"mES_EBdiff_D20_rep1-CACCTGTG.CGCTTAAT"	2
"mES_EBdiff_D20_rep1-CCGGTGGT.CCTTATAG"	2
"mES_EBdiff_D20_rep1-CCGGTGGT.CGCTTAAT"	2
"mES_EBdiff_D20_rep1-CCGGTGGT.CGTACGTA"	3
"mES_EBdiff_D20_rep1-CCGGTGGT.CTACTAGG"	3
"mES_EBdiff_D20_rep1-CCGGTGGT.GATGATCC"	2
"mES_EBdiff_D20_rep1-CCGGTGGT.TGAGGCAA"	3
"mES_EBdiff_D20_rep1-CCGGTGGT.TGGCAGTT"	1
"mES_EBdiff_D20_rep1-CCGGTGGT.TGGTTATC"	4
"mES_EBdiff_D20_rep1-CCGGTGGT.TGTCTGCA"	3
"mES_EBdiff_D20_rep1-CCGGTGGT.TTCGCTCA"	3
"mES_EBdiff_D20_rep1-CCTTGACC.AACGTCAG"	4
"mES_EBdiff_D20_rep1-CCTTGACC.ACCTCTTG"	2
"mES_EBdiff_D20_rep1-CCTTGACC.ATCGACGA"	4
"mES_EBdiff_D20_rep1-CCTTGACC.GTAGTTCG"	2
"mES_EBdiff_D20_rep1-CCTTGACC.TACCGGAA"	4
"mES_EBdiff_D20_rep1-CGACATGG.ACAGACTG"	2
"mES_EBdiff_D20_rep1-CGACATGG.AGAGTGTC"	2
"mES_EBdiff_D20_rep1-CGACATGG.ATCGACGA"	3
"mES_EBdiff_D20_rep1-CGACATGG.CACATGGA"	2
"mES_EBdiff_D20_rep1-CGACATGG.CGCCAATA"	2
"mES_EBdiff_D20_rep1-CGACATGG.GTATCTAT"	4
"mES_EBdiff_D20_rep1-CGACATGG.TTAACGTC"	2
"mES_EBdiff_D20_rep1-CGACATGG.TTAATCGA"	3
"mES_EBdiff_D20_rep1-CGAGAACC.ACAGACTG"	1
"mES_EBdiff_D20_rep1-CGAGAACC.ACTCTACG"	3
"mES_EBdiff_D20_rep1-CGAGAACC.CGCTTAAT"	3
"mES_EBdiff_D20_rep1-CGAGAACC.GATGATCC"	4
"mES_EBdiff_D20_rep1-CGAGAACC.TACTAAGC"	4
"mES_EBdiff_D20_rep1-CGAGAACC.TCCGTCTA"	3
"mES_EBdiff_D20_rep1-CGATGCTC.ACGAAGAT"	2
"mES_EBdiff_D20_rep1-CGATGCTC.ACTTGATA"	2
"mES_EBdiff_D20_rep1-CGATGCTC.GAGTACGT"	4
"mES_EBdiff_D20_rep1-CGATGCTC.GTAGTTCG"	2
"mES_EBdiff_D20_rep1-CGATGCTC.TGTCTGCA"	3
"mES_EBdiff_D20_rep1-CGCTGTCT.CACATGGA"	4
"mES_EBdiff_D20_rep1-CGCTGTCT.CAGCATAT"	4
"mES_EBdiff_D20_rep1-CGCTGTCT.CATGTCCA"	2
"mES_EBdiff_D20_rep1-CGCTGTCT.CCATGGAT"	2
"mES_EBdiff_D20_rep1-CGCTGTCT.CGTACGTA"	3
"mES_EBdiff_D20_rep1-CGCTGTCT.GATATAAC"	3
"mES_EBdiff_D20_rep1-CGCTGTCT.TACCGGAA"	2
"mES_EBdiff_D20_rep1-CGGCACCA.ACAGACTG"	3
"mES_EBdiff_D20_rep1-CGGCACCA.AGTCGTAT"	2
"mES_EBdiff_D20_rep1-CGGCACCA.ATACGCCA"	2
"mES_EBdiff_D20_rep1-CGGCACCA.ATCGACGA"	2
"mES_EBdiff_D20_rep1-CGGCACCA.CCATGGAT"	2
"mES_EBdiff_D20_rep1-CGGCACCA.CGCTTAAT"	2
"mES_EBdiff_D20_rep1-CGGCACCA.CTAGTGAA"	4
"mES_EBdiff_D20_rep1-CGGCACCA.GATGATCC"	4
"mES_EBdiff_D20_rep1-CGGCACCA.TCGGTACT"	2
"mES_EBdiff_D20_rep1-CGTGTTCG.ACAGACTG"	3
"mES_EBdiff_D20_rep1-GACCGAAG.AAGAGCTG"	2
"mES_EBdiff_D20_rep1-GACCGAAG.AGGTCTCA"	1
"mES_EBdiff_D20_rep1-GACCGAAG.CAAGCTGA"	3
"mES_EBdiff_D20_rep1-GACCGAAG.CGATGACA"	4
"mES_EBdiff_D20_rep1-GACCGAAG.CGCTTAAT"	3
"mES_EBdiff_D20_rep1-GACCGAAG.CTGTCATT"	4
"mES_EBdiff_D20_rep1-GACCGAAG.CTTAGAAG"	2
"mES_EBdiff_D20_rep1-GAGCCTAC.ACAGACTG"	4
"mES_EBdiff_D20_rep1-GAGCCTAC.ACTGTGGA"	4
"mES_EBdiff_D20_rep1-GAGCCTAC.CGCTTAAT"	3
"mES_EBdiff_D20_rep1-GAGCCTAC.GATATAAC"	4
"mES_EBdiff_D20_rep1-GCACCATG.ACAGACTG"	1
"mES_EBdiff_D20_rep1-GCACCATG.CGATGACA"	2
"mES_EBdiff_D20_rep1-GCACCATG.CGCTTAAT"	3
"mES_EBdiff_D20_rep1-GCACCATG.CGTTACTT"	3
"mES_EBdiff_D20_rep1-GCACCATG.GTCATAGT"	3
"mES_EBdiff_D20_rep1-GCACCATG.TGTAATCG"	2
"mES_EBdiff_D20_rep1-GCTACGGT.ACAGACTG"	3
"mES_EBdiff_D20_rep1-GCTACGGT.ACGAAGAT"	4
"mES_EBdiff_D20_rep1-GCTACGGT.ACTTGATA"	3
"mES_EBdiff_D20_rep1-GCTACGGT.CGCTTAAT"	4
"mES_EBdiff_D20_rep1-GCTGAGAC.ACAGACTG"	2
"mES_EBdiff_D20_rep1-GCTGAGAC.ACGTGTGT"	3
"mES_EBdiff_D20_rep1-GCTGAGAC.ACTCTACG"	2
"mES_EBdiff_D20_rep1-GCTGAGAC.GAACTATA"	2
"mES_EBdiff_D20_rep1-GCTGAGAC.TCACTGAG"	2
"mES_EBdiff_D20_rep1-GCTGAGAC.TCAGATGC"	2
"mES_EBdiff_D20_rep1-GCTGAGAC.TCCGTCTA"	1
"mES_EBdiff_D20_rep1-GCTGAGAC.TGCAGTGA"	2
"mES_EBdiff_D20_rep1-GGTCAGTG.AACGCGTA"	3
"mES_EBdiff_D20_rep1-GGTCAGTG.ACGAAGAT"	4
"mES_EBdiff_D20_rep1-GGTCAGTG.CGATGACA"	2
"mES_EBdiff_D20_rep1-GGTCAGTG.GTCCATTC"	4
"mES_EBdiff_D20_rep1-GGTCAGTG.GTTCCGAA"	4
"mES_EBdiff_D20_rep1-GGTCAGTG.TATCTTGT"	3
"mES_EBdiff_D20_rep1-GGTCAGTG.TGTCTGCA"	2
"mES_EBdiff_D20_rep1-GGTCAGTG.TTCTCGAG"	2
"mES_EBdiff_D20_rep1-GTGAACGG.AACGTCAG"	4
"mES_EBdiff_D20_rep1-GTGAACGG.ATACGCCA"	2
"mES_EBdiff_D20_rep1-GTGAACGG.CAGTCCAA"	2
"mES_EBdiff_D20_rep1-GTGAACGG.CGAATTGC"	4
"mES_EBdiff_D20_rep1-GTGAACGG.CGCTTAAT"	3
"mES_EBdiff_D20_rep1-GTGAACGG.GGATTGCT"	3
"mES_EBdiff_D20_rep1-GTGAACGG.GGTGTCAT"	2
"mES_EBdiff_D20_rep1-GTGAACGG.TCCGTCTA"	4
"mES_EBdiff_D20_rep1-GTTCCACC.AAGCCATC"	3
"mES_EBdiff_D20_rep1-GTTCCACC.ACGTGTGT"	4
"mES_EBdiff_D20_rep1-GTTCCACC.ATACGCCA"	3
"mES_EBdiff_D20_rep1-GTTCCACC.CAAGCTGA"	4
"mES_EBdiff_D20_rep1-GTTCCACC.CTACTAGG"	2
"mES_EBdiff_D20_rep1-GTTCCACC.TCGGTACT"	4
"mES_EBdiff_D20_rep1-TACACCGG.AACGTCAG"	4
"mES_EBdiff_D20_rep1-TACACCGG.ACTGTGGA"	4
"mES_EBdiff_D20_rep1-TACACCGG.CGATGACA"	4
"mES_EBdiff_D20_rep1-TACACCGG.GTAGTTCG"	1
"mES_EBdiff_D20_rep1-TACACCGG.TCACTGAG"	4
"mES_EBdiff_D20_rep1-TCGCAGGA.ATATCAGA"	2
"mES_EBdiff_D20_rep1-TCGCAGGA.CGCTTAAT"	3
"mES_EBdiff_D20_rep1-TCGCAGGA.TAATTACG"	3
"mES_EBdiff_D20_rep1-TCGCAGGA.TCGGTACT"	4
"mES_EBdiff_D20_rep1-TCGCAGGA.TGGCAGTT"	3
"mES_EBdiff_D20_rep1-TCGCAGGA.TTAACGTC"	3
"mES_EBdiff_D20_rep1-TTGTGCCG.AATCAGAG"	4
"mES_EBdiff_D20_rep1-TTGTGCCG.ACAGACTG"	3
"mES_EBdiff_D20_rep1-TTGTGCCG.CTGTCATT"	3
"mES_EBdiff_D20_rep1-TTGTGCCG.GTTCCGAA"	2
"mES_EBdiff_D20_rep1-TTGTGCCG.TAGGAGAC"	3
"mES_EBdiff_D20_rep1-TTGTGCCG.TATCGCTC"	4
"mES_EBdiff_D20_rep2-AAGCCGGT.AACGCGTA"	4
"mES_EBdiff_D20_rep2-AAGCCGGT.AACGTCAG"	4
"mES_EBdiff_D20_rep2-AAGCCGGT.GTAGACAC"	3
"mES_EBdiff_D20_rep2-AAGCCGGT.TCCGTCTA"	3
"mES_EBdiff_D20_rep2-AAGCCGGT.TGTAATCG"	4
"mES_EBdiff_D20_rep2-AAGCCGGT.TTAATCGA"	3
"mES_EBdiff_D20_rep2-AAGCCGGT.TTCGCTCA"	4
"mES_EBdiff_D20_rep2-ACGATGCC.ACAGACTG"	4
"mES_EBdiff_D20_rep2-ACGATGCC.ACTGTGGA"	3
"mES_EBdiff_D20_rep2-ACGATGCC.CGCTTAAT"	3
"mES_EBdiff_D20_rep2-ACGATGCC.CTAGTGAA"	3
"mES_EBdiff_D20_rep2-ACGATGCC.GGTCAACT"	4
"mES_EBdiff_D20_rep2-ACGATGCC.TCACTGAG"	4
"mES_EBdiff_D20_rep2-ACGATGCC.TCCGTCTA"	1
"mES_EBdiff_D20_rep2-ACGATGCC.TCTACATG"	3
"mES_EBdiff_D20_rep2-ACGATGCC.TTGACCAT"	4
"mES_EBdiff_D20_rep2-ATCCGCGG.ACAGACTG"	3
"mES_EBdiff_D20_rep2-ATCCGCGG.ATACGCCA"	3
"mES_EBdiff_D20_rep2-ATCCGCGG.CCATGGAT"	4
"mES_EBdiff_D20_rep2-ATCCGCGG.CGCTTAAT"	4
"mES_EBdiff_D20_rep2-ATCCGCGG.CTACTAGG"	4
"mES_EBdiff_D20_rep2-ATCCGCGG.TCACTGAG"	3
"mES_EBdiff_D20_rep2-ATCCGCGG.TCCGTCTA"	4
"mES_EBdiff_D20_rep2-ATCCGCGG.TCGGTACT"	4
"mES_EBdiff_D20_rep2-CACCTGTG.ACAGACTG"	1
"mES_EBdiff_D20_rep2-CACCTGTG.CGCTTAAT"	3
"mES_EBdiff_D20_rep2-CACCTGTG.CGTACGTA"	2
"mES_EBdiff_D20_rep2-CACCTGTG.GCAGGATT"	2
"mES_EBdiff_D20_rep2-CCGGTGGT.CCTTATAG"	2
"mES_EBdiff_D20_rep2-CCGGTGGT.CGCTTAAT"	2
"mES_EBdiff_D20_rep2-CCGGTGGT.CGTACGTA"	3
"mES_EBdiff_D20_rep2-CCGGTGGT.CTACTAGG"	3
"mES_EBdiff_D20_rep2-CCGGTGGT.GAACTATA"	1
"mES_EBdiff_D20_rep2-CCGGTGGT.GATGATCC"	3
"mES_EBdiff_D20_rep2-CCGGTGGT.TGAGGCAA"	3
"mES_EBdiff_D20_rep2-CCGGTGGT.TGGCAGTT"	1
"mES_EBdiff_D20_rep2-CCGGTGGT.TGGTTATC"	4
"mES_EBdiff_D20_rep2-CCGGTGGT.TGTCTGCA"	3
"mES_EBdiff_D20_rep2-CCGGTGGT.TTCGCTCA"	4
"mES_EBdiff_D20_rep2-CCTTGACC.AACGTCAG"	4
"mES_EBdiff_D20_rep2-CCTTGACC.ACCTCTTG"	2
"mES_EBdiff_D20_rep2-CCTTGACC.ATCGACGA"	4
"mES_EBdiff_D20_rep2-CCTTGACC.GTAGTTCG"	2
"mES_EBdiff_D20_rep2-CCTTGACC.TACCGGAA"	4
"mES_EBdiff_D20_rep2-CGACATGG.ACAGACTG"	3
"mES_EBdiff_D20_rep2-CGACATGG.AGAGTGTC"	2
"mES_EBdiff_D20_rep2-CGACATGG.ATCGACGA"	3
"mES_EBdiff_D20_rep2-CGACATGG.ATGCTTAA"	2
"mES_EBdiff_D20_rep2-CGACATGG.CACATGGA"	3
"mES_EBdiff_D20_rep2-CGACATGG.CGCCAATA"	3
"mES_EBdiff_D20_rep2-CGACATGG.GTATCTAT"	4
"mES_EBdiff_D20_rep2-CGACATGG.TTAACGTC"	3
"mES_EBdiff_D20_rep2-CGACATGG.TTAATCGA"	3
"mES_EBdiff_D20_rep2-CGAGAACC.ACAGACTG"	1
"mES_EBdiff_D20_rep2-CGAGAACC.ACTCTACG"	4
"mES_EBdiff_D20_rep2-CGAGAACC.CGCTTAAT"	2
"mES_EBdiff_D20_rep2-CGAGAACC.GATGATCC"	4
"mES_EBdiff_D20_rep2-CGAGAACC.TACTAAGC"	4
"mES_EBdiff_D20_rep2-CGAGAACC.TCCGTCTA"	4
"mES_EBdiff_D20_rep2-CGATGCTC.ACGAAGAT"	3
"mES_EBdiff_D20_rep2-CGATGCTC.ACTTGATA"	2
"mES_EBdiff_D20_rep2-CGATGCTC.GAGTACGT"	4
"mES_EBdiff_D20_rep2-CGATGCTC.GTAGTTCG"	3
"mES_EBdiff_D20_rep2-CGATGCTC.TGTCTGCA"	4
"mES_EBdiff_D20_rep2-CGATGCTC.TTCTCGAG"	2
"mES_EBdiff_D20_rep2-CGCTGTCT.ACCTCTTG"	1
"mES_EBdiff_D20_rep2-CGCTGTCT.CAAGCTGA"	2
"mES_EBdiff_D20_rep2-CGCTGTCT.CACATGGA"	4
"mES_EBdiff_D20_rep2-CGCTGTCT.CAGCATAT"	4
"mES_EBdiff_D20_rep2-CGCTGTCT.CATGTCCA"	3
"mES_EBdiff_D20_rep2-CGCTGTCT.CCATGGAT"	3
"mES_EBdiff_D20_rep2-CGCTGTCT.CGTACGTA"	4
"mES_EBdiff_D20_rep2-CGCTGTCT.GATATAAC"	3
"mES_EBdiff_D20_rep2-CGCTGTCT.TACCGGAA"	3
"mES_EBdiff_D20_rep2-CGCTGTCT.TGGTTATC"	2
"mES_EBdiff_D20_rep2-CGGCACCA.ACAGACTG"	4
"mES_EBdiff_D20_rep2-CGGCACCA.AGTCGTAT"	3
"mES_EBdiff_D20_rep2-CGGCACCA.ATACGCCA"	3
"mES_EBdiff_D20_rep2-CGGCACCA.ATCGACGA"	3
"mES_EBdiff_D20_rep2-CGGCACCA.CCATGGAT"	2
"mES_EBdiff_D20_rep2-CGGCACCA.CGCTTAAT"	2
"mES_EBdiff_D20_rep2-CGGCACCA.CTAGTGAA"	4
"mES_EBdiff_D20_rep2-CGGCACCA.GATGATCC"	4
"mES_EBdiff_D20_rep2-CGGCACCA.TCGGTACT"	2
"mES_EBdiff_D20_rep2-CGTGTTCG.ACAGACTG"	4
"mES_EBdiff_D20_rep2-CGTGTTCG.AGGTCTCA"	3
"mES_EBdiff_D20_rep2-CGTGTTCG.CACTAGCT"	3
"mES_EBdiff_D20_rep2-CGTGTTCG.CGTACGTA"	2
"mES_EBdiff_D20_rep2-GACCGAAG.AAGAGCTG"	3
"mES_EBdiff_D20_rep2-GACCGAAG.AGGTCTCA"	1
"mES_EBdiff_D20_rep2-GACCGAAG.CAAGCTGA"	3
"mES_EBdiff_D20_rep2-GACCGAAG.CGATGACA"	4
"mES_EBdiff_D20_rep2-GACCGAAG.CGCTTAAT"	4
"mES_EBdiff_D20_rep2-GACCGAAG.CTGTCATT"	4
"mES_EBdiff_D20_rep2-GACCGAAG.CTTAGAAG"	3
"mES_EBdiff_D20_rep2-GAGCCTAC.ACAGACTG"	4
"mES_EBdiff_D20_rep2-GAGCCTAC.ACTGTGGA"	4
"mES_EBdiff_D20_rep2-GAGCCTAC.CGCTTAAT"	4
"mES_EBdiff_D20_rep2-GAGCCTAC.GATATAAC"	4
"mES_EBdiff_D20_rep2-GCACCATG.ACAGACTG"	1
"mES_EBdiff_D20_rep2-GCACCATG.CGATGACA"	3
"mES_EBdiff_D20_rep2-GCACCATG.CGCTTAAT"	3
"mES_EBdiff_D20_rep2-GCACCATG.CGTTACTT"	3
"mES_EBdiff_D20_rep2-GCACCATG.GTCATAGT"	4
"mES_EBdiff_D20_rep2-GCACCATG.TGTAATCG"	3
"mES_EBdiff_D20_rep2-GCTACGGT.ACAGACTG"	3
"mES_EBdiff_D20_rep2-GCTACGGT.ACGAAGAT"	4
"mES_EBdiff_D20_rep2-GCTACGGT.ACTTGATA"	3
"mES_EBdiff_D20_rep2-GCTACGGT.CGCTTAAT"	4
"mES_EBdiff_D20_rep2-GCTGAGAC.ACAGACTG"	3
"mES_EBdiff_D20_rep2-GCTGAGAC.ACGTGTGT"	3
"mES_EBdiff_D20_rep2-GCTGAGAC.ACTCTACG"	3
"mES_EBdiff_D20_rep2-GCTGAGAC.GAACTATA"	2
"mES_EBdiff_D20_rep2-GCTGAGAC.TCACTGAG"	3
"mES_EBdiff_D20_rep2-GCTGAGAC.TCAGATGC"	2
"mES_EBdiff_D20_rep2-GCTGAGAC.TCCGTCTA"	1
"mES_EBdiff_D20_rep2-GCTGAGAC.TGCAGTGA"	2
"mES_EBdiff_D20_rep2-GGTCAGTG.AACGCGTA"	3
"mES_EBdiff_D20_rep2-GGTCAGTG.ACGAAGAT"	4
"mES_EBdiff_D20_rep2-GGTCAGTG.CGATGACA"	3
"mES_EBdiff_D20_rep2-GGTCAGTG.GTCCATTC"	4
"mES_EBdiff_D20_rep2-GGTCAGTG.GTTCCGAA"	4
"mES_EBdiff_D20_rep2-GGTCAGTG.TATCTTGT"	4
"mES_EBdiff_D20_rep2-GGTCAGTG.TGTCTGCA"	2
"mES_EBdiff_D20_rep2-GGTCAGTG.TTCTCGAG"	2
"mES_EBdiff_D20_rep2-GTGAACGG.AACGTCAG"	4
"mES_EBdiff_D20_rep2-GTGAACGG.ATACGCCA"	3
"mES_EBdiff_D20_rep2-GTGAACGG.CAGTCCAA"	3
"mES_EBdiff_D20_rep2-GTGAACGG.CGAATTGC"	4
"mES_EBdiff_D20_rep2-GTGAACGG.CGCTTAAT"	3
"mES_EBdiff_D20_rep2-GTGAACGG.GGATTGCT"	4
"mES_EBdiff_D20_rep2-GTGAACGG.GGTGTCAT"	3
"mES_EBdiff_D20_rep2-GTGAACGG.GTGACTTG"	1
"mES_EBdiff_D20_rep2-GTGAACGG.TCCGTCTA"	4
"mES_EBdiff_D20_rep2-GTTCCACC.AAGCCATC"	3
"mES_EBdiff_D20_rep2-GTTCCACC.ACGTGTGT"	4
"mES_EBdiff_D20_rep2-GTTCCACC.ATACGCCA"	4
"mES_EBdiff_D20_rep2-GTTCCACC.CAAGCTGA"	4
"mES_EBdiff_D20_rep2-GTTCCACC.CTACTAGG"	3
"mES_EBdiff_D20_rep2-GTTCCACC.TCGGTACT"	4
"mES_EBdiff_D20_rep2-TACACCGG.AACGTCAG"	4
"mES_EBdiff_D20_rep2-TACACCGG.ACTGTGGA"	4
"mES_EBdiff_D20_rep2-TACACCGG.CGATGACA"	4
"mES_EBdiff_D20_rep2-TACACCGG.GTAGTTCG"	1
"mES_EBdiff_D20_rep2-TACACCGG.TCACTGAG"	4
"mES_EBdiff_D20_rep2-TCGCAGGA.ATATCAGA"	3
"mES_EBdiff_D20_rep2-TCGCAGGA.CGCTTAAT"	3
"mES_EBdiff_D20_rep2-TCGCAGGA.TAATTACG"	4
"mES_EBdiff_D20_rep2-TCGCAGGA.TCGGTACT"	4
"mES_EBdiff_D20_rep2-TCGCAGGA.TGGCAGTT"	3
"mES_EBdiff_D20_rep2-TCGCAGGA.TTAACGTC"	4
"mES_EBdiff_D20_rep2-TTGTGCCG.AATCAGAG"	4
"mES_EBdiff_D20_rep2-TTGTGCCG.ACAGACTG"	4
"mES_EBdiff_D20_rep2-TTGTGCCG.CTGTCATT"	4
"mES_EBdiff_D20_rep2-TTGTGCCG.GTTCCGAA"	3
"mES_EBdiff_D20_rep2-TTGTGCCG.TAGGAGAC"	4
"mES_EBdiff_D20_rep2-TTGTGCCG.TATCGCTC"	4
