"mES_EBdiff_D7_rep1-AAGCCGGT.AAGCCATC"	1
"mES_EBdiff_D7_rep1-AAGCCGGT.AATCAGAG"	3
"mES_EBdiff_D7_rep1-AAGCCGGT.ACGAAGAT"	3
"mES_EBdiff_D7_rep1-AAGCCGGT.ACTGTGGA"	3
"mES_EBdiff_D7_rep1-AAGCCGGT.AGCAACCT"	3
"mES_EBdiff_D7_rep1-AAGCCGGT.AGTCGTAT"	4
"mES_EBdiff_D7_rep1-AAGCCGGT.CAAGCTGA"	3
"mES_EBdiff_D7_rep1-AAGCCGGT.CATGTCCA"	4
"mES_EBdiff_D7_rep1-AAGCCGGT.CATTGAGT"	3
"mES_EBdiff_D7_rep1-AAGCCGGT.CCATGGAT"	3
"mES_EBdiff_D7_rep1-AAGCCGGT.CGTACGTA"	4
"mES_EBdiff_D7_rep1-AAGCCGGT.CGTTACTT"	3
"mES_EBdiff_D7_rep1-AAGCCGGT.CTACTAGG"	3
"mES_EBdiff_D7_rep1-AAGCCGGT.GCAGGATT"	2
"mES_EBdiff_D7_rep1-AAGCCGGT.GCCATTAA"	3
"mES_EBdiff_D7_rep1-AAGCCGGT.GGATTGCT"	3
"mES_EBdiff_D7_rep1-AAGCCGGT.GGTGTCAT"	3
"mES_EBdiff_D7_rep1-AAGCCGGT.GTAGTTCG"	4
"mES_EBdiff_D7_rep1-AAGCCGGT.GTCCATTC"	3
"mES_EBdiff_D7_rep1-AAGCCGGT.GTGTAGCA"	3
"mES_EBdiff_D7_rep1-AAGCCGGT.TACCGGAA"	4
"mES_EBdiff_D7_rep1-AAGCCGGT.TATCGCTC"	3
"mES_EBdiff_D7_rep1-AAGCCGGT.TATCTTGT"	4
"mES_EBdiff_D7_rep1-AAGCCGGT.TCAAGCCT"	4
"mES_EBdiff_D7_rep1-AAGCCGGT.TGAGGCAA"	3
"mES_EBdiff_D7_rep1-ACGATGCC.ACAGACTG"	3
"mES_EBdiff_D7_rep1-ACGATGCC.ACTGTGGA"	3
"mES_EBdiff_D7_rep1-ACGATGCC.AGCATATG"	3
"mES_EBdiff_D7_rep1-ACGATGCC.AGGTCTCA"	2
"mES_EBdiff_D7_rep1-ACGATGCC.ATATCAGA"	3
"mES_EBdiff_D7_rep1-ACGATGCC.GAACTATA"	1
"mES_EBdiff_D7_rep1-ACGATGCC.GCTAACGA"	4
"mES_EBdiff_D7_rep1-ACGATGCC.GGTGTCAT"	4
"mES_EBdiff_D7_rep1-ACGATGCC.TCACTGAG"	4
"mES_EBdiff_D7_rep1-ACGATGCC.TCAGATGC"	2
"mES_EBdiff_D7_rep1-ACGATGCC.TGGTTATC"	4
"mES_EBdiff_D7_rep1-ATCCGCGG.AACGCGTA"	3
"mES_EBdiff_D7_rep1-ATCCGCGG.AAGCCATC"	4
"mES_EBdiff_D7_rep1-ATCCGCGG.AATCAGAG"	3
"mES_EBdiff_D7_rep1-ATCCGCGG.ATCGACGA"	3
"mES_EBdiff_D7_rep1-ATCCGCGG.CATTGAGT"	3
"mES_EBdiff_D7_rep1-ATCCGCGG.CGAATTGC"	4
"mES_EBdiff_D7_rep1-ATCCGCGG.GAGTACGT"	3
"mES_EBdiff_D7_rep1-ATCCGCGG.GATGATCC"	3
"mES_EBdiff_D7_rep1-ATCCGCGG.GCCATTAA"	3
"mES_EBdiff_D7_rep1-ATCCGCGG.GGATTGCT"	3
"mES_EBdiff_D7_rep1-ATCCGCGG.GTAGACAC"	3
"mES_EBdiff_D7_rep1-ATCCGCGG.GTAGTTCG"	4
"mES_EBdiff_D7_rep1-ATCCGCGG.GTTCCGAA"	3
"mES_EBdiff_D7_rep1-ATCCGCGG.TAATTACG"	4
"mES_EBdiff_D7_rep1-ATCCGCGG.TATCTTGT"	4
"mES_EBdiff_D7_rep1-ATCCGCGG.TCTTAGTC"	4
"mES_EBdiff_D7_rep1-ATCCGCGG.TGCAGTGA"	3
"mES_EBdiff_D7_rep1-ATCCGCGG.TGGTTATC"	4
"mES_EBdiff_D7_rep1-ATCCGCGG.TTAACGTC"	3
"mES_EBdiff_D7_rep1-ATCCGCGG.TTCGCTCA"	3
"mES_EBdiff_D7_rep1-CACCTGTG.AATCAGAG"	3
"mES_EBdiff_D7_rep1-CACCTGTG.CACTGTAC"	3
"mES_EBdiff_D7_rep1-CACCTGTG.CGTTACTT"	2
"mES_EBdiff_D7_rep1-CACCTGTG.GAGTACGT"	1
"mES_EBdiff_D7_rep1-CACCTGTG.GATATAAC"	4
"mES_EBdiff_D7_rep1-CACCTGTG.GCTAACGA"	4
"mES_EBdiff_D7_rep1-CCGGTGGT.AACGCGTA"	3
"mES_EBdiff_D7_rep1-CCGGTGGT.AATCAGAG"	3
"mES_EBdiff_D7_rep1-CCGGTGGT.ACGTGTGT"	4
"mES_EBdiff_D7_rep1-CCGGTGGT.ACTTGATA"	3
"mES_EBdiff_D7_rep1-CCGGTGGT.AGAGTGTC"	1
"mES_EBdiff_D7_rep1-CCGGTGGT.CGAATTGC"	2
"mES_EBdiff_D7_rep1-CCGGTGGT.CTGATTCT"	4
"mES_EBdiff_D7_rep1-CCGGTGGT.GGTCAACT"	3
"mES_EBdiff_D7_rep1-CCGGTGGT.GTAGACAC"	3
"mES_EBdiff_D7_rep1-CCGGTGGT.GTAGTTCG"	4
"mES_EBdiff_D7_rep1-CCGGTGGT.GTATCTAT"	4
"mES_EBdiff_D7_rep1-CCGGTGGT.GTGACTTG"	2
"mES_EBdiff_D7_rep1-CCGGTGGT.TCGGTACT"	4
"mES_EBdiff_D7_rep1-CCGGTGGT.TGGCAGTT"	3
"mES_EBdiff_D7_rep1-CCGGTGGT.TGTAATCG"	3
"mES_EBdiff_D7_rep1-CCGGTGGT.TTGACCAT"	4
"mES_EBdiff_D7_rep1-CCTTGACC.ACAGACTG"	4
"mES_EBdiff_D7_rep1-CCTTGACC.ACTGCTAC"	2
"mES_EBdiff_D7_rep1-CCTTGACC.ACTGTGGA"	3
"mES_EBdiff_D7_rep1-CCTTGACC.ATACGCCA"	3
"mES_EBdiff_D7_rep1-CCTTGACC.ATATCAGA"	3
"mES_EBdiff_D7_rep1-CCTTGACC.CACTGTAC"	2
"mES_EBdiff_D7_rep1-CCTTGACC.CAGCATAT"	4
"mES_EBdiff_D7_rep1-CCTTGACC.CCATGGAT"	4
"mES_EBdiff_D7_rep1-CCTTGACC.CTGATTCT"	2
"mES_EBdiff_D7_rep1-CCTTGACC.GATGATCC"	3
"mES_EBdiff_D7_rep1-CCTTGACC.TCTACATG"	4
"mES_EBdiff_D7_rep1-CGACATGG.AACGCGTA"	3
"mES_EBdiff_D7_rep1-CGACATGG.ACGTTCAC"	4
"mES_EBdiff_D7_rep1-CGACATGG.AGCATATG"	4
"mES_EBdiff_D7_rep1-CGACATGG.CACTAGCT"	4
"mES_EBdiff_D7_rep1-CGACATGG.CATTGAGT"	3
"mES_EBdiff_D7_rep1-CGACATGG.CGAATTGC"	4
"mES_EBdiff_D7_rep1-CGACATGG.CTGATTCT"	4
"mES_EBdiff_D7_rep1-CGACATGG.CTTAGAAG"	3
"mES_EBdiff_D7_rep1-CGACATGG.CTTGGTTA"	1
"mES_EBdiff_D7_rep1-CGACATGG.GGATTGCT"	3
"mES_EBdiff_D7_rep1-CGACATGG.GGTGTCAT"	1
"mES_EBdiff_D7_rep1-CGACATGG.TAGGAGAC"	2
"mES_EBdiff_D7_rep1-CGACATGG.TATCTTGT"	3
"mES_EBdiff_D7_rep1-CGACATGG.TCGCATCA"	2
"mES_EBdiff_D7_rep1-CGACATGG.TGAGGCAA"	4
"mES_EBdiff_D7_rep1-CGACATGG.TGCAGTGA"	4
"mES_EBdiff_D7_rep1-CGACATGG.TGGCAGTT"	4
"mES_EBdiff_D7_rep1-CGACATGG.TTAACGTC"	4
"mES_EBdiff_D7_rep1-CGACATGG.TTCTCGAG"	3
"mES_EBdiff_D7_rep1-CGAGAACC.ACCTCTTG"	3
"mES_EBdiff_D7_rep1-CGAGAACC.GATATAAC"	4
"mES_EBdiff_D7_rep1-CGAGAACC.GCTAACGA"	3
"mES_EBdiff_D7_rep1-CGAGAACC.GGTCAACT"	2
"mES_EBdiff_D7_rep1-CGAGAACC.GTCATAGT"	3
"mES_EBdiff_D7_rep1-CGAGAACC.TATCGCTC"	4
"mES_EBdiff_D7_rep1-CGAGAACC.TCACTGAG"	3
"mES_EBdiff_D7_rep1-CGAGAACC.TTAATCGA"	4
"mES_EBdiff_D7_rep1-CGATGCTC.ACTGTGGA"	2
"mES_EBdiff_D7_rep1-CGATGCTC.ATTACGCT"	3
"mES_EBdiff_D7_rep1-CGATGCTC.CAAGCTGA"	1
"mES_EBdiff_D7_rep1-CGATGCTC.CATGTCCA"	3
"mES_EBdiff_D7_rep1-CGATGCTC.CCTTATAG"	3
"mES_EBdiff_D7_rep1-CGATGCTC.CTGATTCT"	3
"mES_EBdiff_D7_rep1-CGATGCTC.CTTGGTTA"	2
"mES_EBdiff_D7_rep1-CGATGCTC.GATTCTTA"	3
"mES_EBdiff_D7_rep1-CGATGCTC.GCCATTAA"	2
"mES_EBdiff_D7_rep1-CGATGCTC.GTATCTAT"	4
"mES_EBdiff_D7_rep1-CGATGCTC.GTGACTTG"	3
"mES_EBdiff_D7_rep1-CGATGCTC.GTTCCGAA"	3
"mES_EBdiff_D7_rep1-CGATGCTC.TACTAAGC"	3
"mES_EBdiff_D7_rep1-CGATGCTC.TCCGTCTA"	3
"mES_EBdiff_D7_rep1-CGATGCTC.TCTTAGTC"	4
"mES_EBdiff_D7_rep1-CGATGCTC.TGTAATCG"	4
"mES_EBdiff_D7_rep1-CGCTGTCT.ACAGACTG"	4
"mES_EBdiff_D7_rep1-CGCTGTCT.ACGAAGAT"	3
"mES_EBdiff_D7_rep1-CGCTGTCT.ACTGCTAC"	4
"mES_EBdiff_D7_rep1-CGCTGTCT.CAAGCTGA"	4
"mES_EBdiff_D7_rep1-CGCTGTCT.CACTAGCT"	3
"mES_EBdiff_D7_rep1-CGCTGTCT.CATGTCCA"	2
"mES_EBdiff_D7_rep1-CGCTGTCT.CGTTACTT"	4
"mES_EBdiff_D7_rep1-CGCTGTCT.CTAGTGAA"	3
"mES_EBdiff_D7_rep1-CGCTGTCT.GGTCAACT"	3
"mES_EBdiff_D7_rep1-CGCTGTCT.GTGTAGCA"	3
"mES_EBdiff_D7_rep1-CGCTGTCT.TAGGAGAC"	4
"mES_EBdiff_D7_rep1-CGCTGTCT.TCAAGCCT"	4
"mES_EBdiff_D7_rep1-CGCTGTCT.TCGGTACT"	3
"mES_EBdiff_D7_rep1-CGGCACCA.ACTCTACG"	3
"mES_EBdiff_D7_rep1-CGGCACCA.AGCATATG"	3
"mES_EBdiff_D7_rep1-CGGCACCA.CAGCATAT"	3
"mES_EBdiff_D7_rep1-CGGCACCA.CCATGGAT"	4
"mES_EBdiff_D7_rep1-CGGCACCA.CGTTACTT"	4
"mES_EBdiff_D7_rep1-CGGCACCA.CTAGTGAA"	4
"mES_EBdiff_D7_rep1-CGGCACCA.GAACTATA"	3
"mES_EBdiff_D7_rep1-CGGCACCA.GATGATCC"	3
"mES_EBdiff_D7_rep1-CGGCACCA.GCTAACGA"	4
"mES_EBdiff_D7_rep1-CGGCACCA.GGTCAACT"	3
"mES_EBdiff_D7_rep1-CGGCACCA.GTAGACAC"	2
"mES_EBdiff_D7_rep1-CGGCACCA.GTCATAGT"	4
"mES_EBdiff_D7_rep1-CGGCACCA.GTCCATTC"	3
"mES_EBdiff_D7_rep1-CGGCACCA.GTGTAGCA"	3
"mES_EBdiff_D7_rep1-CGGCACCA.TAATTACG"	2
"mES_EBdiff_D7_rep1-CGGCACCA.TCGCATCA"	3
"mES_EBdiff_D7_rep1-CGGCACCA.TCGGTACT"	2
"mES_EBdiff_D7_rep1-CGGCACCA.TGAGGCAA"	3
"mES_EBdiff_D7_rep1-CGGCACCA.TGCAGTGA"	3
"mES_EBdiff_D7_rep1-CGTGTTCG.AATCAGAG"	4
"mES_EBdiff_D7_rep1-CGTGTTCG.ACGTGTGT"	4
"mES_EBdiff_D7_rep1-CGTGTTCG.ACTGCTAC"	2
"mES_EBdiff_D7_rep1-CGTGTTCG.ATTACGCT"	4
"mES_EBdiff_D7_rep1-CGTGTTCG.CACATGGA"	4
"mES_EBdiff_D7_rep1-CGTGTTCG.CACTAGCT"	3
"mES_EBdiff_D7_rep1-CGTGTTCG.CACTGTAC"	4
"mES_EBdiff_D7_rep1-CGTGTTCG.CATGTCCA"	3
"mES_EBdiff_D7_rep1-CGTGTTCG.CATTGAGT"	3
"mES_EBdiff_D7_rep1-CGTGTTCG.CCATGGAT"	3
"mES_EBdiff_D7_rep1-CGTGTTCG.CGCCAATA"	3
"mES_EBdiff_D7_rep1-CGTGTTCG.CGCTTAAT"	4
"mES_EBdiff_D7_rep1-CGTGTTCG.CTACTAGG"	3
"mES_EBdiff_D7_rep1-CGTGTTCG.TAGGAGAC"	3
"mES_EBdiff_D7_rep1-CGTGTTCG.TCAAGCCT"	3
"mES_EBdiff_D7_rep1-CGTGTTCG.TCGTGAAG"	3
"mES_EBdiff_D7_rep1-CGTGTTCG.TGTCTGCA"	3
"mES_EBdiff_D7_rep1-CGTGTTCG.TTAATCGA"	2
"mES_EBdiff_D7_rep1-GACCGAAG.AACGCGTA"	1
"mES_EBdiff_D7_rep1-GACCGAAG.ACGTGTGT"	3
"mES_EBdiff_D7_rep1-GACCGAAG.ACTTGATA"	2
"mES_EBdiff_D7_rep1-GACCGAAG.AGTCGTAT"	4
"mES_EBdiff_D7_rep1-GACCGAAG.ATACATGT"	3
"mES_EBdiff_D7_rep1-GACCGAAG.ATCCGATT"	1
"mES_EBdiff_D7_rep1-GACCGAAG.CAAGCTGA"	4
"mES_EBdiff_D7_rep1-GACCGAAG.CACATGGA"	1
"mES_EBdiff_D7_rep1-GACCGAAG.CACTAGCT"	4
"mES_EBdiff_D7_rep1-GACCGAAG.CACTGTAC"	3
"mES_EBdiff_D7_rep1-GACCGAAG.CAGTCCAA"	3
"mES_EBdiff_D7_rep1-GACCGAAG.CATTGAGT"	4
"mES_EBdiff_D7_rep1-GACCGAAG.CGAATTGC"	3
"mES_EBdiff_D7_rep1-GACCGAAG.GAACTATA"	3
"mES_EBdiff_D7_rep1-GACCGAAG.GCTAACGA"	3
"mES_EBdiff_D7_rep1-GACCGAAG.GGTGTCAT"	3
"mES_EBdiff_D7_rep1-GACCGAAG.GTGACTTG"	4
"mES_EBdiff_D7_rep1-GACCGAAG.GTTCCGAA"	3
"mES_EBdiff_D7_rep1-GACCGAAG.TCAAGCCT"	3
"mES_EBdiff_D7_rep1-GACCGAAG.TCTACATG"	3
"mES_EBdiff_D7_rep1-GACCGAAG.TGGTTATC"	4
"mES_EBdiff_D7_rep1-GACCGAAG.TTGACCAT"	2
"mES_EBdiff_D7_rep1-GAGCCTAC.ACTCTACG"	4
"mES_EBdiff_D7_rep1-GAGCCTAC.ACTGCTAC"	3
"mES_EBdiff_D7_rep1-GAGCCTAC.AGTCGTAT"	1
"mES_EBdiff_D7_rep1-GAGCCTAC.ATATCAGA"	3
"mES_EBdiff_D7_rep1-GAGCCTAC.ATCGACGA"	3
"mES_EBdiff_D7_rep1-GAGCCTAC.ATTACGCT"	3
"mES_EBdiff_D7_rep1-GAGCCTAC.CGCTTAAT"	3
"mES_EBdiff_D7_rep1-GAGCCTAC.CGTACGTA"	4
"mES_EBdiff_D7_rep1-GAGCCTAC.CTGATTCT"	1
"mES_EBdiff_D7_rep1-GAGCCTAC.CTTAGAAG"	3
"mES_EBdiff_D7_rep1-GAGCCTAC.CTTGGTTA"	3
"mES_EBdiff_D7_rep1-GAGCCTAC.GGTCAACT"	3
"mES_EBdiff_D7_rep1-GAGCCTAC.TAATTACG"	3
"mES_EBdiff_D7_rep1-GAGCCTAC.TACCGGAA"	4
"mES_EBdiff_D7_rep1-GAGCCTAC.TCGGTACT"	3
"mES_EBdiff_D7_rep1-GAGCCTAC.TGGTTATC"	3
"mES_EBdiff_D7_rep1-GAGCCTAC.TGTCTGCA"	3
"mES_EBdiff_D7_rep1-GCACCATG.ACTGCTAC"	4
"mES_EBdiff_D7_rep1-GCACCATG.ACTTGATA"	2
"mES_EBdiff_D7_rep1-GCACCATG.ATACATGT"	4
"mES_EBdiff_D7_rep1-GCACCATG.ATCCGATT"	4
"mES_EBdiff_D7_rep1-GCACCATG.ATTACGCT"	3
"mES_EBdiff_D7_rep1-GCACCATG.CAAGCTGA"	4
"mES_EBdiff_D7_rep1-GCACCATG.GAACTATA"	3
"mES_EBdiff_D7_rep1-GCACCATG.GCAGGATT"	3
"mES_EBdiff_D7_rep1-GCACCATG.GTAGTTCG"	4
"mES_EBdiff_D7_rep1-GCACCATG.TACTAAGC"	4
"mES_EBdiff_D7_rep1-GCACCATG.TTCGCTCA"	4
"mES_EBdiff_D7_rep1-GCTACGGT.AATCAGAG"	3
"mES_EBdiff_D7_rep1-GCTACGGT.AGGTCTCA"	2
"mES_EBdiff_D7_rep1-GCTACGGT.AGTCGTAT"	3
"mES_EBdiff_D7_rep1-GCTACGGT.ATCCGATT"	3
"mES_EBdiff_D7_rep1-GCTACGGT.ATGCTTAA"	3
"mES_EBdiff_D7_rep1-GCTACGGT.CACTAGCT"	4
"mES_EBdiff_D7_rep1-GCTACGGT.CACTGTAC"	4
"mES_EBdiff_D7_rep1-GCTACGGT.CATGTCCA"	3
"mES_EBdiff_D7_rep1-GCTACGGT.CCATGGAT"	3
"mES_EBdiff_D7_rep1-GCTACGGT.CGTACGTA"	3
"mES_EBdiff_D7_rep1-GCTACGGT.CGTTACTT"	2
"mES_EBdiff_D7_rep1-GCTACGGT.CTTGGTTA"	4
"mES_EBdiff_D7_rep1-GCTACGGT.GAACTATA"	3
"mES_EBdiff_D7_rep1-GCTACGGT.GGTGTCAT"	3
"mES_EBdiff_D7_rep1-GCTACGGT.GTAGACAC"	1
"mES_EBdiff_D7_rep1-GCTACGGT.GTCATAGT"	3
"mES_EBdiff_D7_rep1-GCTACGGT.TAATTACG"	4
"mES_EBdiff_D7_rep1-GCTACGGT.TGACCTTG"	4
"mES_EBdiff_D7_rep1-GCTACGGT.TGTAATCG"	3
"mES_EBdiff_D7_rep1-GCTGAGAC.ACGAAGAT"	4
"mES_EBdiff_D7_rep1-GCTGAGAC.AGTCGTAT"	4
"mES_EBdiff_D7_rep1-GCTGAGAC.AGTTATGC"	3
"mES_EBdiff_D7_rep1-GCTGAGAC.CACATGGA"	4
"mES_EBdiff_D7_rep1-GCTGAGAC.CACTAGCT"	3
"mES_EBdiff_D7_rep1-GCTGAGAC.CACTGTAC"	3
"mES_EBdiff_D7_rep1-GCTGAGAC.CAGCATAT"	3
"mES_EBdiff_D7_rep1-GCTGAGAC.CATTGAGT"	3
"mES_EBdiff_D7_rep1-GCTGAGAC.CGATGACA"	3
"mES_EBdiff_D7_rep1-GCTGAGAC.TCACTGAG"	3
"mES_EBdiff_D7_rep1-GCTGAGAC.TCAGATGC"	2
"mES_EBdiff_D7_rep1-GCTGAGAC.TCTTAGTC"	3
"mES_EBdiff_D7_rep1-GCTGAGAC.TTCGCTCA"	3
"mES_EBdiff_D7_rep1-GGTCAGTG.AAGAGCTG"	2
"mES_EBdiff_D7_rep1-GGTCAGTG.ACTCTACG"	3
"mES_EBdiff_D7_rep1-GGTCAGTG.AGTTATGC"	2
"mES_EBdiff_D7_rep1-GGTCAGTG.CAGCATAT"	3
"mES_EBdiff_D7_rep1-GGTCAGTG.CATTGAGT"	3
"mES_EBdiff_D7_rep1-GGTCAGTG.CCTTATAG"	4
"mES_EBdiff_D7_rep1-GGTCAGTG.CGTTACTT"	3
"mES_EBdiff_D7_rep1-GGTCAGTG.CTAGTGAA"	4
"mES_EBdiff_D7_rep1-GGTCAGTG.CTGTCATT"	3
"mES_EBdiff_D7_rep1-GGTCAGTG.CTTAGAAG"	3
"mES_EBdiff_D7_rep1-GGTCAGTG.GAACTATA"	3
"mES_EBdiff_D7_rep1-GGTCAGTG.GAGTACGT"	3
"mES_EBdiff_D7_rep1-GGTCAGTG.GATGATCC"	3
"mES_EBdiff_D7_rep1-GGTCAGTG.GCAGGATT"	3
"mES_EBdiff_D7_rep1-GGTCAGTG.GCCATTAA"	2
"mES_EBdiff_D7_rep1-GGTCAGTG.GGATTGCT"	4
"mES_EBdiff_D7_rep1-GGTCAGTG.GTAGACAC"	3
"mES_EBdiff_D7_rep1-GGTCAGTG.GTAGTTCG"	4
"mES_EBdiff_D7_rep1-GGTCAGTG.TCTACATG"	4
"mES_EBdiff_D7_rep1-GTGAACGG.AAGCCATC"	3
"mES_EBdiff_D7_rep1-GTGAACGG.AATCAGAG"	2
"mES_EBdiff_D7_rep1-GTGAACGG.AGAGTGTC"	3
"mES_EBdiff_D7_rep1-GTGAACGG.AGCATATG"	4
"mES_EBdiff_D7_rep1-GTGAACGG.ATCGACGA"	3
"mES_EBdiff_D7_rep1-GTGAACGG.ATGCTTAA"	2
"mES_EBdiff_D7_rep1-GTGAACGG.ATTACGCT"	3
"mES_EBdiff_D7_rep1-GTGAACGG.CACTGTAC"	1
"mES_EBdiff_D7_rep1-GTGAACGG.CATTGAGT"	4
"mES_EBdiff_D7_rep1-GTGAACGG.CGAATTGC"	3
"mES_EBdiff_D7_rep1-GTGAACGG.CGTACGTA"	3
"mES_EBdiff_D7_rep1-GTGAACGG.CTTAGAAG"	4
"mES_EBdiff_D7_rep1-GTGAACGG.GATGATCC"	4
"mES_EBdiff_D7_rep1-GTGAACGG.GGTCAACT"	4
"mES_EBdiff_D7_rep1-GTGAACGG.GTATCTAT"	4
"mES_EBdiff_D7_rep1-GTGAACGG.GTGACTTG"	2
"mES_EBdiff_D7_rep1-GTGAACGG.TATCGCTC"	4
"mES_EBdiff_D7_rep1-GTTCCACC.ACTGCTAC"	2
"mES_EBdiff_D7_rep1-GTTCCACC.ACTTGATA"	3
"mES_EBdiff_D7_rep1-GTTCCACC.AGAGTGTC"	3
"mES_EBdiff_D7_rep1-GTTCCACC.AGCAACCT"	3
"mES_EBdiff_D7_rep1-GTTCCACC.AGGTCTCA"	3
"mES_EBdiff_D7_rep1-GTTCCACC.AGTCGTAT"	3
"mES_EBdiff_D7_rep1-GTTCCACC.ATACGCCA"	4
"mES_EBdiff_D7_rep1-GTTCCACC.ATTACGCT"	3
"mES_EBdiff_D7_rep1-GTTCCACC.CACTGTAC"	3
"mES_EBdiff_D7_rep1-GTTCCACC.CGAATTGC"	3
"mES_EBdiff_D7_rep1-GTTCCACC.CGCTTAAT"	3
"mES_EBdiff_D7_rep1-GTTCCACC.CGTACGTA"	3
"mES_EBdiff_D7_rep1-GTTCCACC.CTGTCATT"	4
"mES_EBdiff_D7_rep1-GTTCCACC.CTTAGAAG"	3
"mES_EBdiff_D7_rep1-GTTCCACC.CTTGGTTA"	2
"mES_EBdiff_D7_rep1-GTTCCACC.GATTGCAG"	3
"mES_EBdiff_D7_rep1-GTTCCACC.GCCATTAA"	3
"mES_EBdiff_D7_rep1-GTTCCACC.GCTAACGA"	4
"mES_EBdiff_D7_rep1-GTTCCACC.GGTCAACT"	3
"mES_EBdiff_D7_rep1-GTTCCACC.GTGACTTG"	3
"mES_EBdiff_D7_rep1-GTTCCACC.GTTCCGAA"	2
"mES_EBdiff_D7_rep1-GTTCCACC.TAATTACG"	4
"mES_EBdiff_D7_rep1-GTTCCACC.TATCTTGT"	3
"mES_EBdiff_D7_rep1-GTTCCACC.TCTTAGTC"	3
"mES_EBdiff_D7_rep1-GTTCCACC.TTAACGTC"	3
"mES_EBdiff_D7_rep1-GTTCCACC.TTCGCTCA"	4
"mES_EBdiff_D7_rep1-GTTCCACC.TTGACCAT"	4
"mES_EBdiff_D7_rep1-TACACCGG.ACTCTACG"	3
"mES_EBdiff_D7_rep1-TACACCGG.ACTGCTAC"	4
"mES_EBdiff_D7_rep1-TACACCGG.ACTGTGGA"	3
"mES_EBdiff_D7_rep1-TACACCGG.CGCCAATA"	3
"mES_EBdiff_D7_rep1-TACACCGG.CGCTTAAT"	3
"mES_EBdiff_D7_rep1-TACACCGG.CGTTACTT"	4
"mES_EBdiff_D7_rep1-TACACCGG.GCCATTAA"	3
"mES_EBdiff_D7_rep1-TACACCGG.GGTCAACT"	3
"mES_EBdiff_D7_rep1-TACACCGG.GTATCTAT"	3
"mES_EBdiff_D7_rep1-TACACCGG.TATCGCTC"	3
"mES_EBdiff_D7_rep1-TACACCGG.TCGCATCA"	4
"mES_EBdiff_D7_rep1-TACACCGG.TCGGTACT"	3
"mES_EBdiff_D7_rep1-TACACCGG.TGGCAGTT"	4
"mES_EBdiff_D7_rep1-TACACCGG.TTAACGTC"	3
"mES_EBdiff_D7_rep1-TCGCAGGA.AACGTCAG"	4
"mES_EBdiff_D7_rep1-TCGCAGGA.ACGTTCAC"	3
"mES_EBdiff_D7_rep1-TCGCAGGA.AGCATATG"	2
"mES_EBdiff_D7_rep1-TCGCAGGA.AGGTCTCA"	4
"mES_EBdiff_D7_rep1-TCGCAGGA.AGTTATGC"	2
"mES_EBdiff_D7_rep1-TCGCAGGA.ATCGACGA"	3
"mES_EBdiff_D7_rep1-TCGCAGGA.CACATGGA"	3
"mES_EBdiff_D7_rep1-TCGCAGGA.CACTAGCT"	2
"mES_EBdiff_D7_rep1-TCGCAGGA.CTGATTCT"	3
"mES_EBdiff_D7_rep1-TCGCAGGA.GGATTGCT"	4
"mES_EBdiff_D7_rep1-TCGCAGGA.GGTCAACT"	4
"mES_EBdiff_D7_rep1-TCGCAGGA.GGTGTCAT"	3
"mES_EBdiff_D7_rep1-TCGCAGGA.GTGACTTG"	3
"mES_EBdiff_D7_rep1-TCGCAGGA.GTGTAGCA"	3
"mES_EBdiff_D7_rep1-TCGCAGGA.TACCGGAA"	3
"mES_EBdiff_D7_rep1-TCGCAGGA.TATCTTGT"	4
"mES_EBdiff_D7_rep1-TCGCAGGA.TCAGATGC"	3
"mES_EBdiff_D7_rep1-TCGCAGGA.TCGGTACT"	3
"mES_EBdiff_D7_rep1-TCGCAGGA.TGCAGTGA"	2
"mES_EBdiff_D7_rep1-TCGCAGGA.TTGACCAT"	3
"mES_EBdiff_D7_rep1-TTGTGCCG.AGTTATGC"	4
"mES_EBdiff_D7_rep1-TTGTGCCG.CAGTCCAA"	3
"mES_EBdiff_D7_rep1-TTGTGCCG.CATTGAGT"	4
"mES_EBdiff_D7_rep1-TTGTGCCG.CCATGGAT"	3
"mES_EBdiff_D7_rep1-TTGTGCCG.CGAATTGC"	1
"mES_EBdiff_D7_rep1-TTGTGCCG.CGCCAATA"	3
"mES_EBdiff_D7_rep1-TTGTGCCG.CGTTACTT"	3
"mES_EBdiff_D7_rep1-TTGTGCCG.GATATAAC"	2
"mES_EBdiff_D7_rep1-TTGTGCCG.GCAGGATT"	3
"mES_EBdiff_D7_rep1-TTGTGCCG.GTAGACAC"	3
"mES_EBdiff_D7_rep1-TTGTGCCG.GTCCATTC"	3
"mES_EBdiff_D7_rep1-TTGTGCCG.GTGTAGCA"	4
"mES_EBdiff_D7_rep1-TTGTGCCG.TACTAAGC"	4
"mES_EBdiff_D7_rep1-TTGTGCCG.TCACTGAG"	3
"mES_EBdiff_D7_rep1-TTGTGCCG.TCTTAGTC"	3
"mES_EBdiff_D7_rep1-TTGTGCCG.TTGACCAT"	3
"mES_EBdiff_D7_rep2-AAGCCGGT.AAGCCATC"	1
"mES_EBdiff_D7_rep2-AAGCCGGT.AATCAGAG"	3
"mES_EBdiff_D7_rep2-AAGCCGGT.ACGAAGAT"	3
"mES_EBdiff_D7_rep2-AAGCCGGT.ACTGTGGA"	3
"mES_EBdiff_D7_rep2-AAGCCGGT.AGCAACCT"	3
"mES_EBdiff_D7_rep2-AAGCCGGT.AGTCGTAT"	3
"mES_EBdiff_D7_rep2-AAGCCGGT.CAAGCTGA"	3
"mES_EBdiff_D7_rep2-AAGCCGGT.CATGTCCA"	4
"mES_EBdiff_D7_rep2-AAGCCGGT.CATTGAGT"	3
"mES_EBdiff_D7_rep2-AAGCCGGT.CCATGGAT"	3
"mES_EBdiff_D7_rep2-AAGCCGGT.CGTACGTA"	4
"mES_EBdiff_D7_rep2-AAGCCGGT.CGTTACTT"	3
"mES_EBdiff_D7_rep2-AAGCCGGT.CTACTAGG"	3
"mES_EBdiff_D7_rep2-AAGCCGGT.GCAGGATT"	4
"mES_EBdiff_D7_rep2-AAGCCGGT.GCCATTAA"	3
"mES_EBdiff_D7_rep2-AAGCCGGT.GGATTGCT"	3
"mES_EBdiff_D7_rep2-AAGCCGGT.GGTGTCAT"	3
"mES_EBdiff_D7_rep2-AAGCCGGT.GTAGTTCG"	4
"mES_EBdiff_D7_rep2-AAGCCGGT.GTCCATTC"	3
"mES_EBdiff_D7_rep2-AAGCCGGT.GTGTAGCA"	3
"mES_EBdiff_D7_rep2-AAGCCGGT.TACCGGAA"	3
"mES_EBdiff_D7_rep2-AAGCCGGT.TATCGCTC"	3
"mES_EBdiff_D7_rep2-AAGCCGGT.TATCTTGT"	3
"mES_EBdiff_D7_rep2-AAGCCGGT.TCAAGCCT"	3
"mES_EBdiff_D7_rep2-AAGCCGGT.TGAGGCAA"	3
"mES_EBdiff_D7_rep2-ACGATGCC.ACAGACTG"	3
"mES_EBdiff_D7_rep2-ACGATGCC.ACTGTGGA"	3
"mES_EBdiff_D7_rep2-ACGATGCC.AGCATATG"	3
"mES_EBdiff_D7_rep2-ACGATGCC.AGGTCTCA"	4
"mES_EBdiff_D7_rep2-ACGATGCC.ATATCAGA"	3
"mES_EBdiff_D7_rep2-ACGATGCC.GAACTATA"	1
"mES_EBdiff_D7_rep2-ACGATGCC.GCTAACGA"	4
"mES_EBdiff_D7_rep2-ACGATGCC.GGTGTCAT"	4
"mES_EBdiff_D7_rep2-ACGATGCC.TCACTGAG"	3
"mES_EBdiff_D7_rep2-ACGATGCC.TCAGATGC"	4
"mES_EBdiff_D7_rep2-ACGATGCC.TGGTTATC"	4
"mES_EBdiff_D7_rep2-ATCCGCGG.AACGCGTA"	3
"mES_EBdiff_D7_rep2-ATCCGCGG.AAGCCATC"	3
"mES_EBdiff_D7_rep2-ATCCGCGG.AATCAGAG"	3
"mES_EBdiff_D7_rep2-ATCCGCGG.ATCGACGA"	3
"mES_EBdiff_D7_rep2-ATCCGCGG.CATTGAGT"	3
"mES_EBdiff_D7_rep2-ATCCGCGG.CGAATTGC"	3
"mES_EBdiff_D7_rep2-ATCCGCGG.GAGTACGT"	3
"mES_EBdiff_D7_rep2-ATCCGCGG.GATGATCC"	3
"mES_EBdiff_D7_rep2-ATCCGCGG.GCCATTAA"	3
"mES_EBdiff_D7_rep2-ATCCGCGG.GGATTGCT"	3
"mES_EBdiff_D7_rep2-ATCCGCGG.GTAGACAC"	3
"mES_EBdiff_D7_rep2-ATCCGCGG.GTAGTTCG"	3
"mES_EBdiff_D7_rep2-ATCCGCGG.GTTCCGAA"	3
"mES_EBdiff_D7_rep2-ATCCGCGG.TAATTACG"	3
"mES_EBdiff_D7_rep2-ATCCGCGG.TATCTTGT"	4
"mES_EBdiff_D7_rep2-ATCCGCGG.TCTTAGTC"	4
"mES_EBdiff_D7_rep2-ATCCGCGG.TGCAGTGA"	3
"mES_EBdiff_D7_rep2-ATCCGCGG.TGGTTATC"	4
"mES_EBdiff_D7_rep2-ATCCGCGG.TTAACGTC"	3
"mES_EBdiff_D7_rep2-ATCCGCGG.TTCGCTCA"	3
"mES_EBdiff_D7_rep2-CACCTGTG.AATCAGAG"	3
"mES_EBdiff_D7_rep2-CACCTGTG.AGCATATG"	4
"mES_EBdiff_D7_rep2-CACCTGTG.CACTGTAC"	3
"mES_EBdiff_D7_rep2-CACCTGTG.CCTTATAG"	4
"mES_EBdiff_D7_rep2-CACCTGTG.CGTTACTT"	2
"mES_EBdiff_D7_rep2-CACCTGTG.GAGTACGT"	1
"mES_EBdiff_D7_rep2-CACCTGTG.GATATAAC"	3
"mES_EBdiff_D7_rep2-CACCTGTG.GATTGCAG"	4
"mES_EBdiff_D7_rep2-CACCTGTG.GCTAACGA"	3
"mES_EBdiff_D7_rep2-CACCTGTG.GTGTAGCA"	1
"mES_EBdiff_D7_rep2-CCGGTGGT.AACGCGTA"	3
"mES_EBdiff_D7_rep2-CCGGTGGT.AATCAGAG"	3
"mES_EBdiff_D7_rep2-CCGGTGGT.ACCTCTTG"	2
"mES_EBdiff_D7_rep2-CCGGTGGT.ACGTGTGT"	3
"mES_EBdiff_D7_rep2-CCGGTGGT.ACTGTGGA"	2
"mES_EBdiff_D7_rep2-CCGGTGGT.ACTTGATA"	3
"mES_EBdiff_D7_rep2-CCGGTGGT.AGAGTGTC"	1
"mES_EBdiff_D7_rep2-CCGGTGGT.CGAATTGC"	4
"mES_EBdiff_D7_rep2-CCGGTGGT.CTGATTCT"	3
"mES_EBdiff_D7_rep2-CCGGTGGT.GGTCAACT"	3
"mES_EBdiff_D7_rep2-CCGGTGGT.GTAGACAC"	3
"mES_EBdiff_D7_rep2-CCGGTGGT.GTAGTTCG"	3
"mES_EBdiff_D7_rep2-CCGGTGGT.GTATCTAT"	4
"mES_EBdiff_D7_rep2-CCGGTGGT.GTGACTTG"	4
"mES_EBdiff_D7_rep2-CCGGTGGT.TACCGGAA"	4
"mES_EBdiff_D7_rep2-CCGGTGGT.TCGCATCA"	1
"mES_EBdiff_D7_rep2-CCGGTGGT.TCGGTACT"	4
"mES_EBdiff_D7_rep2-CCGGTGGT.TGGCAGTT"	3
"mES_EBdiff_D7_rep2-CCGGTGGT.TGTAATCG"	3
"mES_EBdiff_D7_rep2-CCGGTGGT.TTGACCAT"	4
"mES_EBdiff_D7_rep2-CCTTGACC.AAGCCATC"	2
"mES_EBdiff_D7_rep2-CCTTGACC.ACAGACTG"	4
"mES_EBdiff_D7_rep2-CCTTGACC.ACTCTACG"	4
"mES_EBdiff_D7_rep2-CCTTGACC.ACTGCTAC"	4
"mES_EBdiff_D7_rep2-CCTTGACC.ACTGTGGA"	3
"mES_EBdiff_D7_rep2-CCTTGACC.ATACGCCA"	3
"mES_EBdiff_D7_rep2-CCTTGACC.ATATCAGA"	3
"mES_EBdiff_D7_rep2-CCTTGACC.CACTGTAC"	4
"mES_EBdiff_D7_rep2-CCTTGACC.CAGCATAT"	4
"mES_EBdiff_D7_rep2-CCTTGACC.CCATGGAT"	4
"mES_EBdiff_D7_rep2-CCTTGACC.CTGATTCT"	4
"mES_EBdiff_D7_rep2-CCTTGACC.GATGATCC"	3
"mES_EBdiff_D7_rep2-CCTTGACC.GCCATTAA"	2
"mES_EBdiff_D7_rep2-CCTTGACC.GGATTGCT"	2
"mES_EBdiff_D7_rep2-CCTTGACC.GTAGTTCG"	4
"mES_EBdiff_D7_rep2-CCTTGACC.TCTACATG"	3
"mES_EBdiff_D7_rep2-CCTTGACC.TGAGGCAA"	4
"mES_EBdiff_D7_rep2-CGACATGG.AACGCGTA"	3
"mES_EBdiff_D7_rep2-CGACATGG.ACGTTCAC"	4
"mES_EBdiff_D7_rep2-CGACATGG.AGCATATG"	4
"mES_EBdiff_D7_rep2-CGACATGG.CACTAGCT"	3
"mES_EBdiff_D7_rep2-CGACATGG.CATTGAGT"	3
"mES_EBdiff_D7_rep2-CGACATGG.CGAATTGC"	4
"mES_EBdiff_D7_rep2-CGACATGG.CTGATTCT"	4
"mES_EBdiff_D7_rep2-CGACATGG.CTTAGAAG"	3
"mES_EBdiff_D7_rep2-CGACATGG.CTTGGTTA"	1
"mES_EBdiff_D7_rep2-CGACATGG.GATATAAC"	4
"mES_EBdiff_D7_rep2-CGACATGG.GATTGCAG"	4
"mES_EBdiff_D7_rep2-CGACATGG.GGATTGCT"	3
"mES_EBdiff_D7_rep2-CGACATGG.GGTGTCAT"	1
"mES_EBdiff_D7_rep2-CGACATGG.TAGGAGAC"	4
"mES_EBdiff_D7_rep2-CGACATGG.TATCTTGT"	3
"mES_EBdiff_D7_rep2-CGACATGG.TCGCATCA"	2
"mES_EBdiff_D7_rep2-CGACATGG.TGAGGCAA"	3
"mES_EBdiff_D7_rep2-CGACATGG.TGCAGTGA"	4
"mES_EBdiff_D7_rep2-CGACATGG.TGGCAGTT"	3
"mES_EBdiff_D7_rep2-CGACATGG.TTAACGTC"	4
"mES_EBdiff_D7_rep2-CGACATGG.TTCTCGAG"	3
"mES_EBdiff_D7_rep2-CGAGAACC.ACCTCTTG"	3
"mES_EBdiff_D7_rep2-CGAGAACC.AGTTATGC"	4
"mES_EBdiff_D7_rep2-CGAGAACC.GAGTACGT"	4
"mES_EBdiff_D7_rep2-CGAGAACC.GATATAAC"	4
"mES_EBdiff_D7_rep2-CGAGAACC.GATTGCAG"	3
"mES_EBdiff_D7_rep2-CGAGAACC.GCTAACGA"	3
"mES_EBdiff_D7_rep2-CGAGAACC.GGTCAACT"	2
"mES_EBdiff_D7_rep2-CGAGAACC.GGTGTCAT"	4
"mES_EBdiff_D7_rep2-CGAGAACC.GTCATAGT"	3
"mES_EBdiff_D7_rep2-CGAGAACC.TATCGCTC"	3
"mES_EBdiff_D7_rep2-CGAGAACC.TCACTGAG"	3
"mES_EBdiff_D7_rep2-CGAGAACC.TGGCAGTT"	4
"mES_EBdiff_D7_rep2-CGAGAACC.TGGTTATC"	4
"mES_EBdiff_D7_rep2-CGAGAACC.TTAACGTC"	4
"mES_EBdiff_D7_rep2-CGAGAACC.TTAATCGA"	4
"mES_EBdiff_D7_rep2-CGATGCTC.ACGTTCAC"	4
"mES_EBdiff_D7_rep2-CGATGCTC.ACTGTGGA"	4
"mES_EBdiff_D7_rep2-CGATGCTC.ATTACGCT"	3
"mES_EBdiff_D7_rep2-CGATGCTC.CAAGCTGA"	1
"mES_EBdiff_D7_rep2-CGATGCTC.CATGTCCA"	3
"mES_EBdiff_D7_rep2-CGATGCTC.CCTTATAG"	3
"mES_EBdiff_D7_rep2-CGATGCTC.CTGATTCT"	3
"mES_EBdiff_D7_rep2-CGATGCTC.CTTGGTTA"	2
"mES_EBdiff_D7_rep2-CGATGCTC.GATTCTTA"	3
"mES_EBdiff_D7_rep2-CGATGCTC.GATTGCAG"	3
"mES_EBdiff_D7_rep2-CGATGCTC.GCCATTAA"	4
"mES_EBdiff_D7_rep2-CGATGCTC.GTAGACAC"	4
"mES_EBdiff_D7_rep2-CGATGCTC.GTATCTAT"	4
"mES_EBdiff_D7_rep2-CGATGCTC.GTGACTTG"	3
"mES_EBdiff_D7_rep2-CGATGCTC.GTTCCGAA"	3
"mES_EBdiff_D7_rep2-CGATGCTC.TACTAAGC"	3
"mES_EBdiff_D7_rep2-CGATGCTC.TCCGTCTA"	3
"mES_EBdiff_D7_rep2-CGATGCTC.TCTTAGTC"	4
"mES_EBdiff_D7_rep2-CGATGCTC.TGAGGCAA"	2
"mES_EBdiff_D7_rep2-CGATGCTC.TGTAATCG"	3
"mES_EBdiff_D7_rep2-CGCTGTCT.ACAGACTG"	3
"mES_EBdiff_D7_rep2-CGCTGTCT.ACCTCTTG"	4
"mES_EBdiff_D7_rep2-CGCTGTCT.ACGAAGAT"	3
"mES_EBdiff_D7_rep2-CGCTGTCT.ACTCTACG"	2
"mES_EBdiff_D7_rep2-CGCTGTCT.ACTGCTAC"	4
"mES_EBdiff_D7_rep2-CGCTGTCT.CAAGCTGA"	4
"mES_EBdiff_D7_rep2-CGCTGTCT.CACTAGCT"	3
"mES_EBdiff_D7_rep2-CGCTGTCT.CATGTCCA"	2
"mES_EBdiff_D7_rep2-CGCTGTCT.CCTTATAG"	4
"mES_EBdiff_D7_rep2-CGCTGTCT.CGTTACTT"	4
"mES_EBdiff_D7_rep2-CGCTGTCT.CTAGTGAA"	3
"mES_EBdiff_D7_rep2-CGCTGTCT.GGTCAACT"	3
"mES_EBdiff_D7_rep2-CGCTGTCT.GTGTAGCA"	3
"mES_EBdiff_D7_rep2-CGCTGTCT.TAGGAGAC"	3
"mES_EBdiff_D7_rep2-CGCTGTCT.TCAAGCCT"	3
"mES_EBdiff_D7_rep2-CGCTGTCT.TCGGTACT"	3
"mES_EBdiff_D7_rep2-CGGCACCA.ACTCTACG"	3
"mES_EBdiff_D7_rep2-CGGCACCA.AGCATATG"	3
"mES_EBdiff_D7_rep2-CGGCACCA.ATCCGATT"	2
"mES_EBdiff_D7_rep2-CGGCACCA.CAGCATAT"	3
"mES_EBdiff_D7_rep2-CGGCACCA.CCATGGAT"	4
"mES_EBdiff_D7_rep2-CGGCACCA.CGTTACTT"	3
"mES_EBdiff_D7_rep2-CGGCACCA.CTAGTGAA"	4
"mES_EBdiff_D7_rep2-CGGCACCA.GAACTATA"	3
"mES_EBdiff_D7_rep2-CGGCACCA.GATGATCC"	3
"mES_EBdiff_D7_rep2-CGGCACCA.GCTAACGA"	4
"mES_EBdiff_D7_rep2-CGGCACCA.GGTCAACT"	3
"mES_EBdiff_D7_rep2-CGGCACCA.GTAGACAC"	4
"mES_EBdiff_D7_rep2-CGGCACCA.GTCATAGT"	3
"mES_EBdiff_D7_rep2-CGGCACCA.GTCCATTC"	3
"mES_EBdiff_D7_rep2-CGGCACCA.GTGTAGCA"	3
"mES_EBdiff_D7_rep2-CGGCACCA.TAATTACG"	2
"mES_EBdiff_D7_rep2-CGGCACCA.TCGCATCA"	3
"mES_EBdiff_D7_rep2-CGGCACCA.TCGGTACT"	4
"mES_EBdiff_D7_rep2-CGGCACCA.TGAGGCAA"	3
"mES_EBdiff_D7_rep2-CGGCACCA.TGCAGTGA"	3
"mES_EBdiff_D7_rep2-CGGCACCA.TTCTCGAG"	4
"mES_EBdiff_D7_rep2-CGTGTTCG.AATCAGAG"	4
"mES_EBdiff_D7_rep2-CGTGTTCG.ACGTGTGT"	4
"mES_EBdiff_D7_rep2-CGTGTTCG.ACTGCTAC"	2
"mES_EBdiff_D7_rep2-CGTGTTCG.AGCAACCT"	4
"mES_EBdiff_D7_rep2-CGTGTTCG.ATTACGCT"	4
"mES_EBdiff_D7_rep2-CGTGTTCG.CACATGGA"	4
"mES_EBdiff_D7_rep2-CGTGTTCG.CACTAGCT"	3
"mES_EBdiff_D7_rep2-CGTGTTCG.CACTGTAC"	3
"mES_EBdiff_D7_rep2-CGTGTTCG.CATGTCCA"	3
"mES_EBdiff_D7_rep2-CGTGTTCG.CATTGAGT"	3
"mES_EBdiff_D7_rep2-CGTGTTCG.CCATGGAT"	3
"mES_EBdiff_D7_rep2-CGTGTTCG.CGCCAATA"	3
"mES_EBdiff_D7_rep2-CGTGTTCG.CGCTTAAT"	4
"mES_EBdiff_D7_rep2-CGTGTTCG.CTACTAGG"	3
"mES_EBdiff_D7_rep2-CGTGTTCG.TAGGAGAC"	3
"mES_EBdiff_D7_rep2-CGTGTTCG.TCAAGCCT"	3
"mES_EBdiff_D7_rep2-CGTGTTCG.TCGTGAAG"	3
"mES_EBdiff_D7_rep2-CGTGTTCG.TGTCTGCA"	3
"mES_EBdiff_D7_rep2-CGTGTTCG.TTAATCGA"	2
"mES_EBdiff_D7_rep2-GACCGAAG.AACGCGTA"	1
"mES_EBdiff_D7_rep2-GACCGAAG.ACGTGTGT"	3
"mES_EBdiff_D7_rep2-GACCGAAG.ACTTGATA"	2
"mES_EBdiff_D7_rep2-GACCGAAG.AGTCGTAT"	3
"mES_EBdiff_D7_rep2-GACCGAAG.ATACATGT"	3
"mES_EBdiff_D7_rep2-GACCGAAG.ATCCGATT"	1
"mES_EBdiff_D7_rep2-GACCGAAG.CAAGCTGA"	4
"mES_EBdiff_D7_rep2-GACCGAAG.CACATGGA"	1
"mES_EBdiff_D7_rep2-GACCGAAG.CACTAGCT"	4
"mES_EBdiff_D7_rep2-GACCGAAG.CACTGTAC"	3
"mES_EBdiff_D7_rep2-GACCGAAG.CAGTCCAA"	3
"mES_EBdiff_D7_rep2-GACCGAAG.CATTGAGT"	4
"mES_EBdiff_D7_rep2-GACCGAAG.CGAATTGC"	3
"mES_EBdiff_D7_rep2-GACCGAAG.GAACTATA"	3
"mES_EBdiff_D7_rep2-GACCGAAG.GCTAACGA"	3
"mES_EBdiff_D7_rep2-GACCGAAG.GGTGTCAT"	3
"mES_EBdiff_D7_rep2-GACCGAAG.GTGACTTG"	4
"mES_EBdiff_D7_rep2-GACCGAAG.GTTCCGAA"	3
"mES_EBdiff_D7_rep2-GACCGAAG.TCAAGCCT"	3
"mES_EBdiff_D7_rep2-GACCGAAG.TCTACATG"	3
"mES_EBdiff_D7_rep2-GACCGAAG.TGGTTATC"	4
"mES_EBdiff_D7_rep2-GACCGAAG.TTGACCAT"	4
"mES_EBdiff_D7_rep2-GAGCCTAC.ACTCTACG"	4
"mES_EBdiff_D7_rep2-GAGCCTAC.ACTGCTAC"	3
"mES_EBdiff_D7_rep2-GAGCCTAC.AGTCGTAT"	1
"mES_EBdiff_D7_rep2-GAGCCTAC.ATATCAGA"	3
"mES_EBdiff_D7_rep2-GAGCCTAC.ATCGACGA"	3
"mES_EBdiff_D7_rep2-GAGCCTAC.ATTACGCT"	3
"mES_EBdiff_D7_rep2-GAGCCTAC.CGCTTAAT"	3
"mES_EBdiff_D7_rep2-GAGCCTAC.CGTACGTA"	3
"mES_EBdiff_D7_rep2-GAGCCTAC.CTGATTCT"	2
"mES_EBdiff_D7_rep2-GAGCCTAC.CTTAGAAG"	3
"mES_EBdiff_D7_rep2-GAGCCTAC.CTTGGTTA"	3
"mES_EBdiff_D7_rep2-GAGCCTAC.GGTCAACT"	3
"mES_EBdiff_D7_rep2-GAGCCTAC.TAATTACG"	3
"mES_EBdiff_D7_rep2-GAGCCTAC.TACCGGAA"	4
"mES_EBdiff_D7_rep2-GAGCCTAC.TCGGTACT"	3
"mES_EBdiff_D7_rep2-GAGCCTAC.TGGTTATC"	3
"mES_EBdiff_D7_rep2-GAGCCTAC.TGTCTGCA"	3
"mES_EBdiff_D7_rep2-GCACCATG.ACTGCTAC"	4
"mES_EBdiff_D7_rep2-GCACCATG.ACTTGATA"	4
"mES_EBdiff_D7_rep2-GCACCATG.ATACATGT"	4
"mES_EBdiff_D7_rep2-GCACCATG.ATCCGATT"	3
"mES_EBdiff_D7_rep2-GCACCATG.ATTACGCT"	3
"mES_EBdiff_D7_rep2-GCACCATG.CAAGCTGA"	4
"mES_EBdiff_D7_rep2-GCACCATG.GAACTATA"	3
"mES_EBdiff_D7_rep2-GCACCATG.GCAGGATT"	3
"mES_EBdiff_D7_rep2-GCACCATG.GTAGTTCG"	3
"mES_EBdiff_D7_rep2-GCACCATG.TACTAAGC"	4
"mES_EBdiff_D7_rep2-GCACCATG.TTCGCTCA"	4
"mES_EBdiff_D7_rep2-GCTACGGT.AATCAGAG"	3
"mES_EBdiff_D7_rep2-GCTACGGT.ACTGTGGA"	2
"mES_EBdiff_D7_rep2-GCTACGGT.AGGTCTCA"	2
"mES_EBdiff_D7_rep2-GCTACGGT.AGTCGTAT"	3
"mES_EBdiff_D7_rep2-GCTACGGT.ATCCGATT"	3
"mES_EBdiff_D7_rep2-GCTACGGT.ATGCTTAA"	3
"mES_EBdiff_D7_rep2-GCTACGGT.CACTAGCT"	3
"mES_EBdiff_D7_rep2-GCTACGGT.CACTGTAC"	4
"mES_EBdiff_D7_rep2-GCTACGGT.CATGTCCA"	3
"mES_EBdiff_D7_rep2-GCTACGGT.CCATGGAT"	3
"mES_EBdiff_D7_rep2-GCTACGGT.CGTACGTA"	3
"mES_EBdiff_D7_rep2-GCTACGGT.CGTTACTT"	3
"mES_EBdiff_D7_rep2-GCTACGGT.CTTGGTTA"	4
"mES_EBdiff_D7_rep2-GCTACGGT.GAACTATA"	3
"mES_EBdiff_D7_rep2-GCTACGGT.GGTGTCAT"	3
"mES_EBdiff_D7_rep2-GCTACGGT.GTAGACAC"	1
"mES_EBdiff_D7_rep2-GCTACGGT.GTAGTTCG"	4
"mES_EBdiff_D7_rep2-GCTACGGT.GTCATAGT"	3
"mES_EBdiff_D7_rep2-GCTACGGT.TAATTACG"	4
"mES_EBdiff_D7_rep2-GCTACGGT.TGACCTTG"	3
"mES_EBdiff_D7_rep2-GCTACGGT.TGTAATCG"	3
"mES_EBdiff_D7_rep2-GCTGAGAC.ACGAAGAT"	4
"mES_EBdiff_D7_rep2-GCTGAGAC.AGTCGTAT"	4
"mES_EBdiff_D7_rep2-GCTGAGAC.AGTTATGC"	3
"mES_EBdiff_D7_rep2-GCTGAGAC.CACATGGA"	3
"mES_EBdiff_D7_rep2-GCTGAGAC.CACTAGCT"	3
"mES_EBdiff_D7_rep2-GCTGAGAC.CACTGTAC"	3
"mES_EBdiff_D7_rep2-GCTGAGAC.CAGCATAT"	3
"mES_EBdiff_D7_rep2-GCTGAGAC.CATTGAGT"	3
"mES_EBdiff_D7_rep2-GCTGAGAC.CGATGACA"	3
"mES_EBdiff_D7_rep2-GCTGAGAC.GTAGACAC"	1
"mES_EBdiff_D7_rep2-GCTGAGAC.TCACTGAG"	3
"mES_EBdiff_D7_rep2-GCTGAGAC.TCAGATGC"	2
"mES_EBdiff_D7_rep2-GCTGAGAC.TCTTAGTC"	3
"mES_EBdiff_D7_rep2-GCTGAGAC.TGAGGCAA"	2
"mES_EBdiff_D7_rep2-GCTGAGAC.TTCGCTCA"	3
"mES_EBdiff_D7_rep2-GGTCAGTG.AAGAGCTG"	4
"mES_EBdiff_D7_rep2-GGTCAGTG.ACTCTACG"	3
"mES_EBdiff_D7_rep2-GGTCAGTG.AGTTATGC"	2
"mES_EBdiff_D7_rep2-GGTCAGTG.CAGCATAT"	3
"mES_EBdiff_D7_rep2-GGTCAGTG.CATTGAGT"	3
"mES_EBdiff_D7_rep2-GGTCAGTG.CCTTATAG"	3
"mES_EBdiff_D7_rep2-GGTCAGTG.CGTTACTT"	3
"mES_EBdiff_D7_rep2-GGTCAGTG.CTAGTGAA"	3
"mES_EBdiff_D7_rep2-GGTCAGTG.CTGTCATT"	3
"mES_EBdiff_D7_rep2-GGTCAGTG.CTTAGAAG"	3
"mES_EBdiff_D7_rep2-GGTCAGTG.GAACTATA"	3
"mES_EBdiff_D7_rep2-GGTCAGTG.GAGTACGT"	3
"mES_EBdiff_D7_rep2-GGTCAGTG.GATGATCC"	3
"mES_EBdiff_D7_rep2-GGTCAGTG.GCAGGATT"	3
"mES_EBdiff_D7_rep2-GGTCAGTG.GCCATTAA"	2
"mES_EBdiff_D7_rep2-GGTCAGTG.GGATTGCT"	3
"mES_EBdiff_D7_rep2-GGTCAGTG.GTAGACAC"	3
"mES_EBdiff_D7_rep2-GGTCAGTG.GTAGTTCG"	3
"mES_EBdiff_D7_rep2-GGTCAGTG.TCTACATG"	3
"mES_EBdiff_D7_rep2-GTGAACGG.AAGCCATC"	3
"mES_EBdiff_D7_rep2-GTGAACGG.AATCAGAG"	2
"mES_EBdiff_D7_rep2-GTGAACGG.AGAGTGTC"	3
"mES_EBdiff_D7_rep2-GTGAACGG.AGCATATG"	3
"mES_EBdiff_D7_rep2-GTGAACGG.ATCGACGA"	3
"mES_EBdiff_D7_rep2-GTGAACGG.ATGCTTAA"	4
"mES_EBdiff_D7_rep2-GTGAACGG.ATTACGCT"	3
"mES_EBdiff_D7_rep2-GTGAACGG.CACTGTAC"	1
"mES_EBdiff_D7_rep2-GTGAACGG.CATTGAGT"	4
"mES_EBdiff_D7_rep2-GTGAACGG.CGAATTGC"	3
"mES_EBdiff_D7_rep2-GTGAACGG.CGTACGTA"	3
"mES_EBdiff_D7_rep2-GTGAACGG.CTTAGAAG"	3
"mES_EBdiff_D7_rep2-GTGAACGG.GATGATCC"	3
"mES_EBdiff_D7_rep2-GTGAACGG.GGTCAACT"	3
"mES_EBdiff_D7_rep2-GTGAACGG.GTATCTAT"	3
"mES_EBdiff_D7_rep2-GTGAACGG.GTGACTTG"	4
"mES_EBdiff_D7_rep2-GTGAACGG.TATCGCTC"	4
"mES_EBdiff_D7_rep2-GTTCCACC.ACCTCTTG"	2
"mES_EBdiff_D7_rep2-GTTCCACC.ACTGCTAC"	4
"mES_EBdiff_D7_rep2-GTTCCACC.ACTTGATA"	3
"mES_EBdiff_D7_rep2-GTTCCACC.AGAGTGTC"	3
"mES_EBdiff_D7_rep2-GTTCCACC.AGCAACCT"	3
"mES_EBdiff_D7_rep2-GTTCCACC.AGGTCTCA"	3
"mES_EBdiff_D7_rep2-GTTCCACC.AGTCGTAT"	3
"mES_EBdiff_D7_rep2-GTTCCACC.ATACGCCA"	4
"mES_EBdiff_D7_rep2-GTTCCACC.ATTACGCT"	3
"mES_EBdiff_D7_rep2-GTTCCACC.CACTGTAC"	3
"mES_EBdiff_D7_rep2-GTTCCACC.CCTTATAG"	4
"mES_EBdiff_D7_rep2-GTTCCACC.CGAATTGC"	3
"mES_EBdiff_D7_rep2-GTTCCACC.CGCTTAAT"	3
"mES_EBdiff_D7_rep2-GTTCCACC.CGTACGTA"	3
"mES_EBdiff_D7_rep2-GTTCCACC.CTGTCATT"	4
"mES_EBdiff_D7_rep2-GTTCCACC.CTTAGAAG"	3
"mES_EBdiff_D7_rep2-GTTCCACC.CTTGGTTA"	2
"mES_EBdiff_D7_rep2-GTTCCACC.GATTGCAG"	3
"mES_EBdiff_D7_rep2-GTTCCACC.GCCATTAA"	3
"mES_EBdiff_D7_rep2-GTTCCACC.GCTAACGA"	4
"mES_EBdiff_D7_rep2-GTTCCACC.GGTCAACT"	3
"mES_EBdiff_D7_rep2-GTTCCACC.GTGACTTG"	3
"mES_EBdiff_D7_rep2-GTTCCACC.GTTCCGAA"	4
"mES_EBdiff_D7_rep2-GTTCCACC.TAATTACG"	4
"mES_EBdiff_D7_rep2-GTTCCACC.TATCTTGT"	3
"mES_EBdiff_D7_rep2-GTTCCACC.TCTTAGTC"	3
"mES_EBdiff_D7_rep2-GTTCCACC.TGTCTGCA"	2
"mES_EBdiff_D7_rep2-GTTCCACC.TTAACGTC"	3
"mES_EBdiff_D7_rep2-GTTCCACC.TTCGCTCA"	4
"mES_EBdiff_D7_rep2-GTTCCACC.TTGACCAT"	3
"mES_EBdiff_D7_rep2-TACACCGG.ACTCTACG"	3
"mES_EBdiff_D7_rep2-TACACCGG.ACTGCTAC"	4
"mES_EBdiff_D7_rep2-TACACCGG.ACTGTGGA"	3
"mES_EBdiff_D7_rep2-TACACCGG.CGCCAATA"	3
"mES_EBdiff_D7_rep2-TACACCGG.CGCTTAAT"	3
"mES_EBdiff_D7_rep2-TACACCGG.CGTTACTT"	3
"mES_EBdiff_D7_rep2-TACACCGG.GCCATTAA"	3
"mES_EBdiff_D7_rep2-TACACCGG.GGTCAACT"	3
"mES_EBdiff_D7_rep2-TACACCGG.GTATCTAT"	3
"mES_EBdiff_D7_rep2-TACACCGG.GTCCATTC"	2
"mES_EBdiff_D7_rep2-TACACCGG.TATCGCTC"	3
"mES_EBdiff_D7_rep2-TACACCGG.TCGCATCA"	3
"mES_EBdiff_D7_rep2-TACACCGG.TCGGTACT"	3
"mES_EBdiff_D7_rep2-TACACCGG.TGGCAGTT"	3
"mES_EBdiff_D7_rep2-TACACCGG.TTAACGTC"	3
"mES_EBdiff_D7_rep2-TCGCAGGA.AACGTCAG"	3
"mES_EBdiff_D7_rep2-TCGCAGGA.ACGTTCAC"	3
"mES_EBdiff_D7_rep2-TCGCAGGA.AGCATATG"	3
"mES_EBdiff_D7_rep2-TCGCAGGA.AGGTCTCA"	4
"mES_EBdiff_D7_rep2-TCGCAGGA.AGTTATGC"	2
"mES_EBdiff_D7_rep2-TCGCAGGA.ATCGACGA"	3
"mES_EBdiff_D7_rep2-TCGCAGGA.CACATGGA"	3
"mES_EBdiff_D7_rep2-TCGCAGGA.CACTAGCT"	2
"mES_EBdiff_D7_rep2-TCGCAGGA.CTGATTCT"	3
"mES_EBdiff_D7_rep2-TCGCAGGA.GGATTGCT"	4
"mES_EBdiff_D7_rep2-TCGCAGGA.GGTCAACT"	4
"mES_EBdiff_D7_rep2-TCGCAGGA.GGTGTCAT"	3
"mES_EBdiff_D7_rep2-TCGCAGGA.GTGACTTG"	3
"mES_EBdiff_D7_rep2-TCGCAGGA.GTGTAGCA"	3
"mES_EBdiff_D7_rep2-TCGCAGGA.TACCGGAA"	3
"mES_EBdiff_D7_rep2-TCGCAGGA.TATCTTGT"	3
"mES_EBdiff_D7_rep2-TCGCAGGA.TCAGATGC"	3
"mES_EBdiff_D7_rep2-TCGCAGGA.TCGGTACT"	3
"mES_EBdiff_D7_rep2-TCGCAGGA.TGCAGTGA"	4
"mES_EBdiff_D7_rep2-TCGCAGGA.TTGACCAT"	3
"mES_EBdiff_D7_rep2-TTGTGCCG.AGTTATGC"	4
"mES_EBdiff_D7_rep2-TTGTGCCG.CAGTCCAA"	3
"mES_EBdiff_D7_rep2-TTGTGCCG.CATTGAGT"	4
"mES_EBdiff_D7_rep2-TTGTGCCG.CCATGGAT"	3
"mES_EBdiff_D7_rep2-TTGTGCCG.CGAATTGC"	1
"mES_EBdiff_D7_rep2-TTGTGCCG.CGCCAATA"	3
"mES_EBdiff_D7_rep2-TTGTGCCG.CGTTACTT"	3
"mES_EBdiff_D7_rep2-TTGTGCCG.GATATAAC"	4
"mES_EBdiff_D7_rep2-TTGTGCCG.GCAGGATT"	3
"mES_EBdiff_D7_rep2-TTGTGCCG.GTAGACAC"	3
"mES_EBdiff_D7_rep2-TTGTGCCG.GTCCATTC"	3
"mES_EBdiff_D7_rep2-TTGTGCCG.GTGTAGCA"	3
"mES_EBdiff_D7_rep2-TTGTGCCG.TACTAAGC"	3
"mES_EBdiff_D7_rep2-TTGTGCCG.TCACTGAG"	3
"mES_EBdiff_D7_rep2-TTGTGCCG.TCTTAGTC"	3
"mES_EBdiff_D7_rep2-TTGTGCCG.TTGACCAT"	3
