"R3_lane1-AACGGTCG.ACGTGTGT"	4
"R3_lane1-AACGGTCG.AGCATATG"	4
"R3_lane1-AACGGTCG.ATATCAGA"	4
"R3_lane1-AACGGTCG.ATCGACGA"	4
"R3_lane1-AACGGTCG.CAGCATAT"	4
"R3_lane1-AACGGTCG.GAACTATA"	4
"R3_lane1-AACGGTCG.GATATAAC"	4
"R3_lane1-AACGGTCG.GATGATCC"	4
"R3_lane1-AACGGTCG.GGTCAACT"	2
"R3_lane1-AACGGTCG.GTAGTTCG"	3
"R3_lane1-AACGGTCG.TCAAGCCT"	3
"R3_lane1-AACGGTCG.TGGTTATC"	3
"R3_lane1-AACGGTCG.TTGACCAT"	4
"R3_lane1-AAGCGACC.AACGCGTA"	4
"R3_lane1-AAGCGACC.ATCGACGA"	4
"R3_lane1-AAGCGACC.CACATGGA"	4
"R3_lane1-AAGCGACC.CACTAGCT"	2
"R3_lane1-AAGCGACC.CTGTCATT"	4
"R3_lane1-AAGCGACC.GATTCTTA"	4
"R3_lane1-AAGCGACC.GATTGCAG"	3
"R3_lane1-AAGCGACC.GCTAACGA"	4
"R3_lane1-AAGCGACC.GTAGACAC"	4
"R3_lane1-AAGCGACC.GTATCTAT"	4
"R3_lane1-AAGCGACC.TCGGTACT"	4
"R3_lane1-AAGCGACC.TCTTAGTC"	4
"R3_lane1-AAGCGACC.TGGCAGTT"	4
"R3_lane1-AAGCGACC.TGGTTATC"	4
"R3_lane1-AAGCGACC.TTAATCGA"	3
"R3_lane1-ACACGGAG.ACGAAGAT"	4
"R3_lane1-ACACGGAG.CACTAGCT"	4
"R3_lane1-ACACGGAG.CTGTCATT"	3
"R3_lane1-ACACGGAG.GCAGGATT"	3
"R3_lane1-ACACGGAG.GTGTAGCA"	4
"R3_lane1-ACACGGAG.GTTCCGAA"	3
"R3_lane1-ACACGGAG.TACTAAGC"	4
"R3_lane1-ACACGGAG.TCAAGCCT"	4
"R3_lane1-AGGTGCGA.ACCTCTTG"	2
"R3_lane1-AGGTGCGA.ACGAAGAT"	4
"R3_lane1-AGGTGCGA.ACTCTACG"	4
"R3_lane1-AGGTGCGA.ATATCAGA"	2
"R3_lane1-AGGTGCGA.ATGCTTAA"	1
"R3_lane1-AGGTGCGA.CACTGTAC"	3
"R3_lane1-AGGTGCGA.CTACTAGG"	2
"R3_lane1-AGGTGCGA.CTGATTCT"	3
"R3_lane1-AGGTGCGA.GCTAACGA"	4
"R3_lane1-AGGTGCGA.GTATCTAT"	1
"R3_lane1-AGGTGCGA.GTGACTTG"	4
"R3_lane1-AGGTGCGA.TAATTACG"	4
"R3_lane1-AGGTGCGA.TATCTTGT"	4
"R3_lane1-AGGTGCGA.TCACTGAG"	3
"R3_lane1-AGGTGCGA.TCAGATGC"	4
"R3_lane1-CACGACCT.ACGAAGAT"	3
"R3_lane1-CACGACCT.ACTGCTAC"	4
"R3_lane1-CACGACCT.ATTACGCT"	3
"R3_lane1-CACGACCT.CATTGAGT"	3
"R3_lane1-CACGACCT.CGTACGTA"	4
"R3_lane1-CACGACCT.CGTTACTT"	3
"R3_lane1-CACGACCT.GATTCTTA"	4
"R3_lane1-CACGACCT.GCTAACGA"	3
"R3_lane1-CACGACCT.GGTGTCAT"	3
"R3_lane1-CACGACCT.GTTCCGAA"	4
"R3_lane1-CACGACCT.TAATTACG"	3
"R3_lane1-CACGACCT.TATCGCTC"	3
"R3_lane1-CACGACCT.TCAAGCCT"	3
"R3_lane1-CACGACCT.TCGCATCA"	4
"R3_lane1-CACGACCT.TGGCAGTT"	3
"R3_lane1-CACGACCT.TGTAATCG"	3
"R3_lane1-CACGACCT.TTCGCTCA"	3
"R3_lane1-CACGGATC.ACGAAGAT"	4
"R3_lane1-CACGGATC.ACGTGTGT"	3
"R3_lane1-CACGGATC.ACTGTGGA"	3
"R3_lane1-CACGGATC.ACTTGATA"	1
"R3_lane1-CACGGATC.AGAGTGTC"	3
"R3_lane1-CACGGATC.AGGTCTCA"	3
"R3_lane1-CACGGATC.AGTTATGC"	3
"R3_lane1-CACGGATC.CCATGGAT"	4
"R3_lane1-CACGGATC.CCTTATAG"	3
"R3_lane1-CACGGATC.CGTACGTA"	3
"R3_lane1-CACGGATC.GAACTATA"	4
"R3_lane1-CACGGATC.GCAGGATT"	4
"R3_lane1-CACGGATC.GTCATAGT"	3
"R3_lane1-CACGGATC.TGGTTATC"	3
"R3_lane1-CGACCGTT.AACGTCAG"	3
"R3_lane1-CGACCGTT.ACGAAGAT"	4
"R3_lane1-CGACCGTT.ACGTTCAC"	4
"R3_lane1-CGACCGTT.ACTCTACG"	3
"R3_lane1-CGACCGTT.ATTACGCT"	3
"R3_lane1-CGACCGTT.CGTTACTT"	4
"R3_lane1-CGACCGTT.CTAGTGAA"	4
"R3_lane1-CGACCGTT.CTTAGAAG"	4
"R3_lane1-CGACCGTT.GAACTATA"	4
"R3_lane1-CGACCGTT.GTAGACAC"	1
"R3_lane1-CGACCGTT.TAGGAGAC"	3
"R3_lane1-CGACCGTT.TCTTAGTC"	4
"R3_lane1-CGACCGTT.TGAGGCAA"	4
"R3_lane1-CGGTCGCC.AAGAGCTG"	3
"R3_lane1-CGGTCGCC.ACAGACTG"	3
"R3_lane1-CGGTCGCC.ACTGCTAC"	3
"R3_lane1-CGGTCGCC.AGGTCTCA"	3
"R3_lane1-CGGTCGCC.ATCCGATT"	3
"R3_lane1-CGGTCGCC.ATTACGCT"	3
"R3_lane1-CGGTCGCC.CACTAGCT"	4
"R3_lane1-CGGTCGCC.CGATGACA"	3
"R3_lane1-CGGTCGCC.CGTACGTA"	4
"R3_lane1-CGGTCGCC.TCGCATCA"	4
"R3_lane1-CGTCTCGT.AACGTCAG"	1
"R3_lane1-CGTCTCGT.AGCAACCT"	3
"R3_lane1-CGTCTCGT.ATACATGT"	4
"R3_lane1-CGTCTCGT.ATACGCCA"	4
"R3_lane1-CGTCTCGT.CACTGTAC"	4
"R3_lane1-CGTCTCGT.CATGTCCA"	2
"R3_lane1-CGTCTCGT.CCTTATAG"	4
"R3_lane1-CGTCTCGT.GCAGGATT"	2
"R3_lane1-CGTCTCGT.GTAGTTCG"	4
"R3_lane1-CGTCTCGT.TACTAAGC"	4
"R3_lane1-CGTCTCGT.TATCGCTC"	4
"R3_lane1-CGTCTCGT.TCACTGAG"	3
"R3_lane1-CGTCTCGT.TGGCAGTT"	3
"R3_lane1-CTGAGGCA.ACAGACTG"	3
"R3_lane1-CTGAGGCA.ACGTGTGT"	4
"R3_lane1-CTGAGGCA.ATACATGT"	4
"R3_lane1-CTGAGGCA.CTTGGTTA"	4
"R3_lane1-CTGAGGCA.GTGTAGCA"	4
"R3_lane1-CTGAGGCA.GTTCCGAA"	3
"R3_lane1-CTGAGGCA.TGGTTATC"	4
"R3_lane1-CTGAGGCA.TTCTCGAG"	3
"R3_lane1-CTGAGGCA.TTGACCAT"	4
"R3_lane1-CTGCGTAG.AAGAGCTG"	3
"R3_lane1-CTGCGTAG.AAGCCATC"	3
"R3_lane1-CTGCGTAG.ACCTCTTG"	4
"R3_lane1-CTGCGTAG.ACTTGATA"	4
"R3_lane1-CTGCGTAG.AGTCGTAT"	3
"R3_lane1-CTGCGTAG.ATACGCCA"	3
"R3_lane1-CTGCGTAG.CACTAGCT"	4
"R3_lane1-CTGCGTAG.CATTGAGT"	4
"R3_lane1-CTGCGTAG.CGTACGTA"	3
"R3_lane1-CTGCGTAG.CGTTACTT"	4
"R3_lane1-CTGCGTAG.CTACTAGG"	3
"R3_lane1-CTGCGTAG.CTAGTGAA"	3
"R3_lane1-CTGCGTAG.GATTGCAG"	3
"R3_lane1-CTGCGTAG.GGATTGCT"	4
"R3_lane1-CTGCGTAG.TAGGAGAC"	4
"R3_lane1-CTGCGTAG.TATCTTGT"	3
"R3_lane1-CTGCGTAG.TGGTTATC"	1
"R3_lane1-CTGCGTAG.TTAACGTC"	4
"R3_lane1-CTTGCGTC.ACCTCTTG"	4
"R3_lane1-CTTGCGTC.ACTCTACG"	4
"R3_lane1-CTTGCGTC.GATATAAC"	4
"R3_lane1-CTTGCGTC.GATGATCC"	3
"R3_lane1-CTTGCGTC.TAATTACG"	4
"R3_lane1-CTTGCGTC.TCAGATGC"	3
"R3_lane1-CTTGCGTC.TCGCATCA"	4
"R3_lane1-GATGCAGG.ACGAAGAT"	4
"R3_lane1-GATGCAGG.ACGTGTGT"	3
"R3_lane1-GATGCAGG.AGCATATG"	4
"R3_lane1-GATGCAGG.ATTACGCT"	4
"R3_lane1-GATGCAGG.CACTAGCT"	4
"R3_lane1-GATGCAGG.CTACTAGG"	4
"R3_lane1-GATGCAGG.GCTAACGA"	4
"R3_lane1-GATGCAGG.GGATTGCT"	3
"R3_lane1-GATGCAGG.GGTGTCAT"	4
"R3_lane1-GATGCAGG.GTATCTAT"	4
"R3_lane1-GATGCAGG.GTGACTTG"	4
"R3_lane1-GATGCAGG.GTGTAGCA"	3
"R3_lane1-GATGCAGG.TACTAAGC"	3
"R3_lane1-GATGCAGG.TCACTGAG"	3
"R3_lane1-GATGCAGG.TCCGTCTA"	4
"R3_lane1-GATGCAGG.TGGCAGTT"	4
"R3_lane1-GCACTTCC.AACGCGTA"	3
"R3_lane1-GCACTTCC.GAGTACGT"	4
"R3_lane1-GCACTTCC.GATTGCAG"	4
"R3_lane1-GCACTTCC.GCAGGATT"	4
"R3_lane1-GCACTTCC.TCTTAGTC"	3
"R3_lane1-GCGTTCTC.AATCAGAG"	4
"R3_lane1-GCGTTCTC.ACTTGATA"	4
"R3_lane1-GCGTTCTC.ATCCGATT"	4
"R3_lane1-GCGTTCTC.ATGCTTAA"	4
"R3_lane1-GCGTTCTC.CAAGCTGA"	3
"R3_lane1-GCGTTCTC.CAGCATAT"	3
"R3_lane1-GCGTTCTC.CCATGGAT"	2
"R3_lane1-GCGTTCTC.GATTCTTA"	4
"R3_lane1-GCGTTCTC.GCAGGATT"	1
"R3_lane1-GCGTTCTC.GTAGTTCG"	4
"R3_lane1-GCGTTCTC.GTGTAGCA"	4
"R3_lane1-GCGTTCTC.TCAAGCCT"	4
"R3_lane1-GCGTTCTC.TGGTTATC"	4
"R3_lane1-GCGTTCTC.TTAACGTC"	4
"R3_lane1-GGATACCG.ACTGTGGA"	4
"R3_lane1-GGATACCG.AGAGTGTC"	3
"R3_lane1-GGATACCG.AGCATATG"	4
"R3_lane1-GGATACCG.ATACGCCA"	4
"R3_lane1-GGATACCG.ATGCTTAA"	4
"R3_lane1-GGATACCG.CAAGCTGA"	3
"R3_lane1-GGATACCG.CAGTCCAA"	4
"R3_lane1-GGATACCG.CGATGACA"	4
"R3_lane1-GGATACCG.CGCTTAAT"	3
"R3_lane1-GGATACCG.GATATAAC"	4
"R3_lane1-GGATACCG.GATGATCC"	2
"R3_lane1-GGATACCG.GGTGTCAT"	4
"R3_lane1-GGATACCG.GTATCTAT"	3
"R3_lane1-GGATACCG.TAATTACG"	2
"R3_lane1-GGATACCG.TATCGCTC"	3
"R3_lane1-GGATACCG.TCAGATGC"	4
"R3_lane1-GGATACCG.TCTTAGTC"	4
"R3_lane1-GGATACCG.TTAATCGA"	3
"R3_lane1-GGATACCG.TTCGCTCA"	3
"R3_lane1-GGCTCCGC.ACGTGTGT"	1
"R3_lane1-GGCTCCGC.ACTGTGGA"	3
"R3_lane1-GGCTCCGC.AGGTCTCA"	3
"R3_lane1-GGCTCCGC.ATATCAGA"	2
"R3_lane1-GGCTCCGC.ATTACGCT"	4
"R3_lane1-GGCTCCGC.CAAGCTGA"	3
"R3_lane1-GGCTCCGC.CACATGGA"	4
"R3_lane1-GGCTCCGC.CGCTTAAT"	3
"R3_lane1-GGCTCCGC.TTCGCTCA"	3
"R3_lane1-GTCACGTG.ACGTTCAC"	4
"R3_lane1-GTCACGTG.ACTGTGGA"	4
"R3_lane1-GTCACGTG.AGCAACCT"	3
"R3_lane1-GTCACGTG.ATCCGATT"	3
"R3_lane1-GTCACGTG.CACTAGCT"	4
"R3_lane1-GTCACGTG.CGTACGTA"	3
"R3_lane1-GTCACGTG.CTACTAGG"	3
"R3_lane1-GTCACGTG.CTTAGAAG"	3
"R3_lane1-GTCACGTG.GTATCTAT"	4
"R3_lane1-GTCACGTG.TAATTACG"	3
"R3_lane1-GTCACGTG.TGACCTTG"	4
"R3_lane1-GTCACGTG.TTAATCGA"	3
"R3_lane1-TCCGGACA.AAGAGCTG"	4
"R3_lane1-TCCGGACA.AAGCCATC"	3
"R3_lane1-TCCGGACA.ACGAAGAT"	4
"R3_lane1-TCCGGACA.AGCATATG"	3
"R3_lane1-TCCGGACA.AGTTATGC"	2
"R3_lane1-TCCGGACA.CATTGAGT"	4
"R3_lane1-TCCGGACA.CGCTTAAT"	4
"R3_lane1-TCCGGACA.CTGATTCT"	4
"R3_lane1-TCCGGACA.GATATAAC"	4
"R3_lane1-TCCGGACA.GGATTGCT"	3
"R3_lane1-TCCGGACA.TACTAAGC"	4
"R3_lane1-TCCGGACA.TAGGAGAC"	4
"R3_lane1-TCCGGACA.TGTAATCG"	3
"R3_lane1-TCGACTGC.AAGAGCTG"	3
"R3_lane1-TCGACTGC.ACCTCTTG"	4
"R3_lane1-TCGACTGC.AGGTCTCA"	4
"R3_lane1-TCGACTGC.AGTCGTAT"	4
"R3_lane1-TCGACTGC.ATACGCCA"	4
"R3_lane1-TCGACTGC.ATGCTTAA"	3
"R3_lane1-TCGACTGC.ATTACGCT"	4
"R3_lane1-TCGACTGC.CCTTATAG"	3
"R3_lane1-TCGACTGC.CGCCAATA"	4
"R3_lane1-TCGACTGC.CGTACGTA"	4
"R3_lane1-TCGACTGC.CTTAGAAG"	3
"R3_lane1-TCGACTGC.TAATTACG"	4
"R3_lane1-TCGACTGC.TCCGTCTA"	4
"R3_lane1-TCGACTGC.TCTACATG"	4
"R3_lane1-TCGACTGC.TGCAGTGA"	4
"R3_lane1-TCGACTGC.TGGCAGTT"	4
"R3_lane1-TGAGCCAC.AACGCGTA"	3
"R3_lane1-TGAGCCAC.AGCAACCT"	4
"R3_lane1-TGAGCCAC.ATATCAGA"	3
"R3_lane1-TGAGCCAC.CAGCATAT"	4
"R3_lane1-TGAGCCAC.CATGTCCA"	4
"R3_lane1-TGAGCCAC.CGATGACA"	4
"R3_lane1-TGAGCCAC.CGCTTAAT"	3
"R3_lane1-TGAGCCAC.CTACTAGG"	3
"R3_lane1-TGAGCCAC.CTTGGTTA"	4
"R3_lane1-TGAGCCAC.GAGTACGT"	4
"R3_lane1-TGAGCCAC.GCTAACGA"	4
"R3_lane1-TGAGCCAC.GTGTAGCA"	4
"R3_lane1-TGAGCCAC.TATCGCTC"	1
"R3_lane1-TGAGCCAC.TCGGTACT"	4
"R3_lane1-TGAGCCAC.TCTACATG"	3
"R3_lane1-TGAGCCAC.TGACCTTG"	3
"R3_lane1-TGAGCCAC.TGAGGCAA"	3
"R3_lane2-AACGGTCG.ACGTGTGT"	4
"R3_lane2-AACGGTCG.AGCATATG"	4
"R3_lane2-AACGGTCG.ATATCAGA"	4
"R3_lane2-AACGGTCG.ATCGACGA"	4
"R3_lane2-AACGGTCG.CAGCATAT"	4
"R3_lane2-AACGGTCG.GAACTATA"	4
"R3_lane2-AACGGTCG.GATATAAC"	4
"R3_lane2-AACGGTCG.GATGATCC"	4
"R3_lane2-AACGGTCG.GGTCAACT"	2
"R3_lane2-AACGGTCG.GTAGTTCG"	4
"R3_lane2-AACGGTCG.TCAAGCCT"	3
"R3_lane2-AACGGTCG.TGGTTATC"	3
"R3_lane2-AACGGTCG.TTGACCAT"	4
"R3_lane2-AAGCGACC.AACGCGTA"	3
"R3_lane2-AAGCGACC.ATCGACGA"	4
"R3_lane2-AAGCGACC.CACATGGA"	4
"R3_lane2-AAGCGACC.CACTAGCT"	2
"R3_lane2-AAGCGACC.CTGTCATT"	4
"R3_lane2-AAGCGACC.GATTCTTA"	4
"R3_lane2-AAGCGACC.GATTGCAG"	3
"R3_lane2-AAGCGACC.GCTAACGA"	4
"R3_lane2-AAGCGACC.GTAGACAC"	4
"R3_lane2-AAGCGACC.GTATCTAT"	4
"R3_lane2-AAGCGACC.TCGGTACT"	4
"R3_lane2-AAGCGACC.TCTTAGTC"	4
"R3_lane2-AAGCGACC.TGGCAGTT"	3
"R3_lane2-AAGCGACC.TGGTTATC"	4
"R3_lane2-AAGCGACC.TTAATCGA"	3
"R3_lane2-ACACGGAG.ACGAAGAT"	3
"R3_lane2-ACACGGAG.CACTAGCT"	4
"R3_lane2-ACACGGAG.CTGTCATT"	3
"R3_lane2-ACACGGAG.GCAGGATT"	3
"R3_lane2-ACACGGAG.GTGTAGCA"	4
"R3_lane2-ACACGGAG.GTTCCGAA"	3
"R3_lane2-ACACGGAG.TACTAAGC"	4
"R3_lane2-ACACGGAG.TCAAGCCT"	4
"R3_lane2-AGGTGCGA.ACCTCTTG"	2
"R3_lane2-AGGTGCGA.ACGAAGAT"	4
"R3_lane2-AGGTGCGA.ACTCTACG"	4
"R3_lane2-AGGTGCGA.ATATCAGA"	2
"R3_lane2-AGGTGCGA.ATGCTTAA"	1
"R3_lane2-AGGTGCGA.CACTGTAC"	3
"R3_lane2-AGGTGCGA.CTACTAGG"	2
"R3_lane2-AGGTGCGA.CTGATTCT"	3
"R3_lane2-AGGTGCGA.GCTAACGA"	4
"R3_lane2-AGGTGCGA.GTATCTAT"	1
"R3_lane2-AGGTGCGA.GTGACTTG"	4
"R3_lane2-AGGTGCGA.TAATTACG"	4
"R3_lane2-AGGTGCGA.TATCTTGT"	4
"R3_lane2-AGGTGCGA.TCACTGAG"	3
"R3_lane2-AGGTGCGA.TCAGATGC"	4
"R3_lane2-CACGACCT.ACGAAGAT"	4
"R3_lane2-CACGACCT.ACTGCTAC"	4
"R3_lane2-CACGACCT.ATTACGCT"	3
"R3_lane2-CACGACCT.CATTGAGT"	3
"R3_lane2-CACGACCT.CGTACGTA"	4
"R3_lane2-CACGACCT.CGTTACTT"	3
"R3_lane2-CACGACCT.GATTCTTA"	4
"R3_lane2-CACGACCT.GCTAACGA"	3
"R3_lane2-CACGACCT.GGTGTCAT"	3
"R3_lane2-CACGACCT.GTTCCGAA"	4
"R3_lane2-CACGACCT.TAATTACG"	3
"R3_lane2-CACGACCT.TATCGCTC"	4
"R3_lane2-CACGACCT.TCAAGCCT"	4
"R3_lane2-CACGACCT.TCGCATCA"	4
"R3_lane2-CACGACCT.TGGCAGTT"	3
"R3_lane2-CACGACCT.TGTAATCG"	4
"R3_lane2-CACGACCT.TTCGCTCA"	3
"R3_lane2-CACGGATC.ACGAAGAT"	4
"R3_lane2-CACGGATC.ACGTGTGT"	4
"R3_lane2-CACGGATC.ACTGTGGA"	3
"R3_lane2-CACGGATC.ACTTGATA"	1
"R3_lane2-CACGGATC.AGAGTGTC"	3
"R3_lane2-CACGGATC.AGGTCTCA"	3
"R3_lane2-CACGGATC.AGTTATGC"	4
"R3_lane2-CACGGATC.CCATGGAT"	4
"R3_lane2-CACGGATC.CCTTATAG"	3
"R3_lane2-CACGGATC.CGTACGTA"	3
"R3_lane2-CACGGATC.GAACTATA"	4
"R3_lane2-CACGGATC.GCAGGATT"	4
"R3_lane2-CACGGATC.GTCATAGT"	3
"R3_lane2-CACGGATC.TGGTTATC"	3
"R3_lane2-CGACCGTT.AACGTCAG"	3
"R3_lane2-CGACCGTT.ACGAAGAT"	4
"R3_lane2-CGACCGTT.ACGTTCAC"	4
"R3_lane2-CGACCGTT.ACTCTACG"	3
"R3_lane2-CGACCGTT.ATTACGCT"	3
"R3_lane2-CGACCGTT.CGTTACTT"	4
"R3_lane2-CGACCGTT.CTAGTGAA"	4
"R3_lane2-CGACCGTT.CTTAGAAG"	4
"R3_lane2-CGACCGTT.GAACTATA"	4
"R3_lane2-CGACCGTT.GTAGACAC"	1
"R3_lane2-CGACCGTT.TAGGAGAC"	3
"R3_lane2-CGACCGTT.TCTTAGTC"	4
"R3_lane2-CGACCGTT.TGAGGCAA"	4
"R3_lane2-CGGTCGCC.AAGAGCTG"	3
"R3_lane2-CGGTCGCC.ACAGACTG"	3
"R3_lane2-CGGTCGCC.ACTGCTAC"	3
"R3_lane2-CGGTCGCC.AGGTCTCA"	4
"R3_lane2-CGGTCGCC.ATCCGATT"	3
"R3_lane2-CGGTCGCC.ATTACGCT"	3
"R3_lane2-CGGTCGCC.CACTAGCT"	4
"R3_lane2-CGGTCGCC.CGATGACA"	3
"R3_lane2-CGGTCGCC.CGTACGTA"	4
"R3_lane2-CGGTCGCC.TCGCATCA"	4
"R3_lane2-CGTCTCGT.AACGTCAG"	1
"R3_lane2-CGTCTCGT.AGCAACCT"	3
"R3_lane2-CGTCTCGT.ATACATGT"	4
"R3_lane2-CGTCTCGT.ATACGCCA"	4
"R3_lane2-CGTCTCGT.CACTGTAC"	4
"R3_lane2-CGTCTCGT.CATGTCCA"	2
"R3_lane2-CGTCTCGT.CCTTATAG"	4
"R3_lane2-CGTCTCGT.GCAGGATT"	2
"R3_lane2-CGTCTCGT.GTAGTTCG"	4
"R3_lane2-CGTCTCGT.TACTAAGC"	4
"R3_lane2-CGTCTCGT.TATCGCTC"	4
"R3_lane2-CGTCTCGT.TCACTGAG"	3
"R3_lane2-CGTCTCGT.TGGCAGTT"	4
"R3_lane2-CTGAGGCA.ACAGACTG"	3
"R3_lane2-CTGAGGCA.ACGTGTGT"	4
"R3_lane2-CTGAGGCA.ATACATGT"	4
"R3_lane2-CTGAGGCA.CTTGGTTA"	4
"R3_lane2-CTGAGGCA.GTGTAGCA"	4
"R3_lane2-CTGAGGCA.GTTCCGAA"	4
"R3_lane2-CTGAGGCA.TGGTTATC"	4
"R3_lane2-CTGAGGCA.TTCTCGAG"	3
"R3_lane2-CTGAGGCA.TTGACCAT"	4
"R3_lane2-CTGCGTAG.AAGAGCTG"	3
"R3_lane2-CTGCGTAG.AAGCCATC"	3
"R3_lane2-CTGCGTAG.ACCTCTTG"	3
"R3_lane2-CTGCGTAG.ACTTGATA"	4
"R3_lane2-CTGCGTAG.AGTCGTAT"	3
"R3_lane2-CTGCGTAG.ATACGCCA"	3
"R3_lane2-CTGCGTAG.CACTAGCT"	3
"R3_lane2-CTGCGTAG.CATTGAGT"	4
"R3_lane2-CTGCGTAG.CGTACGTA"	3
"R3_lane2-CTGCGTAG.CGTTACTT"	4
"R3_lane2-CTGCGTAG.CTACTAGG"	3
"R3_lane2-CTGCGTAG.CTAGTGAA"	3
"R3_lane2-CTGCGTAG.GATTGCAG"	3
"R3_lane2-CTGCGTAG.GGATTGCT"	4
"R3_lane2-CTGCGTAG.TAGGAGAC"	4
"R3_lane2-CTGCGTAG.TATCTTGT"	3
"R3_lane2-CTGCGTAG.TGGTTATC"	1
"R3_lane2-CTGCGTAG.TTAACGTC"	4
"R3_lane2-CTTGCGTC.ACCTCTTG"	4
"R3_lane2-CTTGCGTC.ACTCTACG"	3
"R3_lane2-CTTGCGTC.GATATAAC"	4
"R3_lane2-CTTGCGTC.GATGATCC"	3
"R3_lane2-CTTGCGTC.TAATTACG"	4
"R3_lane2-CTTGCGTC.TCAGATGC"	4
"R3_lane2-CTTGCGTC.TCGCATCA"	4
"R3_lane2-GATGCAGG.ACGAAGAT"	4
"R3_lane2-GATGCAGG.ACGTGTGT"	3
"R3_lane2-GATGCAGG.AGCATATG"	4
"R3_lane2-GATGCAGG.ATTACGCT"	4
"R3_lane2-GATGCAGG.CACTAGCT"	4
"R3_lane2-GATGCAGG.CTACTAGG"	4
"R3_lane2-GATGCAGG.GCTAACGA"	4
"R3_lane2-GATGCAGG.GGATTGCT"	3
"R3_lane2-GATGCAGG.GGTGTCAT"	4
"R3_lane2-GATGCAGG.GTATCTAT"	4
"R3_lane2-GATGCAGG.GTGACTTG"	4
"R3_lane2-GATGCAGG.GTGTAGCA"	3
"R3_lane2-GATGCAGG.TACTAAGC"	3
"R3_lane2-GATGCAGG.TCACTGAG"	3
"R3_lane2-GATGCAGG.TCCGTCTA"	4
"R3_lane2-GATGCAGG.TGGCAGTT"	4
"R3_lane2-GCACTTCC.AACGCGTA"	3
"R3_lane2-GCACTTCC.GAGTACGT"	4
"R3_lane2-GCACTTCC.GATTGCAG"	4
"R3_lane2-GCACTTCC.GCAGGATT"	4
"R3_lane2-GCACTTCC.TCTTAGTC"	3
"R3_lane2-GCGTTCTC.AATCAGAG"	4
"R3_lane2-GCGTTCTC.ACTTGATA"	4
"R3_lane2-GCGTTCTC.ATCCGATT"	4
"R3_lane2-GCGTTCTC.ATGCTTAA"	4
"R3_lane2-GCGTTCTC.CAAGCTGA"	3
"R3_lane2-GCGTTCTC.CAGCATAT"	3
"R3_lane2-GCGTTCTC.CCATGGAT"	2
"R3_lane2-GCGTTCTC.GATTCTTA"	4
"R3_lane2-GCGTTCTC.GCAGGATT"	1
"R3_lane2-GCGTTCTC.GTAGTTCG"	3
"R3_lane2-GCGTTCTC.GTGTAGCA"	4
"R3_lane2-GCGTTCTC.TCAAGCCT"	4
"R3_lane2-GCGTTCTC.TGGTTATC"	3
"R3_lane2-GCGTTCTC.TTAACGTC"	4
"R3_lane2-GGATACCG.ACTGTGGA"	4
"R3_lane2-GGATACCG.AGAGTGTC"	3
"R3_lane2-GGATACCG.AGCATATG"	4
"R3_lane2-GGATACCG.ATACGCCA"	4
"R3_lane2-GGATACCG.ATGCTTAA"	4
"R3_lane2-GGATACCG.CAAGCTGA"	3
"R3_lane2-GGATACCG.CAGTCCAA"	3
"R3_lane2-GGATACCG.CGATGACA"	4
"R3_lane2-GGATACCG.CGCTTAAT"	4
"R3_lane2-GGATACCG.GATATAAC"	4
"R3_lane2-GGATACCG.GATGATCC"	2
"R3_lane2-GGATACCG.GGTGTCAT"	4
"R3_lane2-GGATACCG.GTATCTAT"	3
"R3_lane2-GGATACCG.TAATTACG"	2
"R3_lane2-GGATACCG.TATCGCTC"	3
"R3_lane2-GGATACCG.TCAGATGC"	4
"R3_lane2-GGATACCG.TCTTAGTC"	4
"R3_lane2-GGATACCG.TTAATCGA"	3
"R3_lane2-GGATACCG.TTCGCTCA"	4
"R3_lane2-GGCTCCGC.ACGTGTGT"	1
"R3_lane2-GGCTCCGC.ACTGTGGA"	3
"R3_lane2-GGCTCCGC.AGGTCTCA"	3
"R3_lane2-GGCTCCGC.ATATCAGA"	2
"R3_lane2-GGCTCCGC.ATTACGCT"	4
"R3_lane2-GGCTCCGC.CAAGCTGA"	3
"R3_lane2-GGCTCCGC.CACATGGA"	4
"R3_lane2-GGCTCCGC.CGCTTAAT"	3
"R3_lane2-GGCTCCGC.TTCGCTCA"	3
"R3_lane2-GTCACGTG.ACGTTCAC"	4
"R3_lane2-GTCACGTG.ACTGTGGA"	3
"R3_lane2-GTCACGTG.AGCAACCT"	3
"R3_lane2-GTCACGTG.ATCCGATT"	3
"R3_lane2-GTCACGTG.CACTAGCT"	4
"R3_lane2-GTCACGTG.CGTACGTA"	3
"R3_lane2-GTCACGTG.CTACTAGG"	3
"R3_lane2-GTCACGTG.CTTAGAAG"	4
"R3_lane2-GTCACGTG.GTATCTAT"	4
"R3_lane2-GTCACGTG.TAATTACG"	3
"R3_lane2-GTCACGTG.TGACCTTG"	3
"R3_lane2-GTCACGTG.TTAATCGA"	3
"R3_lane2-TCCGGACA.AAGAGCTG"	3
"R3_lane2-TCCGGACA.AAGCCATC"	4
"R3_lane2-TCCGGACA.ACGAAGAT"	4
"R3_lane2-TCCGGACA.AGCATATG"	4
"R3_lane2-TCCGGACA.AGTTATGC"	2
"R3_lane2-TCCGGACA.CATTGAGT"	4
"R3_lane2-TCCGGACA.CGCTTAAT"	3
"R3_lane2-TCCGGACA.CTGATTCT"	4
"R3_lane2-TCCGGACA.GATATAAC"	4
"R3_lane2-TCCGGACA.GGATTGCT"	4
"R3_lane2-TCCGGACA.TACTAAGC"	4
"R3_lane2-TCCGGACA.TAGGAGAC"	4
"R3_lane2-TCCGGACA.TGTAATCG"	3
"R3_lane2-TCGACTGC.AAGAGCTG"	3
"R3_lane2-TCGACTGC.ACCTCTTG"	4
"R3_lane2-TCGACTGC.AGGTCTCA"	4
"R3_lane2-TCGACTGC.AGTCGTAT"	4
"R3_lane2-TCGACTGC.ATACGCCA"	4
"R3_lane2-TCGACTGC.ATGCTTAA"	3
"R3_lane2-TCGACTGC.ATTACGCT"	4
"R3_lane2-TCGACTGC.CCTTATAG"	3
"R3_lane2-TCGACTGC.CGCCAATA"	4
"R3_lane2-TCGACTGC.CGTACGTA"	4
"R3_lane2-TCGACTGC.CTTAGAAG"	3
"R3_lane2-TCGACTGC.TAATTACG"	4
"R3_lane2-TCGACTGC.TCCGTCTA"	4
"R3_lane2-TCGACTGC.TCTACATG"	4
"R3_lane2-TCGACTGC.TGCAGTGA"	4
"R3_lane2-TCGACTGC.TGGCAGTT"	4
"R3_lane2-TGAGCCAC.AACGCGTA"	3
"R3_lane2-TGAGCCAC.AGCAACCT"	4
"R3_lane2-TGAGCCAC.ATATCAGA"	3
"R3_lane2-TGAGCCAC.CAGCATAT"	4
"R3_lane2-TGAGCCAC.CATGTCCA"	4
"R3_lane2-TGAGCCAC.CGATGACA"	4
"R3_lane2-TGAGCCAC.CGCTTAAT"	3
"R3_lane2-TGAGCCAC.CTACTAGG"	3
"R3_lane2-TGAGCCAC.CTTGGTTA"	4
"R3_lane2-TGAGCCAC.GAGTACGT"	4
"R3_lane2-TGAGCCAC.GCTAACGA"	3
"R3_lane2-TGAGCCAC.GTGTAGCA"	4
"R3_lane2-TGAGCCAC.TATCGCTC"	1
"R3_lane2-TGAGCCAC.TCGGTACT"	4
"R3_lane2-TGAGCCAC.TCTACATG"	3
"R3_lane2-TGAGCCAC.TGACCTTG"	3
"R3_lane2-TGAGCCAC.TGAGGCAA"	3
"R5_lane1-ATCGAGCC.AGTCGTAT"	1
"R5_lane1-ATCGAGCC.CAGCATAT"	3
"R5_lane1-ATCGAGCC.CATTGAGT"	4
"R5_lane1-ATCGAGCC.CGTACGTA"	3
"R5_lane1-ATCGAGCC.CTTGGTTA"	4
"R5_lane1-ATCGAGCC.GATTCTTA"	4
"R5_lane1-ATCGAGCC.TGAGGCAA"	4
"R5_lane1-CAGGCTTG.AAGAGCTG"	3
"R5_lane1-CAGGCTTG.AGGTCTCA"	4
"R5_lane1-CAGGCTTG.AGTCGTAT"	4
"R5_lane1-CAGGCTTG.CCTTATAG"	4
"R5_lane1-CAGGCTTG.CTTGGTTA"	3
"R5_lane1-CAGGCTTG.GAACTATA"	4
"R5_lane1-CAGGCTTG.GATTCTTA"	4
"R5_lane1-CAGGCTTG.GCAGGATT"	3
"R5_lane1-CAGGCTTG.TAATTACG"	3
"R5_lane1-CAGGCTTG.TAGGAGAC"	4
"R5_lane1-CAGGCTTG.TCCGTCTA"	4
"R5_lane1-CCAGCGCG.AATCAGAG"	2
"R5_lane1-CCAGCGCG.ACCTCTTG"	4
"R5_lane1-CCAGCGCG.ACTTGATA"	4
"R5_lane1-CCAGCGCG.AGTCGTAT"	4
"R5_lane1-CCAGCGCG.CATGTCCA"	4
"R5_lane1-CCAGCGCG.CCTTATAG"	3
"R5_lane1-CCAGCGCG.CGTTACTT"	4
"R5_lane1-CCAGCGCG.CTAGTGAA"	4
"R5_lane1-CCAGCGCG.GATGATCC"	4
"R5_lane1-CCAGCGCG.GTCCATTC"	4
"R5_lane1-CCAGCGCG.TATCGCTC"	4
"R5_lane1-CCAGCGCG.TCTACATG"	3
"R5_lane1-CCAGCGCG.TGACCTTG"	4
"R5_lane1-CCAGCGCG.TGCAGTGA"	3
"R5_lane1-CCGAAGTG.AAGAGCTG"	3
"R5_lane1-CCGAAGTG.AAGCCATC"	4
"R5_lane1-CCGAAGTG.CCATGGAT"	4
"R5_lane1-CCGAAGTG.CGATGACA"	4
"R5_lane1-CCGAAGTG.GATATAAC"	3
"R5_lane1-CCGAAGTG.GATTCTTA"	4
"R5_lane1-CCGAAGTG.GCCATTAA"	4
"R5_lane1-CCGAAGTG.GTAGACAC"	4
"R5_lane1-CCGAAGTG.GTCCATTC"	4
"R5_lane1-CCGAAGTG.GTTCCGAA"	3
"R5_lane1-CCGAAGTG.TACCGGAA"	3
"R5_lane1-CCGAAGTG.TCGCATCA"	3
"R5_lane1-CCGAAGTG.TGTAATCG"	4
"R5_lane1-CCGTCAGA.ACCTCTTG"	3
"R5_lane1-CCGTCAGA.CAAGCTGA"	3
"R5_lane1-CCGTCAGA.CGATGACA"	4
"R5_lane1-CCGTCAGA.GATTCTTA"	4
"R5_lane1-CCGTCAGA.GATTGCAG"	4
"R5_lane1-CCGTCAGA.GTAGTTCG"	3
"R5_lane1-CCTCCTCA.ACTGCTAC"	3
"R5_lane1-CCTCCTCA.ATACGCCA"	3
"R5_lane1-CCTCCTCA.ATGCTTAA"	4
"R5_lane1-CCTCCTCA.CAAGCTGA"	4
"R5_lane1-CCTCCTCA.CACTAGCT"	4
"R5_lane1-CCTCCTCA.CGAATTGC"	3
"R5_lane1-CCTCCTCA.GGTCAACT"	4
"R5_lane1-CCTCCTCA.TGTCTGCA"	3
"R5_lane1-CCTGGCAG.AGAGTGTC"	3
"R5_lane1-CCTGGCAG.CAGCATAT"	4
"R5_lane1-CCTGGCAG.CCTTATAG"	3
"R5_lane1-CCTGGCAG.CGAATTGC"	3
"R5_lane1-CCTGGCAG.CTAGTGAA"	3
"R5_lane1-CCTGGCAG.GAGTACGT"	4
"R5_lane1-CCTGGCAG.GATATAAC"	3
"R5_lane1-CCTGGCAG.TACCGGAA"	4
"R5_lane1-CCTGGCAG.TCAGATGC"	3
"R5_lane1-CCTGGCAG.TCCGTCTA"	4
"R5_lane1-CCTGGCAG.TCGGTACT"	4
"R5_lane1-CGCAGCAA.ACGTGTGT"	3
"R5_lane1-CGCAGCAA.AGGTCTCA"	3
"R5_lane1-CGCAGCAA.CACATGGA"	4
"R5_lane1-CGCAGCAA.CATGTCCA"	4
"R5_lane1-CGCAGCAA.CGATGACA"	4
"R5_lane1-CGCAGCAA.GAACTATA"	3
"R5_lane1-CGCAGCAA.TCAGATGC"	4
"R5_lane1-CGCAGCAA.TGCAGTGA"	4
"R5_lane1-CGCATGGC.ATACATGT"	4
"R5_lane1-CGCATGGC.ATCCGATT"	4
"R5_lane1-CGCATGGC.CACTAGCT"	4
"R5_lane1-CGCATGGC.CGTTACTT"	4
"R5_lane1-CGCATGGC.CTACTAGG"	3
"R5_lane1-CGCATGGC.GTGACTTG"	4
"R5_lane1-CGCATGGC.TAGGAGAC"	4
"R5_lane1-CGCATGGC.TCAAGCCT"	4
"R5_lane1-CGCATGGC.TCCGTCTA"	4
"R5_lane1-CGCATGGC.TGAGGCAA"	2
"R5_lane1-CGCGAGTA.ACGTTCAC"	4
"R5_lane1-CGCGAGTA.ACTGTGGA"	3
"R5_lane1-CGCGAGTA.ATACATGT"	3
"R5_lane1-CGCGAGTA.CACTAGCT"	4
"R5_lane1-CGCGAGTA.CACTGTAC"	3
"R5_lane1-CGCGAGTA.CATTGAGT"	3
"R5_lane1-CGCGAGTA.CCATGGAT"	4
"R5_lane1-CGCGAGTA.CGCTTAAT"	3
"R5_lane1-CGCGAGTA.GATGATCC"	3
"R5_lane1-CGCGAGTA.GATTGCAG"	3
"R5_lane1-CGCGAGTA.TATCGCTC"	3
"R5_lane1-CGCGAGTA.TGCAGTGA"	3
"R5_lane1-CGCGAGTA.TGGTTATC"	3
"R5_lane1-CGCGAGTA.TTAATCGA"	3
"R5_lane1-CTCTCACG.AACGTCAG"	4
"R5_lane1-CTCTCACG.ACGTGTGT"	1
"R5_lane1-CTCTCACG.ACTCTACG"	4
"R5_lane1-CTCTCACG.ACTTGATA"	4
"R5_lane1-CTCTCACG.AGCATATG"	4
"R5_lane1-CTCTCACG.AGTCGTAT"	4
"R5_lane1-CTCTCACG.CGAATTGC"	2
"R5_lane1-CTCTCACG.GATGATCC"	3
"R5_lane1-CTCTCACG.GATTGCAG"	3
"R5_lane1-CTCTCACG.GTGTAGCA"	4
"R5_lane1-CTCTCACG.TATCGCTC"	3
"R5_lane1-CTCTCACG.TCGCATCA"	4
"R5_lane1-CTCTCACG.TGAGGCAA"	3
"R5_lane1-CTCTCACG.TGCAGTGA"	4
"R5_lane1-CTCTCACG.TGTAATCG"	3
"R5_lane1-CTCTCACG.TGTCTGCA"	3
"R5_lane1-CTCTCACG.TTAACGTC"	2
"R5_lane1-CTCTCACG.TTCGCTCA"	2
"R5_lane1-CTCTCACG.TTCTCGAG"	4
"R5_lane1-CTGGTCAC.AATCAGAG"	3
"R5_lane1-CTGGTCAC.CACTAGCT"	4
"R5_lane1-CTGGTCAC.TCAAGCCT"	4
"R5_lane1-CTGGTCAC.TCAGATGC"	3
"R5_lane1-GACCAGGC.AATCAGAG"	4
"R5_lane1-GACCAGGC.ACGAAGAT"	4
"R5_lane1-GACCAGGC.AGAGTGTC"	3
"R5_lane1-GACCAGGC.ATACATGT"	4
"R5_lane1-GACCAGGC.ATACGCCA"	4
"R5_lane1-GACCAGGC.CGAATTGC"	4
"R5_lane1-GACCAGGC.GAGTACGT"	4
"R5_lane1-GACCAGGC.TCAAGCCT"	4
"R5_lane1-GACCAGGC.TTAATCGA"	4
"R5_lane1-GAGGAGCA.ACTCTACG"	4
"R5_lane1-GAGGAGCA.ATCGACGA"	3
"R5_lane1-GAGGAGCA.ATTACGCT"	4
"R5_lane1-GAGGAGCA.CACTAGCT"	2
"R5_lane1-GAGGAGCA.GAACTATA"	4
"R5_lane1-GAGGAGCA.GATATAAC"	4
"R5_lane1-GAGGAGCA.TCTACATG"	3
"R5_lane1-GCCTCGAA.AACGCGTA"	4
"R5_lane1-GCCTCGAA.AACGTCAG"	3
"R5_lane1-GCCTCGAA.ACCTCTTG"	4
"R5_lane1-GCCTCGAA.AGGTCTCA"	4
"R5_lane1-GCCTCGAA.AGTTATGC"	4
"R5_lane1-GCCTCGAA.ATACGCCA"	3
"R5_lane1-GCCTCGAA.ATTACGCT"	4
"R5_lane1-GCCTCGAA.CAGTCCAA"	3
"R5_lane1-GCCTCGAA.CATGTCCA"	3
"R5_lane1-GCCTCGAA.CCTTATAG"	4
"R5_lane1-GCCTCGAA.CGCCAATA"	4
"R5_lane1-GCCTCGAA.GAGTACGT"	2
"R5_lane1-GCCTCGAA.GATGATCC"	4
"R5_lane1-GCCTCGAA.TCACTGAG"	2
"R5_lane1-GCCTCGAA.TCAGATGC"	4
"R5_lane1-GCCTCGAA.TCGGTACT"	3
"R5_lane1-GCCTCGAA.TGAGGCAA"	4
"R5_lane1-GCCTCGAA.TGCAGTGA"	4
"R5_lane1-GCCTTAGG.AAGCCATC"	4
"R5_lane1-GCCTTAGG.ACGTGTGT"	4
"R5_lane1-GCCTTAGG.ACGTTCAC"	3
"R5_lane1-GCCTTAGG.ACTCTACG"	3
"R5_lane1-GCCTTAGG.AGCAACCT"	4
"R5_lane1-GCCTTAGG.ATCCGATT"	4
"R5_lane1-GCCTTAGG.CAAGCTGA"	4
"R5_lane1-GCCTTAGG.CAGCATAT"	1
"R5_lane1-GCCTTAGG.CAGTCCAA"	3
"R5_lane1-GCCTTAGG.CATGTCCA"	4
"R5_lane1-GCCTTAGG.CCTTATAG"	4
"R5_lane1-GCCTTAGG.CGTTACTT"	1
"R5_lane1-GCCTTAGG.CTTAGAAG"	3
"R5_lane1-GCCTTAGG.GATGATCC"	4
"R5_lane1-GCCTTAGG.TAATTACG"	4
"R5_lane1-GCCTTAGG.TATCTTGT"	3
"R5_lane1-GCCTTAGG.TGGTTATC"	4
"R5_lane1-GCTCGCTA.ACTGTGGA"	4
"R5_lane1-GCTCGCTA.ATTACGCT"	3
"R5_lane1-GCTCGCTA.CAAGCTGA"	4
"R5_lane1-GCTCGCTA.CAGCATAT"	4
"R5_lane1-GCTCGCTA.CATTGAGT"	2
"R5_lane1-GCTCGCTA.CGTACGTA"	3
"R5_lane1-GCTCGCTA.CTACTAGG"	4
"R5_lane1-GCTCGCTA.GGTGTCAT"	4
"R5_lane1-GCTCGCTA.TCAAGCCT"	4
"R5_lane1-GCTCGCTA.TCAGATGC"	4
"R5_lane1-GCTCGCTA.TGTAATCG"	4
"R5_lane1-GGAGTGGA.ACGTGTGT"	4
"R5_lane1-GGAGTGGA.ACTGCTAC"	3
"R5_lane1-GGAGTGGA.ATATCAGA"	4
"R5_lane1-GGAGTGGA.ATCCGATT"	4
"R5_lane1-GGAGTGGA.ATCGACGA"	4
"R5_lane1-GGAGTGGA.ATTACGCT"	4
"R5_lane1-GGAGTGGA.CGCCAATA"	3
"R5_lane1-GGAGTGGA.CGTTACTT"	4
"R5_lane1-GGAGTGGA.GATATAAC"	3
"R5_lane1-GGAGTGGA.GATTCTTA"	4
"R5_lane1-GGAGTGGA.GGTGTCAT"	4
"R5_lane1-GGAGTGGA.TACTAAGC"	4
"R5_lane1-GGAGTGGA.TGTCTGCA"	4
"R5_lane1-GTCGGCAT.AACGCGTA"	4
"R5_lane1-GTCGGCAT.AAGCCATC"	3
"R5_lane1-GTCGGCAT.ACAGACTG"	3
"R5_lane1-GTCGGCAT.ACGTGTGT"	4
"R5_lane1-GTCGGCAT.AGCATATG"	4
"R5_lane1-GTCGGCAT.ATACATGT"	4
"R5_lane1-GTCGGCAT.ATCGACGA"	3
"R5_lane1-GTCGGCAT.CACATGGA"	4
"R5_lane1-GTCGGCAT.CCTTATAG"	4
"R5_lane1-GTCGGCAT.CTAGTGAA"	4
"R5_lane1-GTCGGCAT.CTGATTCT"	4
"R5_lane1-GTCGGCAT.GAGTACGT"	4
"R5_lane1-GTCGGCAT.TAATTACG"	3
"R5_lane1-GTCGGCAT.TCTTAGTC"	3
"R5_lane1-GTCGGCAT.TGTAATCG"	4
"R5_lane1-GTCGGCAT.TTAATCGA"	4
"R5_lane1-TCACGAGC.ACTCTACG"	4
"R5_lane1-TCACGAGC.ACTGCTAC"	3
"R5_lane1-TCACGAGC.CATGTCCA"	4
"R5_lane1-TCACGAGC.CATTGAGT"	4
"R5_lane1-TCACGAGC.CCATGGAT"	4
"R5_lane1-TCACGAGC.CGATGACA"	4
"R5_lane1-TCACGAGC.GTCATAGT"	3
"R5_lane1-TCACGAGC.TCAGATGC"	3
"R5_lane1-TCACGAGC.TCTTAGTC"	3
"R5_lane1-TCACGAGC.TGGCAGTT"	3
"R5_lane1-TCCGTGAG.AACGTCAG"	3
"R5_lane1-TCCGTGAG.AAGAGCTG"	4
"R5_lane1-TCCGTGAG.ACTTGATA"	2
"R5_lane1-TCCGTGAG.AGAGTGTC"	4
"R5_lane1-TCCGTGAG.CGAATTGC"	3
"R5_lane1-TCCGTGAG.GCAGGATT"	4
"R5_lane1-TCCGTGAG.GTAGTTCG"	3
"R5_lane1-TCCGTGAG.GTGACTTG"	2
"R5_lane1-TCCGTGAG.TAATTACG"	3
"R5_lane1-TCCGTGAG.TCGTGAAG"	3
"R5_lane1-TCCGTGAG.TGAGGCAA"	4
"R5_lane1-TCGGATCG.AACGTCAG"	3
"R5_lane1-TCGGATCG.AATCAGAG"	4
"R5_lane1-TCGGATCG.ACGAAGAT"	4
"R5_lane1-TCGGATCG.ACGTTCAC"	3
"R5_lane1-TCGGATCG.ATACATGT"	4
"R5_lane1-TCGGATCG.ATCGACGA"	3
"R5_lane1-TCGGATCG.CACTAGCT"	1
"R5_lane1-TCGGATCG.CATGTCCA"	4
"R5_lane1-TCGGATCG.CCATGGAT"	4
"R5_lane1-TCGGATCG.CGTTACTT"	4
"R5_lane1-TCGGATCG.GTGACTTG"	3
"R5_lane1-TCGGATCG.GTGTAGCA"	3
"R5_lane1-TCGGATCG.TCGGTACT"	4
"R5_lane1-TCGGATCG.TCTTAGTC"	3
"R5_lane1-TCGGATCG.TGTCTGCA"	4
"R5_lane1-TCGGATCG.TTAACGTC"	3
"R5_lane1-TCGGATCG.TTGACCAT"	4
"R5_lane2-ATCGAGCC.AGTCGTAT"	1
"R5_lane2-ATCGAGCC.CAGCATAT"	3
"R5_lane2-ATCGAGCC.CATTGAGT"	4
"R5_lane2-ATCGAGCC.CGTACGTA"	3
"R5_lane2-ATCGAGCC.CTTGGTTA"	4
"R5_lane2-ATCGAGCC.GATTCTTA"	4
"R5_lane2-ATCGAGCC.TGAGGCAA"	4
"R5_lane2-CAGGCTTG.AAGAGCTG"	4
"R5_lane2-CAGGCTTG.AGGTCTCA"	4
"R5_lane2-CAGGCTTG.AGTCGTAT"	4
"R5_lane2-CAGGCTTG.CCTTATAG"	4
"R5_lane2-CAGGCTTG.CTTGGTTA"	3
"R5_lane2-CAGGCTTG.GAACTATA"	4
"R5_lane2-CAGGCTTG.GATTCTTA"	4
"R5_lane2-CAGGCTTG.GCAGGATT"	3
"R5_lane2-CAGGCTTG.TAATTACG"	3
"R5_lane2-CAGGCTTG.TAGGAGAC"	4
"R5_lane2-CAGGCTTG.TCCGTCTA"	4
"R5_lane2-CCAGCGCG.AATCAGAG"	2
"R5_lane2-CCAGCGCG.ACCTCTTG"	4
"R5_lane2-CCAGCGCG.ACTTGATA"	4
"R5_lane2-CCAGCGCG.AGTCGTAT"	4
"R5_lane2-CCAGCGCG.CATGTCCA"	4
"R5_lane2-CCAGCGCG.CCTTATAG"	3
"R5_lane2-CCAGCGCG.CGTTACTT"	4
"R5_lane2-CCAGCGCG.CTAGTGAA"	4
"R5_lane2-CCAGCGCG.GATGATCC"	4
"R5_lane2-CCAGCGCG.GTCCATTC"	3
"R5_lane2-CCAGCGCG.TATCGCTC"	4
"R5_lane2-CCAGCGCG.TCTACATG"	3
"R5_lane2-CCAGCGCG.TGACCTTG"	4
"R5_lane2-CCAGCGCG.TGCAGTGA"	3
"R5_lane2-CCGAAGTG.AAGAGCTG"	3
"R5_lane2-CCGAAGTG.AAGCCATC"	4
"R5_lane2-CCGAAGTG.CCATGGAT"	4
"R5_lane2-CCGAAGTG.CGATGACA"	4
"R5_lane2-CCGAAGTG.GATATAAC"	3
"R5_lane2-CCGAAGTG.GATTCTTA"	4
"R5_lane2-CCGAAGTG.GCCATTAA"	4
"R5_lane2-CCGAAGTG.GTAGACAC"	4
"R5_lane2-CCGAAGTG.GTCCATTC"	4
"R5_lane2-CCGAAGTG.GTTCCGAA"	3
"R5_lane2-CCGAAGTG.TACCGGAA"	3
"R5_lane2-CCGAAGTG.TCGCATCA"	3
"R5_lane2-CCGAAGTG.TGTAATCG"	4
"R5_lane2-CCGTCAGA.ACCTCTTG"	3
"R5_lane2-CCGTCAGA.CAAGCTGA"	3
"R5_lane2-CCGTCAGA.CGATGACA"	4
"R5_lane2-CCGTCAGA.GATTCTTA"	4
"R5_lane2-CCGTCAGA.GATTGCAG"	4
"R5_lane2-CCGTCAGA.GTAGTTCG"	2
"R5_lane2-CCTCCTCA.ACTGCTAC"	3
"R5_lane2-CCTCCTCA.ATGCTTAA"	4
"R5_lane2-CCTCCTCA.CAAGCTGA"	4
"R5_lane2-CCTCCTCA.CACTAGCT"	4
"R5_lane2-CCTCCTCA.CGAATTGC"	3
"R5_lane2-CCTCCTCA.GGTCAACT"	4
"R5_lane2-CCTCCTCA.TGTCTGCA"	3
"R5_lane2-CCTGGCAG.AGAGTGTC"	4
"R5_lane2-CCTGGCAG.CAGCATAT"	4
"R5_lane2-CCTGGCAG.CCTTATAG"	3
"R5_lane2-CCTGGCAG.CGAATTGC"	3
"R5_lane2-CCTGGCAG.CTAGTGAA"	2
"R5_lane2-CCTGGCAG.GAGTACGT"	4
"R5_lane2-CCTGGCAG.GATATAAC"	4
"R5_lane2-CCTGGCAG.TACCGGAA"	4
"R5_lane2-CCTGGCAG.TATCTTGT"	3
"R5_lane2-CCTGGCAG.TCAGATGC"	3
"R5_lane2-CCTGGCAG.TCCGTCTA"	4
"R5_lane2-CCTGGCAG.TCGGTACT"	4
"R5_lane2-CGCAGCAA.ACGTGTGT"	3
"R5_lane2-CGCAGCAA.AGGTCTCA"	3
"R5_lane2-CGCAGCAA.CACATGGA"	4
"R5_lane2-CGCAGCAA.CATGTCCA"	4
"R5_lane2-CGCAGCAA.CGATGACA"	4
"R5_lane2-CGCAGCAA.GAACTATA"	3
"R5_lane2-CGCAGCAA.TCAGATGC"	4
"R5_lane2-CGCAGCAA.TGCAGTGA"	4
"R5_lane2-CGCATGGC.ATACATGT"	4
"R5_lane2-CGCATGGC.ATCCGATT"	4
"R5_lane2-CGCATGGC.CACTAGCT"	4
"R5_lane2-CGCATGGC.CGTTACTT"	4
"R5_lane2-CGCATGGC.CTACTAGG"	3
"R5_lane2-CGCATGGC.GTGACTTG"	3
"R5_lane2-CGCATGGC.TAGGAGAC"	4
"R5_lane2-CGCATGGC.TCAAGCCT"	4
"R5_lane2-CGCATGGC.TCCGTCTA"	4
"R5_lane2-CGCATGGC.TGAGGCAA"	2
"R5_lane2-CGCGAGTA.ACGTTCAC"	4
"R5_lane2-CGCGAGTA.ACTGTGGA"	3
"R5_lane2-CGCGAGTA.ATACATGT"	3
"R5_lane2-CGCGAGTA.CACTAGCT"	4
"R5_lane2-CGCGAGTA.CACTGTAC"	3
"R5_lane2-CGCGAGTA.CATTGAGT"	3
"R5_lane2-CGCGAGTA.CCATGGAT"	4
"R5_lane2-CGCGAGTA.CGCTTAAT"	3
"R5_lane2-CGCGAGTA.GATGATCC"	3
"R5_lane2-CGCGAGTA.GATTGCAG"	3
"R5_lane2-CGCGAGTA.TATCGCTC"	3
"R5_lane2-CGCGAGTA.TGCAGTGA"	3
"R5_lane2-CGCGAGTA.TGGTTATC"	4
"R5_lane2-CGCGAGTA.TTAATCGA"	3
"R5_lane2-CTCTCACG.AACGTCAG"	4
"R5_lane2-CTCTCACG.ACGTGTGT"	1
"R5_lane2-CTCTCACG.ACTCTACG"	4
"R5_lane2-CTCTCACG.ACTTGATA"	4
"R5_lane2-CTCTCACG.AGCATATG"	4
"R5_lane2-CTCTCACG.AGTCGTAT"	4
"R5_lane2-CTCTCACG.CGAATTGC"	2
"R5_lane2-CTCTCACG.GATGATCC"	3
"R5_lane2-CTCTCACG.GATTGCAG"	3
"R5_lane2-CTCTCACG.GTGTAGCA"	4
"R5_lane2-CTCTCACG.TATCGCTC"	3
"R5_lane2-CTCTCACG.TCGCATCA"	4
"R5_lane2-CTCTCACG.TGAGGCAA"	3
"R5_lane2-CTCTCACG.TGCAGTGA"	4
"R5_lane2-CTCTCACG.TGTAATCG"	3
"R5_lane2-CTCTCACG.TGTCTGCA"	3
"R5_lane2-CTCTCACG.TTAACGTC"	2
"R5_lane2-CTCTCACG.TTCGCTCA"	2
"R5_lane2-CTCTCACG.TTCTCGAG"	4
"R5_lane2-CTGGTCAC.AATCAGAG"	3
"R5_lane2-CTGGTCAC.CACTAGCT"	3
"R5_lane2-CTGGTCAC.TCAAGCCT"	4
"R5_lane2-CTGGTCAC.TCAGATGC"	3
"R5_lane2-GACCAGGC.AATCAGAG"	4
"R5_lane2-GACCAGGC.ACGAAGAT"	4
"R5_lane2-GACCAGGC.AGAGTGTC"	4
"R5_lane2-GACCAGGC.ATACATGT"	4
"R5_lane2-GACCAGGC.ATACGCCA"	4
"R5_lane2-GACCAGGC.CGAATTGC"	4
"R5_lane2-GACCAGGC.GAGTACGT"	4
"R5_lane2-GACCAGGC.TCAAGCCT"	4
"R5_lane2-GACCAGGC.TTAATCGA"	4
"R5_lane2-GAGGAGCA.ACTCTACG"	4
"R5_lane2-GAGGAGCA.ATCGACGA"	3
"R5_lane2-GAGGAGCA.ATTACGCT"	4
"R5_lane2-GAGGAGCA.CACTAGCT"	2
"R5_lane2-GAGGAGCA.GAACTATA"	4
"R5_lane2-GAGGAGCA.GATATAAC"	4
"R5_lane2-GAGGAGCA.TCTACATG"	3
"R5_lane2-GCCTCGAA.AACGCGTA"	4
"R5_lane2-GCCTCGAA.AACGTCAG"	3
"R5_lane2-GCCTCGAA.ACCTCTTG"	4
"R5_lane2-GCCTCGAA.AGGTCTCA"	4
"R5_lane2-GCCTCGAA.AGTTATGC"	3
"R5_lane2-GCCTCGAA.ATACGCCA"	3
"R5_lane2-GCCTCGAA.ATTACGCT"	4
"R5_lane2-GCCTCGAA.CAGTCCAA"	3
"R5_lane2-GCCTCGAA.CATGTCCA"	3
"R5_lane2-GCCTCGAA.CCTTATAG"	4
"R5_lane2-GCCTCGAA.CGCCAATA"	4
"R5_lane2-GCCTCGAA.GAGTACGT"	2
"R5_lane2-GCCTCGAA.GATGATCC"	4
"R5_lane2-GCCTCGAA.TCACTGAG"	2
"R5_lane2-GCCTCGAA.TCAGATGC"	4
"R5_lane2-GCCTCGAA.TCGGTACT"	3
"R5_lane2-GCCTCGAA.TGAGGCAA"	4
"R5_lane2-GCCTCGAA.TGCAGTGA"	4
"R5_lane2-GCCTTAGG.AAGCCATC"	4
"R5_lane2-GCCTTAGG.ACGTGTGT"	4
"R5_lane2-GCCTTAGG.ACGTTCAC"	3
"R5_lane2-GCCTTAGG.ACTCTACG"	3
"R5_lane2-GCCTTAGG.AGCAACCT"	4
"R5_lane2-GCCTTAGG.ATCCGATT"	3
"R5_lane2-GCCTTAGG.CAAGCTGA"	3
"R5_lane2-GCCTTAGG.CAGCATAT"	1
"R5_lane2-GCCTTAGG.CAGTCCAA"	3
"R5_lane2-GCCTTAGG.CATGTCCA"	4
"R5_lane2-GCCTTAGG.CCTTATAG"	4
"R5_lane2-GCCTTAGG.CGTTACTT"	1
"R5_lane2-GCCTTAGG.CTTAGAAG"	3
"R5_lane2-GCCTTAGG.GATGATCC"	4
"R5_lane2-GCCTTAGG.TAATTACG"	4
"R5_lane2-GCCTTAGG.TATCTTGT"	3
"R5_lane2-GCCTTAGG.TGGTTATC"	4
"R5_lane2-GCTCGCTA.ACTGTGGA"	4
"R5_lane2-GCTCGCTA.ATTACGCT"	3
"R5_lane2-GCTCGCTA.CAAGCTGA"	4
"R5_lane2-GCTCGCTA.CAGCATAT"	4
"R5_lane2-GCTCGCTA.CATTGAGT"	2
"R5_lane2-GCTCGCTA.CGTACGTA"	3
"R5_lane2-GCTCGCTA.CTACTAGG"	4
"R5_lane2-GCTCGCTA.GGTGTCAT"	4
"R5_lane2-GCTCGCTA.TCAAGCCT"	4
"R5_lane2-GCTCGCTA.TCAGATGC"	4
"R5_lane2-GCTCGCTA.TGTAATCG"	4
"R5_lane2-GGAGTGGA.ACGTGTGT"	3
"R5_lane2-GGAGTGGA.ACTGCTAC"	3
"R5_lane2-GGAGTGGA.ATATCAGA"	4
"R5_lane2-GGAGTGGA.ATCCGATT"	4
"R5_lane2-GGAGTGGA.ATCGACGA"	4
"R5_lane2-GGAGTGGA.ATTACGCT"	4
"R5_lane2-GGAGTGGA.CGCCAATA"	3
"R5_lane2-GGAGTGGA.CGTTACTT"	4
"R5_lane2-GGAGTGGA.GATATAAC"	3
"R5_lane2-GGAGTGGA.GATTCTTA"	4
"R5_lane2-GGAGTGGA.GGTGTCAT"	4
"R5_lane2-GGAGTGGA.TACTAAGC"	4
"R5_lane2-GGAGTGGA.TGTCTGCA"	4
"R5_lane2-GTCGGCAT.AACGCGTA"	4
"R5_lane2-GTCGGCAT.AAGCCATC"	3
"R5_lane2-GTCGGCAT.ACAGACTG"	4
"R5_lane2-GTCGGCAT.ACGTGTGT"	4
"R5_lane2-GTCGGCAT.AGCATATG"	4
"R5_lane2-GTCGGCAT.ATACATGT"	4
"R5_lane2-GTCGGCAT.ATCGACGA"	3
"R5_lane2-GTCGGCAT.CACATGGA"	4
"R5_lane2-GTCGGCAT.CCTTATAG"	4
"R5_lane2-GTCGGCAT.CTAGTGAA"	4
"R5_lane2-GTCGGCAT.CTGATTCT"	3
"R5_lane2-GTCGGCAT.GAGTACGT"	4
"R5_lane2-GTCGGCAT.TAATTACG"	3
"R5_lane2-GTCGGCAT.TCTTAGTC"	3
"R5_lane2-GTCGGCAT.TGTAATCG"	4
"R5_lane2-GTCGGCAT.TTAATCGA"	4
"R5_lane2-TCACGAGC.ACTCTACG"	4
"R5_lane2-TCACGAGC.ACTGCTAC"	3
"R5_lane2-TCACGAGC.CATGTCCA"	3
"R5_lane2-TCACGAGC.CATTGAGT"	4
"R5_lane2-TCACGAGC.CCATGGAT"	4
"R5_lane2-TCACGAGC.CGATGACA"	3
"R5_lane2-TCACGAGC.GTCATAGT"	3
"R5_lane2-TCACGAGC.TCAGATGC"	3
"R5_lane2-TCACGAGC.TCTTAGTC"	3
"R5_lane2-TCACGAGC.TGGCAGTT"	3
"R5_lane2-TCCGTGAG.AACGTCAG"	3
"R5_lane2-TCCGTGAG.AAGAGCTG"	4
"R5_lane2-TCCGTGAG.ACTTGATA"	3
"R5_lane2-TCCGTGAG.AGAGTGTC"	4
"R5_lane2-TCCGTGAG.CGAATTGC"	3
"R5_lane2-TCCGTGAG.GCAGGATT"	4
"R5_lane2-TCCGTGAG.GTAGTTCG"	3
"R5_lane2-TCCGTGAG.GTGACTTG"	2
"R5_lane2-TCCGTGAG.TAATTACG"	3
"R5_lane2-TCCGTGAG.TCGTGAAG"	3
"R5_lane2-TCCGTGAG.TGAGGCAA"	4
"R5_lane2-TCGGATCG.AACGTCAG"	3
"R5_lane2-TCGGATCG.AATCAGAG"	4
"R5_lane2-TCGGATCG.ACGAAGAT"	4
"R5_lane2-TCGGATCG.ACGTTCAC"	4
"R5_lane2-TCGGATCG.ATACATGT"	4
"R5_lane2-TCGGATCG.ATCGACGA"	3
"R5_lane2-TCGGATCG.CACTAGCT"	1
"R5_lane2-TCGGATCG.CATGTCCA"	4
"R5_lane2-TCGGATCG.CCATGGAT"	4
"R5_lane2-TCGGATCG.CGTTACTT"	4
"R5_lane2-TCGGATCG.GTGACTTG"	3
"R5_lane2-TCGGATCG.GTGTAGCA"	4
"R5_lane2-TCGGATCG.TCGGTACT"	3
"R5_lane2-TCGGATCG.TCTTAGTC"	3
"R5_lane2-TCGGATCG.TGTCTGCA"	4
"R5_lane2-TCGGATCG.TTAACGTC"	3
"R5_lane2-TCGGATCG.TTGACCAT"	4
