"R2_lane1-ACCACCAC.ATATCAGA"	4
"R2_lane1-ACCACCAC.ATCCGATT"	4
"R2_lane1-ACCACCAC.CACATGGA"	2
"R2_lane1-ACCACCAC.CACTGTAC"	4
"R2_lane1-ACCACCAC.CAGTCCAA"	3
"R2_lane1-ACCACCAC.CATTGAGT"	4
"R2_lane1-ACCACCAC.CGATGACA"	4
"R2_lane1-ACCACCAC.CGTTACTT"	4
"R2_lane1-ACCACCAC.CTAGTGAA"	4
"R2_lane1-ACCACCAC.CTGATTCT"	4
"R2_lane1-ACCACCAC.CTGTCATT"	4
"R2_lane1-ACCACCAC.CTTGGTTA"	3
"R2_lane1-ACCACCAC.GAGTACGT"	4
"R2_lane1-ACCACCAC.GGTGTCAT"	4
"R2_lane1-ACCACCAC.GTTCCGAA"	4
"R2_lane1-ACCACCAC.TACCGGAA"	3
"R2_lane1-ACCACCAC.TGACCTTG"	4
"R2_lane1-ACCACCAC.TTAACGTC"	3
"R2_lane1-ACCACCAC.TTGACCAT"	4
"R2_lane1-AGCGTCTC.ACCTCTTG"	4
"R2_lane1-AGCGTCTC.ACGAAGAT"	4
"R2_lane1-AGCGTCTC.ACGTTCAC"	3
"R2_lane1-AGCGTCTC.ACTGTGGA"	3
"R2_lane1-AGCGTCTC.AGTCGTAT"	4
"R2_lane1-AGCGTCTC.ATGCTTAA"	4
"R2_lane1-AGCGTCTC.ATTACGCT"	4
"R2_lane1-AGCGTCTC.CAAGCTGA"	3
"R2_lane1-AGCGTCTC.CAGCATAT"	4
"R2_lane1-AGCGTCTC.CGCCAATA"	4
"R2_lane1-AGCGTCTC.CTACTAGG"	3
"R2_lane1-AGCGTCTC.GTCATAGT"	4
"R2_lane1-AGCGTCTC.GTTCCGAA"	4
"R2_lane1-AGCGTCTC.TCGCATCA"	3
"R2_lane1-AGCGTCTC.TCTACATG"	3
"R2_lane1-AGCGTCTC.TGAGGCAA"	4
"R2_lane1-AGCGTCTC.TGCAGTGA"	4
"R2_lane1-AGCGTCTC.TGTAATCG"	4
"R2_lane1-AGCGTCTC.TTCTCGAG"	4
"R2_lane1-AGGCTCAG.ACTCTACG"	3
"R2_lane1-AGGCTCAG.AGTTATGC"	3
"R2_lane1-AGGCTCAG.ATACATGT"	2
"R2_lane1-AGGCTCAG.ATACGCCA"	3
"R2_lane1-AGGCTCAG.ATCGACGA"	4
"R2_lane1-AGGCTCAG.CGTTACTT"	4
"R2_lane1-AGGCTCAG.CTTAGAAG"	4
"R2_lane1-AGGCTCAG.CTTGGTTA"	4
"R2_lane1-AGGCTCAG.GAACTATA"	4
"R2_lane1-AGGCTCAG.GCTAACGA"	1
"R2_lane1-AGGCTCAG.GGTCAACT"	4
"R2_lane1-AGGCTCAG.GGTGTCAT"	3
"R2_lane1-AGGCTCAG.GTCCATTC"	4
"R2_lane1-AGGCTCAG.TAATTACG"	4
"R2_lane1-AGGCTCAG.TATCGCTC"	4
"R2_lane1-AGGCTCAG.TATCTTGT"	4
"R2_lane1-AGGCTCAG.TCAAGCCT"	4
"R2_lane1-AGGCTCAG.TGAGGCAA"	2
"R2_lane1-AGGCTCAG.TGTAATCG"	4
"R2_lane1-AGGCTCAG.TGTCTGCA"	4
"R2_lane1-AGGCTCAG.TTCGCTCA"	4
"R2_lane1-AGTACGCG.AAGAGCTG"	4
"R2_lane1-AGTACGCG.AAGCCATC"	2
"R2_lane1-AGTACGCG.ACAGACTG"	4
"R2_lane1-AGTACGCG.ACTTGATA"	4
"R2_lane1-AGTACGCG.AGAGTGTC"	4
"R2_lane1-AGTACGCG.AGTCGTAT"	3
"R2_lane1-AGTACGCG.ATACATGT"	4
"R2_lane1-AGTACGCG.CAAGCTGA"	4
"R2_lane1-AGTACGCG.CACTGTAC"	4
"R2_lane1-AGTACGCG.CCTTATAG"	4
"R2_lane1-AGTACGCG.CTACTAGG"	3
"R2_lane1-AGTACGCG.CTAGTGAA"	4
"R2_lane1-AGTACGCG.CTGTCATT"	3
"R2_lane1-AGTACGCG.GAACTATA"	3
"R2_lane1-AGTACGCG.GCAGGATT"	4
"R2_lane1-AGTACGCG.GTCATAGT"	4
"R2_lane1-AGTACGCG.GTCCATTC"	3
"R2_lane1-AGTACGCG.GTGACTTG"	3
"R2_lane1-AGTACGCG.TACTAAGC"	4
"R2_lane1-AGTACGCG.TATCTTGT"	4
"R2_lane1-AGTACGCG.TCAGATGC"	4
"R2_lane1-AGTACGCG.TCGTGAAG"	4
"R2_lane1-AGTACGCG.TGACCTTG"	2
"R2_lane1-AGTACGCG.TGTCTGCA"	4
"R2_lane1-AGTACGCG.TTCGCTCA"	1
"R2_lane1-AGTGGTGC.AAGAGCTG"	3
"R2_lane1-AGTGGTGC.ACGAAGAT"	4
"R2_lane1-AGTGGTGC.ACGTGTGT"	3
"R2_lane1-AGTGGTGC.ACGTTCAC"	3
"R2_lane1-AGTGGTGC.ACTTGATA"	1
"R2_lane1-AGTGGTGC.AGCATATG"	4
"R2_lane1-AGTGGTGC.AGTCGTAT"	4
"R2_lane1-AGTGGTGC.ATACGCCA"	4
"R2_lane1-AGTGGTGC.ATCCGATT"	4
"R2_lane1-AGTGGTGC.CAGCATAT"	1
"R2_lane1-AGTGGTGC.CCATGGAT"	4
"R2_lane1-AGTGGTGC.CCTTATAG"	4
"R2_lane1-AGTGGTGC.CGCCAATA"	4
"R2_lane1-AGTGGTGC.CGTACGTA"	4
"R2_lane1-AGTGGTGC.CGTTACTT"	4
"R2_lane1-AGTGGTGC.CTGTCATT"	4
"R2_lane1-AGTGGTGC.GGTCAACT"	3
"R2_lane1-AGTGGTGC.GTGACTTG"	4
"R2_lane1-AGTGGTGC.GTGTAGCA"	1
"R2_lane1-AGTGGTGC.TAGGAGAC"	3
"R2_lane1-AGTGGTGC.TCGGTACT"	4
"R2_lane1-AGTGGTGC.TGAGGCAA"	4
"R2_lane1-AGTGGTGC.TGCAGTGA"	4
"R2_lane1-AGTGGTGC.TGGCAGTT"	4
"R2_lane1-AGTGGTGC.TGGTTATC"	4
"R2_lane1-AGTGGTGC.TGTCTGCA"	4
"R2_lane1-AGTGGTGC.TTAATCGA"	3
"R2_lane1-CAACGCCG.AACGTCAG"	4
"R2_lane1-CAACGCCG.AAGCCATC"	4
"R2_lane1-CAACGCCG.AATCAGAG"	4
"R2_lane1-CAACGCCG.ACAGACTG"	2
"R2_lane1-CAACGCCG.ACTCTACG"	3
"R2_lane1-CAACGCCG.ACTGCTAC"	2
"R2_lane1-CAACGCCG.ACTTGATA"	4
"R2_lane1-CAACGCCG.ATACGCCA"	3
"R2_lane1-CAACGCCG.CAGCATAT"	4
"R2_lane1-CAACGCCG.CAGTCCAA"	3
"R2_lane1-CAACGCCG.CTTGGTTA"	3
"R2_lane1-CAACGCCG.GAACTATA"	4
"R2_lane1-CAACGCCG.GCCATTAA"	4
"R2_lane1-CAACGCCG.GCTAACGA"	4
"R2_lane1-CAACGCCG.GGATTGCT"	3
"R2_lane1-CAACGCCG.GTAGACAC"	3
"R2_lane1-CAACGCCG.TCGGTACT"	4
"R2_lane1-CAACGCCG.TCTACATG"	4
"R2_lane1-CACCGTGA.AACGCGTA"	3
"R2_lane1-CACCGTGA.AACGTCAG"	4
"R2_lane1-CACCGTGA.AATCAGAG"	4
"R2_lane1-CACCGTGA.ACAGACTG"	4
"R2_lane1-CACCGTGA.ACTCTACG"	4
"R2_lane1-CACCGTGA.ATACGCCA"	4
"R2_lane1-CACCGTGA.ATGCTTAA"	2
"R2_lane1-CACCGTGA.CACATGGA"	4
"R2_lane1-CACCGTGA.CACTGTAC"	4
"R2_lane1-CACCGTGA.CCATGGAT"	2
"R2_lane1-CACCGTGA.CGATGACA"	4
"R2_lane1-CACCGTGA.CTGTCATT"	4
"R2_lane1-CACCGTGA.CTTAGAAG"	4
"R2_lane1-CACCGTGA.GAACTATA"	3
"R2_lane1-CACCGTGA.GATTCTTA"	4
"R2_lane1-CACCGTGA.GTAGACAC"	4
"R2_lane1-CACCGTGA.GTGTAGCA"	3
"R2_lane1-CACCGTGA.TGACCTTG"	4
"R2_lane1-CACCGTGA.TTAATCGA"	2
"R2_lane1-CATAGCGC.ACTGTGGA"	3
"R2_lane1-CATAGCGC.AGCATATG"	3
"R2_lane1-CATAGCGC.ATCGACGA"	3
"R2_lane1-CATAGCGC.CACTGTAC"	4
"R2_lane1-CATAGCGC.CCATGGAT"	3
"R2_lane1-CATAGCGC.CCTTATAG"	1
"R2_lane1-CATAGCGC.CGAATTGC"	3
"R2_lane1-CATAGCGC.CTGATTCT"	4
"R2_lane1-CATAGCGC.CTTAGAAG"	4
"R2_lane1-CATAGCGC.GAACTATA"	3
"R2_lane1-CATAGCGC.GTGACTTG"	4
"R2_lane1-CATAGCGC.GTTCCGAA"	4
"R2_lane1-CATAGCGC.TCCGTCTA"	4
"R2_lane1-CATAGCGC.TCGGTACT"	4
"R2_lane1-CCGCTACG.AATCAGAG"	3
"R2_lane1-CCGCTACG.ACCTCTTG"	2
"R2_lane1-CCGCTACG.ACGAAGAT"	4
"R2_lane1-CCGCTACG.ACGTTCAC"	2
"R2_lane1-CCGCTACG.ACTTGATA"	4
"R2_lane1-CCGCTACG.CCATGGAT"	4
"R2_lane1-CCGCTACG.CGATGACA"	3
"R2_lane1-CCGCTACG.CGCTTAAT"	4
"R2_lane1-CCGCTACG.CGTACGTA"	3
"R2_lane1-CCGCTACG.CTGTCATT"	3
"R2_lane1-CCGCTACG.CTTGGTTA"	4
"R2_lane1-CCGCTACG.GTAGACAC"	4
"R2_lane1-CCGCTACG.GTATCTAT"	3
"R2_lane1-CCGCTACG.GTCCATTC"	3
"R2_lane1-CCGCTACG.TCACTGAG"	4
"R2_lane1-CCGCTACG.TCCGTCTA"	4
"R2_lane1-CCGCTACG.TGAGGCAA"	3
"R2_lane1-CCGCTACG.TGTCTGCA"	3
"R2_lane1-CGCGCAAT.AATCAGAG"	4
"R2_lane1-CGCGCAAT.ACAGACTG"	3
"R2_lane1-CGCGCAAT.ACGAAGAT"	3
"R2_lane1-CGCGCAAT.ACTTGATA"	4
"R2_lane1-CGCGCAAT.ATACATGT"	3
"R2_lane1-CGCGCAAT.ATATCAGA"	4
"R2_lane1-CGCGCAAT.CGTTACTT"	3
"R2_lane1-CGCGCAAT.TCGCATCA"	3
"R2_lane1-CGCGCAAT.TGGTTATC"	4
"R2_lane1-CTCGCCGA.ACCTCTTG"	3
"R2_lane1-CTCGCCGA.ACGTTCAC"	4
"R2_lane1-CTCGCCGA.AGCATATG"	4
"R2_lane1-CTCGCCGA.CAAGCTGA"	3
"R2_lane1-CTCGCCGA.CACATGGA"	2
"R2_lane1-CTCGCCGA.CATGTCCA"	4
"R2_lane1-CTCGCCGA.CCTTATAG"	4
"R2_lane1-CTCGCCGA.CGCCAATA"	4
"R2_lane1-CTCGCCGA.CTACTAGG"	4
"R2_lane1-CTCGCCGA.GGTCAACT"	4
"R2_lane1-CTCGCCGA.GTAGTTCG"	3
"R2_lane1-CTCGCCGA.GTGACTTG"	3
"R2_lane1-CTCGCCGA.GTGTAGCA"	3
"R2_lane1-CTCGCCGA.TCACTGAG"	4
"R2_lane1-CTCGCCGA.TCGCATCA"	4
"R2_lane1-CTCGCCGA.TCGGTACT"	2
"R2_lane1-CTCGCCGA.TCGTGAAG"	4
"R2_lane1-CTCGCCGA.TCTTAGTC"	4
"R2_lane1-CTCGCCGA.TTCGCTCA"	3
"R2_lane1-GACTGCCA.ACAGACTG"	2
"R2_lane1-GACTGCCA.ATCCGATT"	3
"R2_lane1-GACTGCCA.CACATGGA"	3
"R2_lane1-GACTGCCA.CACTAGCT"	2
"R2_lane1-GACTGCCA.CAGCATAT"	3
"R2_lane1-GACTGCCA.CCTTATAG"	3
"R2_lane1-GACTGCCA.CTGATTCT"	4
"R2_lane1-GACTGCCA.TATCGCTC"	4
"R2_lane1-GACTGCCA.TCAAGCCT"	4
"R2_lane1-GACTGCCA.TCTTAGTC"	4
"R2_lane1-GACTGCCA.TGGTTATC"	2
"R2_lane1-GACTGCCA.TGTCTGCA"	2
"R2_lane1-GACTGCCA.TTAATCGA"	3
"R2_lane1-GACTGCCA.TTCTCGAG"	4
"R2_lane1-GCGCACAT.AACGCGTA"	4
"R2_lane1-GCGCACAT.ACTCTACG"	4
"R2_lane1-GCGCACAT.AGAGTGTC"	3
"R2_lane1-GCGCACAT.CACTGTAC"	4
"R2_lane1-GCGCACAT.CAGCATAT"	3
"R2_lane1-GCGCACAT.CATTGAGT"	3
"R2_lane1-GCGCACAT.CTACTAGG"	4
"R2_lane1-GCGCACAT.GAACTATA"	4
"R2_lane1-GCGCACAT.GATATAAC"	4
"R2_lane1-GCGCACAT.GGTGTCAT"	4
"R2_lane1-GCGCACAT.TAATTACG"	2
"R2_lane1-GCGCACAT.TGAGGCAA"	4
"R2_lane1-GCTAGTCG.AACGCGTA"	4
"R2_lane1-GCTAGTCG.AAGCCATC"	4
"R2_lane1-GCTAGTCG.ACGAAGAT"	4
"R2_lane1-GCTAGTCG.ACTGCTAC"	4
"R2_lane1-GCTAGTCG.ACTGTGGA"	4
"R2_lane1-GCTAGTCG.AGGTCTCA"	1
"R2_lane1-GCTAGTCG.ATCCGATT"	4
"R2_lane1-GCTAGTCG.CAGCATAT"	4
"R2_lane1-GCTAGTCG.CCTTATAG"	4
"R2_lane1-GCTAGTCG.CGTACGTA"	2
"R2_lane1-GCTAGTCG.CTAGTGAA"	3
"R2_lane1-GCTAGTCG.CTTAGAAG"	4
"R2_lane1-GCTAGTCG.CTTGGTTA"	4
"R2_lane1-GCTAGTCG.GAGTACGT"	4
"R2_lane1-GCTAGTCG.GGTCAACT"	3
"R2_lane1-GCTAGTCG.GTAGACAC"	3
"R2_lane1-GCTAGTCG.GTAGTTCG"	3
"R2_lane1-GCTAGTCG.GTCCATTC"	4
"R2_lane1-GCTAGTCG.GTGTAGCA"	3
"R2_lane1-GCTAGTCG.TAATTACG"	4
"R2_lane1-GCTAGTCG.TGGCAGTT"	4
"R2_lane1-GCTAGTCG.TTAACGTC"	4
"R2_lane1-GCTAGTCG.TTCGCTCA"	4
"R2_lane1-GCTAGTCG.TTCTCGAG"	3
"R2_lane1-GGACGACA.AACGCGTA"	4
"R2_lane1-GGACGACA.AAGCCATC"	4
"R2_lane1-GGACGACA.ACTCTACG"	4
"R2_lane1-GGACGACA.ACTGCTAC"	4
"R2_lane1-GGACGACA.AGGTCTCA"	4
"R2_lane1-GGACGACA.AGTCGTAT"	4
"R2_lane1-GGACGACA.ATCCGATT"	4
"R2_lane1-GGACGACA.CATTGAGT"	4
"R2_lane1-GGACGACA.CTGATTCT"	4
"R2_lane1-GGACGACA.CTTAGAAG"	4
"R2_lane1-GGACGACA.GTAGACAC"	4
"R2_lane1-GGACGACA.TCGTGAAG"	4
"R2_lane1-GGACGACA.TCTACATG"	4
"R2_lane1-GGACGACA.TGACCTTG"	2
"R2_lane1-GGACGACA.TTAATCGA"	3
"R2_lane1-GGCGCTCA.AACGCGTA"	4
"R2_lane1-GGCGCTCA.AACGTCAG"	4
"R2_lane1-GGCGCTCA.ACTCTACG"	3
"R2_lane1-GGCGCTCA.ACTGCTAC"	3
"R2_lane1-GGCGCTCA.ACTGTGGA"	2
"R2_lane1-GGCGCTCA.AGTCGTAT"	3
"R2_lane1-GGCGCTCA.ATACATGT"	4
"R2_lane1-GGCGCTCA.CACTAGCT"	3
"R2_lane1-GGCGCTCA.CCATGGAT"	4
"R2_lane1-GGCGCTCA.CTGTCATT"	4
"R2_lane1-GGCGCTCA.TACTAAGC"	3
"R2_lane1-GGCGCTCA.TCAGATGC"	4
"R2_lane1-GGCGCTCA.TCGCATCA"	2
"R2_lane1-GGCGCTCA.TCGTGAAG"	4
"R2_lane1-GGCGCTCA.TCTACATG"	3
"R2_lane1-GGCGCTCA.TGACCTTG"	1
"R2_lane1-GGCGCTCA.TGAGGCAA"	4
"R2_lane1-GGCGCTCA.TGTAATCG"	3
"R2_lane1-GGCGCTCA.TGTCTGCA"	4
"R2_lane1-GGCGCTCA.TTCGCTCA"	3
"R2_lane1-GGTGCCTT.AACGTCAG"	4
"R2_lane1-GGTGCCTT.AAGCCATC"	4
"R2_lane1-GGTGCCTT.ACTTGATA"	4
"R2_lane1-GGTGCCTT.AGCAACCT"	4
"R2_lane1-GGTGCCTT.AGCATATG"	4
"R2_lane1-GGTGCCTT.AGTCGTAT"	4
"R2_lane1-GGTGCCTT.ATGCTTAA"	4
"R2_lane1-GGTGCCTT.CAGCATAT"	3
"R2_lane1-GGTGCCTT.CCATGGAT"	4
"R2_lane1-GGTGCCTT.CCTTATAG"	3
"R2_lane1-GGTGCCTT.CGCTTAAT"	3
"R2_lane1-GGTGCCTT.CTACTAGG"	4
"R2_lane1-GGTGCCTT.CTTAGAAG"	4
"R2_lane1-GGTGCCTT.CTTGGTTA"	1
"R2_lane1-GGTGCCTT.GATTCTTA"	4
"R2_lane1-GGTGCCTT.GCCATTAA"	1
"R2_lane1-GGTGCCTT.GCTAACGA"	2
"R2_lane1-GGTGCCTT.TCTTAGTC"	2
"R2_lane1-GGTGCCTT.TGAGGCAA"	4
"R2_lane1-GGTGCCTT.TGTAATCG"	3
"R2_lane1-GGTGCCTT.TTCGCTCA"	4
"R2_lane1-GGTGCCTT.TTGACCAT"	4
"R2_lane1-GTGGCTGT.ACGAAGAT"	4
"R2_lane1-GTGGCTGT.ACTCTACG"	4
"R2_lane1-GTGGCTGT.ACTGTGGA"	2
"R2_lane1-GTGGCTGT.AGTCGTAT"	2
"R2_lane1-GTGGCTGT.ATCGACGA"	3
"R2_lane1-GTGGCTGT.CAGCATAT"	4
"R2_lane1-GTGGCTGT.CGAATTGC"	3
"R2_lane1-GTGGCTGT.CGCTTAAT"	4
"R2_lane1-GTGGCTGT.CTGATTCT"	4
"R2_lane1-GTGGCTGT.GATTGCAG"	4
"R2_lane1-GTGGCTGT.GCCATTAA"	4
"R2_lane1-GTGGCTGT.GGTCAACT"	2
"R2_lane1-GTGGCTGT.GTAGACAC"	4
"R2_lane1-GTGGCTGT.GTGACTTG"	4
"R2_lane1-GTGGCTGT.TCACTGAG"	3
"R2_lane1-GTGGCTGT.TCGCATCA"	2
"R2_lane1-GTGGCTGT.TCGGTACT"	4
"R2_lane1-GTGGCTGT.TGAGGCAA"	2
"R2_lane1-GTGGCTGT.TTAACGTC"	4
"R2_lane1-GTGGCTGT.TTCTCGAG"	2
"R2_lane1-TCCGACGC.AACGCGTA"	4
"R2_lane1-TCCGACGC.ACGAAGAT"	3
"R2_lane1-TCCGACGC.ACTGCTAC"	4
"R2_lane1-TCCGACGC.ACTTGATA"	2
"R2_lane1-TCCGACGC.AGTCGTAT"	2
"R2_lane1-TCCGACGC.ATCGACGA"	4
"R2_lane1-TCCGACGC.CACATGGA"	3
"R2_lane1-TCCGACGC.CATGTCCA"	4
"R2_lane1-TCCGACGC.CATTGAGT"	4
"R2_lane1-TCCGACGC.CCTTATAG"	3
"R2_lane1-TCCGACGC.CGTTACTT"	3
"R2_lane1-TCCGACGC.CTAGTGAA"	4
"R2_lane1-TCCGACGC.GAGTACGT"	4
"R2_lane1-TCCGACGC.GATTGCAG"	4
"R2_lane1-TCCGACGC.GTCATAGT"	4
"R2_lane1-TCCGACGC.TATCGCTC"	4
"R2_lane1-TCCGACGC.TCTTAGTC"	4
"R2_lane1-TCCGACGC.TGGTTATC"	4
"R2_lane1-TCGTGGAC.AACGCGTA"	2
"R2_lane1-TCGTGGAC.ACGAAGAT"	4
"R2_lane1-TCGTGGAC.ACGTTCAC"	4
"R2_lane1-TCGTGGAC.ACTCTACG"	3
"R2_lane1-TCGTGGAC.ACTGTGGA"	4
"R2_lane1-TCGTGGAC.ATACATGT"	2
"R2_lane1-TCGTGGAC.ATCGACGA"	1
"R2_lane1-TCGTGGAC.CAGCATAT"	4
"R2_lane1-TCGTGGAC.CGATGACA"	2
"R2_lane1-TCGTGGAC.CGTTACTT"	4
"R2_lane1-TCGTGGAC.CTGATTCT"	2
"R2_lane1-TCGTGGAC.CTGTCATT"	4
"R2_lane1-TCGTGGAC.GAGTACGT"	4
"R2_lane1-TCGTGGAC.GGATTGCT"	3
"R2_lane1-TCGTGGAC.GTCATAGT"	4
"R2_lane1-TCGTGGAC.GTGTAGCA"	4
"R2_lane1-TCGTGGAC.TACCGGAA"	3
"R2_lane1-TCGTGGAC.TACTAAGC"	4
"R2_lane1-TCGTGGAC.TATCGCTC"	4
"R2_lane1-TCGTGGAC.TCCGTCTA"	4
"R2_lane1-TCGTGGAC.TGCAGTGA"	4
"R2_lane1-TCGTGGAC.TTCGCTCA"	4
"R2_lane1-TCGTGGAC.TTGACCAT"	3
"R2_lane1-TGACTGCG.AGCATATG"	1
"R2_lane1-TGACTGCG.CACATGGA"	4
"R2_lane1-TGACTGCG.GGTCAACT"	4
"R2_lane1-TGACTGCG.GTGTAGCA"	4
"R2_lane1-TGACTGCG.TCAGATGC"	4
"R2_lane1-TGCTGGTG.ACGTGTGT"	4
"R2_lane1-TGCTGGTG.ACGTTCAC"	4
"R2_lane1-TGCTGGTG.AGAGTGTC"	4
"R2_lane1-TGCTGGTG.AGCATATG"	4
"R2_lane1-TGCTGGTG.AGTTATGC"	4
"R2_lane1-TGCTGGTG.ATCCGATT"	3
"R2_lane1-TGCTGGTG.CAAGCTGA"	4
"R2_lane1-TGCTGGTG.CACTAGCT"	4
"R2_lane1-TGCTGGTG.CGAATTGC"	4
"R2_lane1-TGCTGGTG.CGCCAATA"	3
"R2_lane1-TGCTGGTG.CTACTAGG"	3
"R2_lane1-TGCTGGTG.GATTCTTA"	4
"R2_lane1-TGCTGGTG.GTCCATTC"	4
"R2_lane1-TGCTGGTG.GTGTAGCA"	4
"R2_lane1-TGCTGGTG.TCAAGCCT"	4
"R2_lane1-TGGAGAGG.AATCAGAG"	4
"R2_lane1-TGGAGAGG.ACTGCTAC"	4
"R2_lane1-TGGAGAGG.ATACATGT"	3
"R2_lane1-TGGAGAGG.CACATGGA"	4
"R2_lane1-TGGAGAGG.CAGTCCAA"	4
"R2_lane1-TGGAGAGG.CGCCAATA"	4
"R2_lane1-TGGAGAGG.CGTTACTT"	4
"R2_lane1-TGGAGAGG.CTTAGAAG"	4
"R2_lane1-TGGAGAGG.CTTGGTTA"	4
"R2_lane1-TGGAGAGG.GAACTATA"	4
"R2_lane1-TGGAGAGG.GTCATAGT"	4
"R2_lane1-TGGAGAGG.GTGACTTG"	4
"R2_lane1-TGGAGAGG.TACCGGAA"	4
"R2_lane1-TGGAGAGG.TCTTAGTC"	4
"R2_lane1-TGGAGAGG.TGGTTATC"	3
"R2_lane2-ACCACCAC.ATATCAGA"	3
"R2_lane2-ACCACCAC.ATCCGATT"	4
"R2_lane2-ACCACCAC.CACATGGA"	2
"R2_lane2-ACCACCAC.CACTGTAC"	4
"R2_lane2-ACCACCAC.CAGTCCAA"	3
"R2_lane2-ACCACCAC.CATTGAGT"	4
"R2_lane2-ACCACCAC.CGATGACA"	4
"R2_lane2-ACCACCAC.CGTTACTT"	4
"R2_lane2-ACCACCAC.CTAGTGAA"	4
"R2_lane2-ACCACCAC.CTGATTCT"	4
"R2_lane2-ACCACCAC.CTGTCATT"	4
"R2_lane2-ACCACCAC.CTTGGTTA"	3
"R2_lane2-ACCACCAC.GAGTACGT"	4
"R2_lane2-ACCACCAC.GGTGTCAT"	4
"R2_lane2-ACCACCAC.GTTCCGAA"	4
"R2_lane2-ACCACCAC.TACCGGAA"	3
"R2_lane2-ACCACCAC.TGACCTTG"	4
"R2_lane2-ACCACCAC.TTAACGTC"	3
"R2_lane2-ACCACCAC.TTGACCAT"	4
"R2_lane2-AGCGTCTC.ACCTCTTG"	4
"R2_lane2-AGCGTCTC.ACGAAGAT"	4
"R2_lane2-AGCGTCTC.ACGTTCAC"	3
"R2_lane2-AGCGTCTC.ACTGTGGA"	3
"R2_lane2-AGCGTCTC.AGTCGTAT"	4
"R2_lane2-AGCGTCTC.ATGCTTAA"	4
"R2_lane2-AGCGTCTC.ATTACGCT"	4
"R2_lane2-AGCGTCTC.CAAGCTGA"	2
"R2_lane2-AGCGTCTC.CAGCATAT"	4
"R2_lane2-AGCGTCTC.CGCCAATA"	4
"R2_lane2-AGCGTCTC.CTACTAGG"	3
"R2_lane2-AGCGTCTC.GTCATAGT"	4
"R2_lane2-AGCGTCTC.GTTCCGAA"	4
"R2_lane2-AGCGTCTC.TCGCATCA"	3
"R2_lane2-AGCGTCTC.TCTACATG"	3
"R2_lane2-AGCGTCTC.TGAGGCAA"	4
"R2_lane2-AGCGTCTC.TGCAGTGA"	4
"R2_lane2-AGCGTCTC.TGTAATCG"	4
"R2_lane2-AGCGTCTC.TTCTCGAG"	4
"R2_lane2-AGGCTCAG.ACTCTACG"	3
"R2_lane2-AGGCTCAG.AGTTATGC"	3
"R2_lane2-AGGCTCAG.ATACATGT"	2
"R2_lane2-AGGCTCAG.ATACGCCA"	4
"R2_lane2-AGGCTCAG.ATCGACGA"	4
"R2_lane2-AGGCTCAG.CGTTACTT"	4
"R2_lane2-AGGCTCAG.CTTAGAAG"	4
"R2_lane2-AGGCTCAG.CTTGGTTA"	4
"R2_lane2-AGGCTCAG.GAACTATA"	4
"R2_lane2-AGGCTCAG.GCTAACGA"	1
"R2_lane2-AGGCTCAG.GGTCAACT"	4
"R2_lane2-AGGCTCAG.GGTGTCAT"	3
"R2_lane2-AGGCTCAG.GTCCATTC"	4
"R2_lane2-AGGCTCAG.TAATTACG"	4
"R2_lane2-AGGCTCAG.TATCGCTC"	3
"R2_lane2-AGGCTCAG.TATCTTGT"	4
"R2_lane2-AGGCTCAG.TCAAGCCT"	4
"R2_lane2-AGGCTCAG.TGAGGCAA"	2
"R2_lane2-AGGCTCAG.TGTAATCG"	4
"R2_lane2-AGGCTCAG.TGTCTGCA"	4
"R2_lane2-AGGCTCAG.TTCGCTCA"	4
"R2_lane2-AGTACGCG.AAGAGCTG"	4
"R2_lane2-AGTACGCG.AAGCCATC"	2
"R2_lane2-AGTACGCG.ACAGACTG"	4
"R2_lane2-AGTACGCG.ACTTGATA"	4
"R2_lane2-AGTACGCG.AGAGTGTC"	4
"R2_lane2-AGTACGCG.AGTCGTAT"	4
"R2_lane2-AGTACGCG.ATACATGT"	4
"R2_lane2-AGTACGCG.CAAGCTGA"	4
"R2_lane2-AGTACGCG.CACTGTAC"	4
"R2_lane2-AGTACGCG.CCTTATAG"	4
"R2_lane2-AGTACGCG.CTACTAGG"	3
"R2_lane2-AGTACGCG.CTAGTGAA"	4
"R2_lane2-AGTACGCG.CTGTCATT"	3
"R2_lane2-AGTACGCG.GAACTATA"	3
"R2_lane2-AGTACGCG.GCAGGATT"	4
"R2_lane2-AGTACGCG.GTCATAGT"	4
"R2_lane2-AGTACGCG.GTCCATTC"	3
"R2_lane2-AGTACGCG.GTGACTTG"	2
"R2_lane2-AGTACGCG.TACTAAGC"	4
"R2_lane2-AGTACGCG.TATCTTGT"	4
"R2_lane2-AGTACGCG.TCAGATGC"	4
"R2_lane2-AGTACGCG.TCGTGAAG"	4
"R2_lane2-AGTACGCG.TGACCTTG"	2
"R2_lane2-AGTACGCG.TGTCTGCA"	4
"R2_lane2-AGTACGCG.TTCGCTCA"	1
"R2_lane2-AGTGGTGC.AAGAGCTG"	3
"R2_lane2-AGTGGTGC.ACGAAGAT"	4
"R2_lane2-AGTGGTGC.ACGTGTGT"	3
"R2_lane2-AGTGGTGC.ACGTTCAC"	3
"R2_lane2-AGTGGTGC.ACTTGATA"	1
"R2_lane2-AGTGGTGC.AGCATATG"	4
"R2_lane2-AGTGGTGC.AGTCGTAT"	4
"R2_lane2-AGTGGTGC.ATACGCCA"	3
"R2_lane2-AGTGGTGC.ATCCGATT"	4
"R2_lane2-AGTGGTGC.CAGCATAT"	1
"R2_lane2-AGTGGTGC.CCATGGAT"	4
"R2_lane2-AGTGGTGC.CCTTATAG"	4
"R2_lane2-AGTGGTGC.CGCCAATA"	4
"R2_lane2-AGTGGTGC.CGTACGTA"	4
"R2_lane2-AGTGGTGC.CGTTACTT"	4
"R2_lane2-AGTGGTGC.CTGTCATT"	4
"R2_lane2-AGTGGTGC.GGTCAACT"	3
"R2_lane2-AGTGGTGC.GTGACTTG"	4
"R2_lane2-AGTGGTGC.GTGTAGCA"	1
"R2_lane2-AGTGGTGC.TAGGAGAC"	3
"R2_lane2-AGTGGTGC.TCGGTACT"	4
"R2_lane2-AGTGGTGC.TGAGGCAA"	4
"R2_lane2-AGTGGTGC.TGCAGTGA"	4
"R2_lane2-AGTGGTGC.TGGCAGTT"	3
"R2_lane2-AGTGGTGC.TGGTTATC"	4
"R2_lane2-AGTGGTGC.TGTCTGCA"	4
"R2_lane2-AGTGGTGC.TTAATCGA"	3
"R2_lane2-CAACGCCG.AACGTCAG"	4
"R2_lane2-CAACGCCG.AAGCCATC"	4
"R2_lane2-CAACGCCG.AATCAGAG"	4
"R2_lane2-CAACGCCG.ACAGACTG"	2
"R2_lane2-CAACGCCG.ACTCTACG"	3
"R2_lane2-CAACGCCG.ACTGCTAC"	2
"R2_lane2-CAACGCCG.ACTTGATA"	4
"R2_lane2-CAACGCCG.ATACGCCA"	3
"R2_lane2-CAACGCCG.CAGCATAT"	4
"R2_lane2-CAACGCCG.CAGTCCAA"	4
"R2_lane2-CAACGCCG.CTTGGTTA"	3
"R2_lane2-CAACGCCG.GAACTATA"	4
"R2_lane2-CAACGCCG.GCCATTAA"	4
"R2_lane2-CAACGCCG.GCTAACGA"	4
"R2_lane2-CAACGCCG.GGATTGCT"	3
"R2_lane2-CAACGCCG.GTAGACAC"	4
"R2_lane2-CAACGCCG.TCGGTACT"	4
"R2_lane2-CAACGCCG.TCTACATG"	4
"R2_lane2-CACCGTGA.AACGCGTA"	3
"R2_lane2-CACCGTGA.AACGTCAG"	4
"R2_lane2-CACCGTGA.AATCAGAG"	4
"R2_lane2-CACCGTGA.ACAGACTG"	4
"R2_lane2-CACCGTGA.ACTCTACG"	4
"R2_lane2-CACCGTGA.ATACGCCA"	4
"R2_lane2-CACCGTGA.ATGCTTAA"	2
"R2_lane2-CACCGTGA.CACATGGA"	4
"R2_lane2-CACCGTGA.CACTGTAC"	4
"R2_lane2-CACCGTGA.CCATGGAT"	2
"R2_lane2-CACCGTGA.CGATGACA"	3
"R2_lane2-CACCGTGA.CTGTCATT"	4
"R2_lane2-CACCGTGA.CTTAGAAG"	4
"R2_lane2-CACCGTGA.GAACTATA"	3
"R2_lane2-CACCGTGA.GATTCTTA"	4
"R2_lane2-CACCGTGA.GTAGACAC"	4
"R2_lane2-CACCGTGA.GTGTAGCA"	3
"R2_lane2-CACCGTGA.TGACCTTG"	4
"R2_lane2-CACCGTGA.TTAATCGA"	2
"R2_lane2-CATAGCGC.ACTGTGGA"	3
"R2_lane2-CATAGCGC.AGCATATG"	3
"R2_lane2-CATAGCGC.ATCGACGA"	3
"R2_lane2-CATAGCGC.CACTGTAC"	4
"R2_lane2-CATAGCGC.CCATGGAT"	3
"R2_lane2-CATAGCGC.CCTTATAG"	1
"R2_lane2-CATAGCGC.CGAATTGC"	3
"R2_lane2-CATAGCGC.CTGATTCT"	4
"R2_lane2-CATAGCGC.CTTAGAAG"	4
"R2_lane2-CATAGCGC.GAACTATA"	3
"R2_lane2-CATAGCGC.GTGACTTG"	4
"R2_lane2-CATAGCGC.GTTCCGAA"	4
"R2_lane2-CATAGCGC.TCCGTCTA"	4
"R2_lane2-CATAGCGC.TCGGTACT"	3
"R2_lane2-CCGCTACG.AATCAGAG"	3
"R2_lane2-CCGCTACG.ACCTCTTG"	2
"R2_lane2-CCGCTACG.ACGAAGAT"	4
"R2_lane2-CCGCTACG.ACGTTCAC"	2
"R2_lane2-CCGCTACG.ACTTGATA"	4
"R2_lane2-CCGCTACG.CCATGGAT"	4
"R2_lane2-CCGCTACG.CGATGACA"	3
"R2_lane2-CCGCTACG.CGCTTAAT"	4
"R2_lane2-CCGCTACG.CGTACGTA"	3
"R2_lane2-CCGCTACG.CTGTCATT"	3
"R2_lane2-CCGCTACG.CTTGGTTA"	4
"R2_lane2-CCGCTACG.GTAGACAC"	4
"R2_lane2-CCGCTACG.GTATCTAT"	3
"R2_lane2-CCGCTACG.GTCCATTC"	3
"R2_lane2-CCGCTACG.TCACTGAG"	4
"R2_lane2-CCGCTACG.TCCGTCTA"	4
"R2_lane2-CCGCTACG.TGAGGCAA"	3
"R2_lane2-CCGCTACG.TGTCTGCA"	3
"R2_lane2-CGCGCAAT.AATCAGAG"	4
"R2_lane2-CGCGCAAT.ACAGACTG"	3
"R2_lane2-CGCGCAAT.ACGAAGAT"	3
"R2_lane2-CGCGCAAT.ACTTGATA"	4
"R2_lane2-CGCGCAAT.ATACATGT"	3
"R2_lane2-CGCGCAAT.ATATCAGA"	4
"R2_lane2-CGCGCAAT.CGTTACTT"	3
"R2_lane2-CGCGCAAT.TCGCATCA"	3
"R2_lane2-CGCGCAAT.TGGTTATC"	3
"R2_lane2-CTCGCCGA.ACCTCTTG"	3
"R2_lane2-CTCGCCGA.ACGTTCAC"	4
"R2_lane2-CTCGCCGA.AGCATATG"	4
"R2_lane2-CTCGCCGA.CAAGCTGA"	2
"R2_lane2-CTCGCCGA.CACATGGA"	2
"R2_lane2-CTCGCCGA.CATGTCCA"	4
"R2_lane2-CTCGCCGA.CCTTATAG"	4
"R2_lane2-CTCGCCGA.CGCCAATA"	4
"R2_lane2-CTCGCCGA.CTACTAGG"	4
"R2_lane2-CTCGCCGA.GGTCAACT"	4
"R2_lane2-CTCGCCGA.GTAGTTCG"	3
"R2_lane2-CTCGCCGA.GTGACTTG"	4
"R2_lane2-CTCGCCGA.GTGTAGCA"	3
"R2_lane2-CTCGCCGA.TCACTGAG"	4
"R2_lane2-CTCGCCGA.TCGCATCA"	4
"R2_lane2-CTCGCCGA.TCGGTACT"	2
"R2_lane2-CTCGCCGA.TCGTGAAG"	4
"R2_lane2-CTCGCCGA.TCTTAGTC"	4
"R2_lane2-CTCGCCGA.TTCGCTCA"	3
"R2_lane2-GACTGCCA.ACAGACTG"	3
"R2_lane2-GACTGCCA.ATCCGATT"	3
"R2_lane2-GACTGCCA.CACATGGA"	3
"R2_lane2-GACTGCCA.CACTAGCT"	2
"R2_lane2-GACTGCCA.CAGCATAT"	3
"R2_lane2-GACTGCCA.CCTTATAG"	3
"R2_lane2-GACTGCCA.CTGATTCT"	4
"R2_lane2-GACTGCCA.TATCGCTC"	4
"R2_lane2-GACTGCCA.TCAAGCCT"	4
"R2_lane2-GACTGCCA.TCTTAGTC"	4
"R2_lane2-GACTGCCA.TGGTTATC"	2
"R2_lane2-GACTGCCA.TGTCTGCA"	2
"R2_lane2-GACTGCCA.TTAATCGA"	3
"R2_lane2-GACTGCCA.TTCTCGAG"	4
"R2_lane2-GCGCACAT.AACGCGTA"	4
"R2_lane2-GCGCACAT.ACTCTACG"	4
"R2_lane2-GCGCACAT.AGAGTGTC"	3
"R2_lane2-GCGCACAT.CACTGTAC"	4
"R2_lane2-GCGCACAT.CAGCATAT"	3
"R2_lane2-GCGCACAT.CATTGAGT"	3
"R2_lane2-GCGCACAT.CTACTAGG"	4
"R2_lane2-GCGCACAT.GAACTATA"	4
"R2_lane2-GCGCACAT.GATATAAC"	4
"R2_lane2-GCGCACAT.GGTGTCAT"	4
"R2_lane2-GCGCACAT.TAATTACG"	2
"R2_lane2-GCGCACAT.TGAGGCAA"	4
"R2_lane2-GCTAGTCG.AACGCGTA"	4
"R2_lane2-GCTAGTCG.AAGCCATC"	4
"R2_lane2-GCTAGTCG.ACGAAGAT"	4
"R2_lane2-GCTAGTCG.ACTGCTAC"	4
"R2_lane2-GCTAGTCG.ACTGTGGA"	4
"R2_lane2-GCTAGTCG.AGGTCTCA"	1
"R2_lane2-GCTAGTCG.ATCCGATT"	4
"R2_lane2-GCTAGTCG.CAGCATAT"	4
"R2_lane2-GCTAGTCG.CCTTATAG"	4
"R2_lane2-GCTAGTCG.CGTACGTA"	2
"R2_lane2-GCTAGTCG.CTAGTGAA"	4
"R2_lane2-GCTAGTCG.CTTAGAAG"	4
"R2_lane2-GCTAGTCG.CTTGGTTA"	4
"R2_lane2-GCTAGTCG.GAGTACGT"	4
"R2_lane2-GCTAGTCG.GGTCAACT"	3
"R2_lane2-GCTAGTCG.GTAGACAC"	4
"R2_lane2-GCTAGTCG.GTAGTTCG"	3
"R2_lane2-GCTAGTCG.GTCCATTC"	4
"R2_lane2-GCTAGTCG.GTGTAGCA"	3
"R2_lane2-GCTAGTCG.TAATTACG"	4
"R2_lane2-GCTAGTCG.TGGCAGTT"	4
"R2_lane2-GCTAGTCG.TTAACGTC"	4
"R2_lane2-GCTAGTCG.TTCGCTCA"	4
"R2_lane2-GCTAGTCG.TTCTCGAG"	3
"R2_lane2-GGACGACA.AACGCGTA"	4
"R2_lane2-GGACGACA.AAGCCATC"	4
"R2_lane2-GGACGACA.ACTCTACG"	4
"R2_lane2-GGACGACA.ACTGCTAC"	4
"R2_lane2-GGACGACA.AGGTCTCA"	4
"R2_lane2-GGACGACA.AGTCGTAT"	4
"R2_lane2-GGACGACA.ATCCGATT"	4
"R2_lane2-GGACGACA.CATTGAGT"	4
"R2_lane2-GGACGACA.CTGATTCT"	4
"R2_lane2-GGACGACA.CTTAGAAG"	4
"R2_lane2-GGACGACA.GTAGACAC"	4
"R2_lane2-GGACGACA.TCGTGAAG"	4
"R2_lane2-GGACGACA.TCTACATG"	4
"R2_lane2-GGACGACA.TGACCTTG"	2
"R2_lane2-GGACGACA.TTAATCGA"	3
"R2_lane2-GGCGCTCA.AACGCGTA"	4
"R2_lane2-GGCGCTCA.AACGTCAG"	4
"R2_lane2-GGCGCTCA.ACTCTACG"	3
"R2_lane2-GGCGCTCA.ACTGCTAC"	4
"R2_lane2-GGCGCTCA.ACTGTGGA"	2
"R2_lane2-GGCGCTCA.AGTCGTAT"	3
"R2_lane2-GGCGCTCA.ATACATGT"	4
"R2_lane2-GGCGCTCA.CACTAGCT"	3
"R2_lane2-GGCGCTCA.CCATGGAT"	4
"R2_lane2-GGCGCTCA.CTGTCATT"	4
"R2_lane2-GGCGCTCA.TACTAAGC"	3
"R2_lane2-GGCGCTCA.TCAGATGC"	4
"R2_lane2-GGCGCTCA.TCGCATCA"	2
"R2_lane2-GGCGCTCA.TCGTGAAG"	4
"R2_lane2-GGCGCTCA.TCTACATG"	2
"R2_lane2-GGCGCTCA.TGACCTTG"	2
"R2_lane2-GGCGCTCA.TGAGGCAA"	4
"R2_lane2-GGCGCTCA.TGTAATCG"	3
"R2_lane2-GGCGCTCA.TGTCTGCA"	4
"R2_lane2-GGCGCTCA.TTCGCTCA"	4
"R2_lane2-GGTGCCTT.AACGTCAG"	4
"R2_lane2-GGTGCCTT.AAGCCATC"	4
"R2_lane2-GGTGCCTT.ACTTGATA"	4
"R2_lane2-GGTGCCTT.AGCAACCT"	4
"R2_lane2-GGTGCCTT.AGCATATG"	4
"R2_lane2-GGTGCCTT.AGTCGTAT"	4
"R2_lane2-GGTGCCTT.ATGCTTAA"	4
"R2_lane2-GGTGCCTT.CAGCATAT"	3
"R2_lane2-GGTGCCTT.CCATGGAT"	4
"R2_lane2-GGTGCCTT.CCTTATAG"	3
"R2_lane2-GGTGCCTT.CGCTTAAT"	3
"R2_lane2-GGTGCCTT.CTACTAGG"	4
"R2_lane2-GGTGCCTT.CTTAGAAG"	4
"R2_lane2-GGTGCCTT.CTTGGTTA"	1
"R2_lane2-GGTGCCTT.GATTCTTA"	4
"R2_lane2-GGTGCCTT.GCCATTAA"	1
"R2_lane2-GGTGCCTT.GCTAACGA"	2
"R2_lane2-GGTGCCTT.TCTTAGTC"	2
"R2_lane2-GGTGCCTT.TGAGGCAA"	4
"R2_lane2-GGTGCCTT.TGTAATCG"	3
"R2_lane2-GGTGCCTT.TTCGCTCA"	4
"R2_lane2-GGTGCCTT.TTGACCAT"	4
"R2_lane2-GTGGCTGT.ACGAAGAT"	4
"R2_lane2-GTGGCTGT.ACTCTACG"	4
"R2_lane2-GTGGCTGT.ACTGTGGA"	2
"R2_lane2-GTGGCTGT.AGTCGTAT"	2
"R2_lane2-GTGGCTGT.ATCGACGA"	4
"R2_lane2-GTGGCTGT.CAGCATAT"	4
"R2_lane2-GTGGCTGT.CGAATTGC"	3
"R2_lane2-GTGGCTGT.CGCTTAAT"	4
"R2_lane2-GTGGCTGT.CTGATTCT"	4
"R2_lane2-GTGGCTGT.GATTGCAG"	4
"R2_lane2-GTGGCTGT.GCCATTAA"	4
"R2_lane2-GTGGCTGT.GGTCAACT"	2
"R2_lane2-GTGGCTGT.GTAGACAC"	4
"R2_lane2-GTGGCTGT.GTGACTTG"	4
"R2_lane2-GTGGCTGT.TCACTGAG"	3
"R2_lane2-GTGGCTGT.TCGCATCA"	2
"R2_lane2-GTGGCTGT.TCGGTACT"	4
"R2_lane2-GTGGCTGT.TGAGGCAA"	2
"R2_lane2-GTGGCTGT.TTAACGTC"	4
"R2_lane2-GTGGCTGT.TTCTCGAG"	2
"R2_lane2-TCCGACGC.AACGCGTA"	4
"R2_lane2-TCCGACGC.ACGAAGAT"	3
"R2_lane2-TCCGACGC.ACTGCTAC"	4
"R2_lane2-TCCGACGC.ACTTGATA"	2
"R2_lane2-TCCGACGC.AGTCGTAT"	2
"R2_lane2-TCCGACGC.ATCGACGA"	4
"R2_lane2-TCCGACGC.CACATGGA"	3
"R2_lane2-TCCGACGC.CATGTCCA"	4
"R2_lane2-TCCGACGC.CATTGAGT"	4
"R2_lane2-TCCGACGC.CCTTATAG"	3
"R2_lane2-TCCGACGC.CGTTACTT"	3
"R2_lane2-TCCGACGC.CTAGTGAA"	4
"R2_lane2-TCCGACGC.GAGTACGT"	4
"R2_lane2-TCCGACGC.GATTGCAG"	4
"R2_lane2-TCCGACGC.GTCATAGT"	4
"R2_lane2-TCCGACGC.TATCGCTC"	4
"R2_lane2-TCCGACGC.TCTTAGTC"	4
"R2_lane2-TCCGACGC.TGGTTATC"	4
"R2_lane2-TCGTGGAC.AACGCGTA"	2
"R2_lane2-TCGTGGAC.ACGAAGAT"	4
"R2_lane2-TCGTGGAC.ACGTTCAC"	4
"R2_lane2-TCGTGGAC.ACTCTACG"	3
"R2_lane2-TCGTGGAC.ACTGTGGA"	4
"R2_lane2-TCGTGGAC.ATACATGT"	2
"R2_lane2-TCGTGGAC.ATCGACGA"	1
"R2_lane2-TCGTGGAC.CAGCATAT"	4
"R2_lane2-TCGTGGAC.CGATGACA"	3
"R2_lane2-TCGTGGAC.CGTTACTT"	4
"R2_lane2-TCGTGGAC.CTGATTCT"	3
"R2_lane2-TCGTGGAC.CTGTCATT"	4
"R2_lane2-TCGTGGAC.GAGTACGT"	4
"R2_lane2-TCGTGGAC.GGATTGCT"	3
"R2_lane2-TCGTGGAC.GTCATAGT"	4
"R2_lane2-TCGTGGAC.GTGTAGCA"	4
"R2_lane2-TCGTGGAC.TACCGGAA"	3
"R2_lane2-TCGTGGAC.TACTAAGC"	4
"R2_lane2-TCGTGGAC.TATCGCTC"	4
"R2_lane2-TCGTGGAC.TCCGTCTA"	4
"R2_lane2-TCGTGGAC.TGCAGTGA"	4
"R2_lane2-TCGTGGAC.TTCGCTCA"	4
"R2_lane2-TCGTGGAC.TTGACCAT"	3
"R2_lane2-TGACTGCG.AGCATATG"	1
"R2_lane2-TGACTGCG.CACATGGA"	3
"R2_lane2-TGACTGCG.GGTCAACT"	4
"R2_lane2-TGACTGCG.GTGTAGCA"	4
"R2_lane2-TGACTGCG.TCAGATGC"	4
"R2_lane2-TGCTGGTG.ACGTGTGT"	4
"R2_lane2-TGCTGGTG.ACGTTCAC"	4
"R2_lane2-TGCTGGTG.AGAGTGTC"	4
"R2_lane2-TGCTGGTG.AGCATATG"	4
"R2_lane2-TGCTGGTG.AGTTATGC"	4
"R2_lane2-TGCTGGTG.ATCCGATT"	3
"R2_lane2-TGCTGGTG.CAAGCTGA"	4
"R2_lane2-TGCTGGTG.CACTAGCT"	4
"R2_lane2-TGCTGGTG.CGAATTGC"	4
"R2_lane2-TGCTGGTG.CGCCAATA"	3
"R2_lane2-TGCTGGTG.CTACTAGG"	3
"R2_lane2-TGCTGGTG.GATTCTTA"	4
"R2_lane2-TGCTGGTG.GTCCATTC"	4
"R2_lane2-TGCTGGTG.GTGTAGCA"	4
"R2_lane2-TGCTGGTG.TCAAGCCT"	4
"R2_lane2-TGGAGAGG.AATCAGAG"	4
"R2_lane2-TGGAGAGG.ACTGCTAC"	4
"R2_lane2-TGGAGAGG.ATACATGT"	3
"R2_lane2-TGGAGAGG.CACATGGA"	4
"R2_lane2-TGGAGAGG.CAGTCCAA"	4
"R2_lane2-TGGAGAGG.CGCCAATA"	4
"R2_lane2-TGGAGAGG.CGTTACTT"	4
"R2_lane2-TGGAGAGG.CTTAGAAG"	4
"R2_lane2-TGGAGAGG.CTTGGTTA"	3
"R2_lane2-TGGAGAGG.GAACTATA"	4
"R2_lane2-TGGAGAGG.GTCATAGT"	4
"R2_lane2-TGGAGAGG.GTGACTTG"	4
"R2_lane2-TGGAGAGG.TACCGGAA"	4
"R2_lane2-TGGAGAGG.TCTTAGTC"	4
"R2_lane2-TGGAGAGG.TGGTTATC"	3
