"R4_lane1-AAGCCGGT.AACGCGTA"	4
"R4_lane1-AAGCCGGT.ACAGACTG"	4
"R4_lane1-AAGCCGGT.ACTGCTAC"	4
"R4_lane1-AAGCCGGT.ACTTGATA"	3
"R4_lane1-AAGCCGGT.AGCAACCT"	3
"R4_lane1-AAGCCGGT.AGCATATG"	3
"R4_lane1-AAGCCGGT.AGGTCTCA"	4
"R4_lane1-AAGCCGGT.ATGCTTAA"	4
"R4_lane1-AAGCCGGT.CAGCATAT"	3
"R4_lane1-AAGCCGGT.CTACTAGG"	4
"R4_lane1-AAGCCGGT.GAGTACGT"	3
"R4_lane1-AAGCCGGT.GTCATAGT"	4
"R4_lane1-AAGCCGGT.TAGGAGAC"	3
"R4_lane1-AAGCCGGT.TCACTGAG"	4
"R4_lane1-AAGCCGGT.TCGCATCA"	3
"R4_lane1-AAGCCGGT.TGAGGCAA"	3
"R4_lane1-AAGCCGGT.TGGCAGTT"	1
"R4_lane1-AAGCCGGT.TTCGCTCA"	4
"R4_lane1-ACCACCAC.ACAGACTG"	4
"R4_lane1-ACCACCAC.ACTCTACG"	3
"R4_lane1-ACCACCAC.ACTGTGGA"	4
"R4_lane1-ACCACCAC.AGGTCTCA"	4
"R4_lane1-ACCACCAC.AGTTATGC"	4
"R4_lane1-ACCACCAC.ATCGACGA"	4
"R4_lane1-ACCACCAC.CACATGGA"	3
"R4_lane1-ACCACCAC.CGCCAATA"	3
"R4_lane1-ACCACCAC.CGTTACTT"	4
"R4_lane1-ACCACCAC.GATTCTTA"	4
"R4_lane1-ACCACCAC.GCAGGATT"	4
"R4_lane1-ACCACCAC.GGTGTCAT"	4
"R4_lane1-ACCACCAC.GTGACTTG"	4
"R4_lane1-ACCACCAC.TAGGAGAC"	4
"R4_lane1-ACCACCAC.TATCGCTC"	1
"R4_lane1-ACCACCAC.TCAAGCCT"	4
"R4_lane1-ACCACCAC.TCCGTCTA"	4
"R4_lane1-ACCACCAC.TCGCATCA"	3
"R4_lane1-ACCACCAC.TGAGGCAA"	3
"R4_lane1-ACCACCAC.TTCTCGAG"	3
"R4_lane1-ACGATGCC.AACGCGTA"	3
"R4_lane1-ACGATGCC.AATCAGAG"	4
"R4_lane1-ACGATGCC.ATCCGATT"	3
"R4_lane1-ACGATGCC.CACTAGCT"	3
"R4_lane1-ACGATGCC.CATGTCCA"	4
"R4_lane1-ACGATGCC.CGAATTGC"	3
"R4_lane1-ACGATGCC.CGATGACA"	1
"R4_lane1-ACGATGCC.CGCTTAAT"	4
"R4_lane1-ACGATGCC.CGTTACTT"	4
"R4_lane1-ACGATGCC.CTAGTGAA"	4
"R4_lane1-ACGATGCC.CTTGGTTA"	3
"R4_lane1-ACGATGCC.GAACTATA"	4
"R4_lane1-ACGATGCC.GCTAACGA"	4
"R4_lane1-ACGATGCC.GGATTGCT"	3
"R4_lane1-ACGATGCC.GGTCAACT"	4
"R4_lane1-ACGATGCC.GGTGTCAT"	4
"R4_lane1-ACGATGCC.GTGACTTG"	4
"R4_lane1-ACGATGCC.TCTTAGTC"	4
"R4_lane1-ACGATGCC.TGAGGCAA"	3
"R4_lane1-ACGATGCC.TGTCTGCA"	3
"R4_lane1-ACGATGCC.TTCGCTCA"	3
"R4_lane1-AGCGTCTC.AACGTCAG"	4
"R4_lane1-AGCGTCTC.ACTGCTAC"	4
"R4_lane1-AGCGTCTC.ATATCAGA"	4
"R4_lane1-AGCGTCTC.CCTTATAG"	4
"R4_lane1-AGCGTCTC.CTACTAGG"	4
"R4_lane1-AGCGTCTC.CTGATTCT"	4
"R4_lane1-AGCGTCTC.CTGTCATT"	4
"R4_lane1-AGCGTCTC.TCGGTACT"	2
"R4_lane1-AGCGTCTC.TGTAATCG"	4
"R4_lane1-AGGCTCAG.ACAGACTG"	4
"R4_lane1-AGGCTCAG.ACCTCTTG"	3
"R4_lane1-AGGCTCAG.AGTTATGC"	4
"R4_lane1-AGGCTCAG.ATGCTTAA"	4
"R4_lane1-AGGCTCAG.ATTACGCT"	4
"R4_lane1-AGGCTCAG.CAAGCTGA"	4
"R4_lane1-AGGCTCAG.CCATGGAT"	4
"R4_lane1-AGGCTCAG.GAGTACGT"	1
"R4_lane1-AGGCTCAG.GCTAACGA"	4
"R4_lane1-AGGCTCAG.GTCATAGT"	4
"R4_lane1-AGGCTCAG.GTTCCGAA"	1
"R4_lane1-AGGCTCAG.TCTTAGTC"	4
"R4_lane1-AGGCTCAG.TGTAATCG"	4
"R4_lane1-AGTACGCG.AACGCGTA"	4
"R4_lane1-AGTACGCG.ACAGACTG"	4
"R4_lane1-AGTACGCG.ACGTTCAC"	4
"R4_lane1-AGTACGCG.AGAGTGTC"	3
"R4_lane1-AGTACGCG.AGTCGTAT"	4
"R4_lane1-AGTACGCG.AGTTATGC"	4
"R4_lane1-AGTACGCG.ATACATGT"	4
"R4_lane1-AGTACGCG.ATCGACGA"	4
"R4_lane1-AGTACGCG.ATGCTTAA"	4
"R4_lane1-AGTACGCG.CATTGAGT"	4
"R4_lane1-AGTACGCG.GATATAAC"	3
"R4_lane1-AGTACGCG.GCCATTAA"	3
"R4_lane1-AGTACGCG.GGTCAACT"	1
"R4_lane1-AGTACGCG.GGTGTCAT"	4
"R4_lane1-AGTACGCG.GTAGACAC"	4
"R4_lane1-AGTACGCG.GTGTAGCA"	3
"R4_lane1-AGTACGCG.TCACTGAG"	4
"R4_lane1-AGTACGCG.TTCTCGAG"	4
"R4_lane1-AGTGGTGC.AACGTCAG"	4
"R4_lane1-AGTGGTGC.ACTCTACG"	4
"R4_lane1-AGTGGTGC.ACTGTGGA"	4
"R4_lane1-AGTGGTGC.AGAGTGTC"	4
"R4_lane1-AGTGGTGC.AGGTCTCA"	4
"R4_lane1-AGTGGTGC.ATACGCCA"	4
"R4_lane1-AGTGGTGC.CACATGGA"	4
"R4_lane1-AGTGGTGC.GTATCTAT"	1
"R4_lane1-AGTGGTGC.GTGTAGCA"	3
"R4_lane1-AGTGGTGC.GTTCCGAA"	4
"R4_lane1-AGTGGTGC.TCACTGAG"	4
"R4_lane1-AGTGGTGC.TCCGTCTA"	4
"R4_lane1-AGTGGTGC.TGGTTATC"	3
"R4_lane1-AGTGGTGC.TGTAATCG"	4
"R4_lane1-AGTGGTGC.TTCTCGAG"	4
"R4_lane1-ATCCGCGG.AGGTCTCA"	4
"R4_lane1-ATCCGCGG.CATGTCCA"	3
"R4_lane1-ATCCGCGG.CGTACGTA"	4
"R4_lane1-ATCCGCGG.CTACTAGG"	4
"R4_lane1-ATCCGCGG.GATGATCC"	4
"R4_lane1-ATCCGCGG.GCTAACGA"	3
"R4_lane1-ATCCGCGG.GTTCCGAA"	4
"R4_lane1-ATCCGCGG.TAGGAGAC"	4
"R4_lane1-ATCCGCGG.TATCGCTC"	4
"R4_lane1-ATCCGCGG.TCAGATGC"	4
"R4_lane1-ATCCGCGG.TCCGTCTA"	4
"R4_lane1-ATCCGCGG.TCGCATCA"	3
"R4_lane1-ATCCGCGG.TTCTCGAG"	4
"R4_lane1-CAACGCCG.AACGTCAG"	3
"R4_lane1-CAACGCCG.ACCTCTTG"	4
"R4_lane1-CAACGCCG.ACGTTCAC"	4
"R4_lane1-CAACGCCG.CCTTATAG"	4
"R4_lane1-CAACGCCG.GTAGACAC"	4
"R4_lane1-CAACGCCG.TACTAAGC"	3
"R4_lane1-CAACGCCG.TATCGCTC"	4
"R4_lane1-CACCGTGA.ACTGTGGA"	4
"R4_lane1-CACCGTGA.CGTACGTA"	2
"R4_lane1-CACCGTGA.CGTTACTT"	4
"R4_lane1-CACCGTGA.CTACTAGG"	3
"R4_lane1-CACCGTGA.GAACTATA"	4
"R4_lane1-CACCGTGA.GGATTGCT"	3
"R4_lane1-CACCGTGA.GGTCAACT"	3
"R4_lane1-CACCGTGA.GTGTAGCA"	4
"R4_lane1-CACCGTGA.GTTCCGAA"	3
"R4_lane1-CACCGTGA.TCACTGAG"	3
"R4_lane1-CACCGTGA.TCCGTCTA"	1
"R4_lane1-CACCGTGA.TCGGTACT"	4
"R4_lane1-CACCGTGA.TCTACATG"	3
"R4_lane1-CACCTGTG.AACGCGTA"	3
"R4_lane1-CACCTGTG.AAGAGCTG"	3
"R4_lane1-CACCTGTG.ACGAAGAT"	4
"R4_lane1-CACCTGTG.ACTCTACG"	3
"R4_lane1-CACCTGTG.AGAGTGTC"	4
"R4_lane1-CACCTGTG.AGGTCTCA"	4
"R4_lane1-CACCTGTG.ATCCGATT"	3
"R4_lane1-CACCTGTG.ATTACGCT"	3
"R4_lane1-CACCTGTG.CACTGTAC"	3
"R4_lane1-CACCTGTG.CAGCATAT"	4
"R4_lane1-CACCTGTG.CGAATTGC"	3
"R4_lane1-CACCTGTG.GATATAAC"	4
"R4_lane1-CACCTGTG.GGTCAACT"	3
"R4_lane1-CACCTGTG.GGTGTCAT"	3
"R4_lane1-CACCTGTG.GTATCTAT"	3
"R4_lane1-CACCTGTG.GTGACTTG"	4
"R4_lane1-CACCTGTG.TCGGTACT"	4
"R4_lane1-CACCTGTG.TGCAGTGA"	4
"R4_lane1-CACCTGTG.TTCTCGAG"	3
"R4_lane1-CATAGCGC.AGGTCTCA"	4
"R4_lane1-CATAGCGC.ATTACGCT"	4
"R4_lane1-CATAGCGC.GCAGGATT"	3
"R4_lane1-CATAGCGC.GCCATTAA"	4
"R4_lane1-CATAGCGC.GGTCAACT"	3
"R4_lane1-CATAGCGC.GTATCTAT"	4
"R4_lane1-CATAGCGC.TAATTACG"	3
"R4_lane1-CATAGCGC.TTAACGTC"	4
"R4_lane1-CCGCTACG.ACAGACTG"	3
"R4_lane1-CCGCTACG.ACTCTACG"	3
"R4_lane1-CCGCTACG.AGAGTGTC"	4
"R4_lane1-CCGCTACG.AGCAACCT"	4
"R4_lane1-CCGCTACG.AGTTATGC"	3
"R4_lane1-CCGCTACG.CACATGGA"	4
"R4_lane1-CCGCTACG.CATGTCCA"	3
"R4_lane1-CCGCTACG.GGTCAACT"	4
"R4_lane1-CCGCTACG.TGCAGTGA"	3
"R4_lane1-CCGCTACG.TGTAATCG"	3
"R4_lane1-CCGCTACG.TTAATCGA"	1
"R4_lane1-CCGGTGGT.AATCAGAG"	3
"R4_lane1-CCGGTGGT.ACGTTCAC"	3
"R4_lane1-CCGGTGGT.ACTTGATA"	4
"R4_lane1-CCGGTGGT.AGCAACCT"	2
"R4_lane1-CCGGTGGT.AGCATATG"	3
"R4_lane1-CCGGTGGT.AGGTCTCA"	3
"R4_lane1-CCGGTGGT.ATCCGATT"	4
"R4_lane1-CCGGTGGT.CACTAGCT"	4
"R4_lane1-CCGGTGGT.CATTGAGT"	4
"R4_lane1-CCGGTGGT.CGTACGTA"	3
"R4_lane1-CCGGTGGT.CTAGTGAA"	4
"R4_lane1-CCGGTGGT.CTGATTCT"	4
"R4_lane1-CCGGTGGT.CTTGGTTA"	4
"R4_lane1-CCGGTGGT.GGATTGCT"	3
"R4_lane1-CCGGTGGT.GGTCAACT"	1
"R4_lane1-CCGGTGGT.GTATCTAT"	4
"R4_lane1-CCGGTGGT.GTGTAGCA"	4
"R4_lane1-CCGGTGGT.GTTCCGAA"	3
"R4_lane1-CCGGTGGT.TACCGGAA"	4
"R4_lane1-CCGGTGGT.TACTAAGC"	3
"R4_lane1-CCGGTGGT.TATCGCTC"	4
"R4_lane1-CCGGTGGT.TCAGATGC"	3
"R4_lane1-CCGGTGGT.TCCGTCTA"	4
"R4_lane1-CCGGTGGT.TCGCATCA"	3
"R4_lane1-CCGGTGGT.TCTACATG"	2
"R4_lane1-CCGGTGGT.TGCAGTGA"	4
"R4_lane1-CCGGTGGT.TGGCAGTT"	4
"R4_lane1-CCGGTGGT.TGTAATCG"	4
"R4_lane1-CCGGTGGT.TGTCTGCA"	4
"R4_lane1-CCTTGACC.AACGTCAG"	3
"R4_lane1-CCTTGACC.ACGTGTGT"	3
"R4_lane1-CCTTGACC.ACTGTGGA"	3
"R4_lane1-CCTTGACC.AGAGTGTC"	3
"R4_lane1-CCTTGACC.CAAGCTGA"	4
"R4_lane1-CCTTGACC.CACATGGA"	3
"R4_lane1-CCTTGACC.CACTAGCT"	3
"R4_lane1-CCTTGACC.CACTGTAC"	4
"R4_lane1-CCTTGACC.CATGTCCA"	3
"R4_lane1-CCTTGACC.CATTGAGT"	4
"R4_lane1-CCTTGACC.CGCTTAAT"	4
"R4_lane1-CCTTGACC.CTGTCATT"	4
"R4_lane1-CCTTGACC.GGTGTCAT"	3
"R4_lane1-CCTTGACC.GTAGACAC"	4
"R4_lane1-CCTTGACC.GTCCATTC"	4
"R4_lane1-CCTTGACC.GTTCCGAA"	3
"R4_lane1-CCTTGACC.TACCGGAA"	4
"R4_lane1-CCTTGACC.TCGCATCA"	4
"R4_lane1-CCTTGACC.TGCAGTGA"	4
"R4_lane1-CCTTGACC.TGTCTGCA"	2
"R4_lane1-CCTTGACC.TTCTCGAG"	3
"R4_lane1-CGACATGG.AACGCGTA"	4
"R4_lane1-CGACATGG.AATCAGAG"	4
"R4_lane1-CGACATGG.ACAGACTG"	4
"R4_lane1-CGACATGG.ACGTGTGT"	1
"R4_lane1-CGACATGG.ACTCTACG"	4
"R4_lane1-CGACATGG.AGTCGTAT"	4
"R4_lane1-CGACATGG.ATTACGCT"	3
"R4_lane1-CGACATGG.CATTGAGT"	3
"R4_lane1-CGACATGG.CTACTAGG"	3
"R4_lane1-CGACATGG.CTGTCATT"	4
"R4_lane1-CGACATGG.GATTCTTA"	3
"R4_lane1-CGACATGG.GCCATTAA"	4
"R4_lane1-CGACATGG.GGATTGCT"	3
"R4_lane1-CGACATGG.GTGACTTG"	4
"R4_lane1-CGACATGG.TACCGGAA"	4
"R4_lane1-CGACATGG.TAGGAGAC"	4
"R4_lane1-CGACATGG.TATCGCTC"	4
"R4_lane1-CGACATGG.TCCGTCTA"	3
"R4_lane1-CGACATGG.TCGGTACT"	3
"R4_lane1-CGACATGG.TGGCAGTT"	4
"R4_lane1-CGACATGG.TGTCTGCA"	3
"R4_lane1-CGACATGG.TTAATCGA"	4
"R4_lane1-CGAGAACC.ACCTCTTG"	3
"R4_lane1-CGAGAACC.ACTGCTAC"	4
"R4_lane1-CGAGAACC.AGGTCTCA"	1
"R4_lane1-CGAGAACC.AGTCGTAT"	4
"R4_lane1-CGAGAACC.CAAGCTGA"	4
"R4_lane1-CGAGAACC.CACATGGA"	4
"R4_lane1-CGAGAACC.CGATGACA"	4
"R4_lane1-CGAGAACC.CTACTAGG"	4
"R4_lane1-CGAGAACC.GATATAAC"	3
"R4_lane1-CGAGAACC.TACTAAGC"	4
"R4_lane1-CGAGAACC.TATCGCTC"	3
"R4_lane1-CGAGAACC.TCACTGAG"	3
"R4_lane1-CGAGAACC.TGTCTGCA"	3
"R4_lane1-CGAGAACC.TTAACGTC"	3
"R4_lane1-CGATGCTC.AGCAACCT"	4
"R4_lane1-CGATGCTC.ATATCAGA"	4
"R4_lane1-CGATGCTC.ATCCGATT"	4
"R4_lane1-CGATGCTC.CGATGACA"	4
"R4_lane1-CGATGCTC.CGCCAATA"	4
"R4_lane1-CGATGCTC.CGTACGTA"	4
"R4_lane1-CGATGCTC.CTGTCATT"	4
"R4_lane1-CGATGCTC.GATATAAC"	3
"R4_lane1-CGATGCTC.GCCATTAA"	4
"R4_lane1-CGATGCTC.GTATCTAT"	3
"R4_lane1-CGATGCTC.GTGTAGCA"	4
"R4_lane1-CGATGCTC.TAATTACG"	3
"R4_lane1-CGATGCTC.TAGGAGAC"	3
"R4_lane1-CGATGCTC.TCAAGCCT"	3
"R4_lane1-CGATGCTC.TCCGTCTA"	3
"R4_lane1-CGATGCTC.TGGCAGTT"	3
"R4_lane1-CGATGCTC.TGTAATCG"	4
"R4_lane1-CGATGCTC.TTAACGTC"	4
"R4_lane1-CGATGCTC.TTCTCGAG"	3
"R4_lane1-CGCGCAAT.ACGTTCAC"	4
"R4_lane1-CGCGCAAT.ACTGCTAC"	3
"R4_lane1-CGCGCAAT.ATACATGT"	3
"R4_lane1-CGCGCAAT.ATGCTTAA"	3
"R4_lane1-CGCGCAAT.CACTAGCT"	4
"R4_lane1-CGCGCAAT.CTACTAGG"	3
"R4_lane1-CGCGCAAT.CTGTCATT"	4
"R4_lane1-CGCGCAAT.GCAGGATT"	4
"R4_lane1-CGCGCAAT.GGTGTCAT"	4
"R4_lane1-CGCGCAAT.GTCCATTC"	3
"R4_lane1-CGCGCAAT.TAGGAGAC"	4
"R4_lane1-CGCGCAAT.TCAAGCCT"	3
"R4_lane1-CGCGCAAT.TCACTGAG"	3
"R4_lane1-CGCGCAAT.TCGGTACT"	3
"R4_lane1-CGCGCAAT.TGAGGCAA"	4
"R4_lane1-CGCTGTCT.AACGCGTA"	2
"R4_lane1-CGCTGTCT.ACCTCTTG"	4
"R4_lane1-CGCTGTCT.ACTTGATA"	4
"R4_lane1-CGCTGTCT.ATACATGT"	4
"R4_lane1-CGCTGTCT.ATCCGATT"	4
"R4_lane1-CGCTGTCT.CATTGAGT"	4
"R4_lane1-CGCTGTCT.CGAATTGC"	2
"R4_lane1-CGCTGTCT.CGTTACTT"	3
"R4_lane1-CGCTGTCT.CTGATTCT"	4
"R4_lane1-CGCTGTCT.GGTGTCAT"	4
"R4_lane1-CGCTGTCT.TAATTACG"	3
"R4_lane1-CGCTGTCT.TACCGGAA"	4
"R4_lane1-CGCTGTCT.TACTAAGC"	4
"R4_lane1-CGCTGTCT.TCCGTCTA"	4
"R4_lane1-CGCTGTCT.TCGCATCA"	4
"R4_lane1-CGCTGTCT.TCGTGAAG"	3
"R4_lane1-CGCTGTCT.TGTCTGCA"	3
"R4_lane1-CGCTGTCT.TTGACCAT"	3
"R4_lane1-CGGCACCA.AACGCGTA"	3
"R4_lane1-CGGCACCA.ACCTCTTG"	4
"R4_lane1-CGGCACCA.ACGTTCAC"	4
"R4_lane1-CGGCACCA.ACTCTACG"	3
"R4_lane1-CGGCACCA.ACTGCTAC"	4
"R4_lane1-CGGCACCA.ACTTGATA"	3
"R4_lane1-CGGCACCA.AGCATATG"	4
"R4_lane1-CGGCACCA.ATACATGT"	3
"R4_lane1-CGGCACCA.ATATCAGA"	4
"R4_lane1-CGGCACCA.ATCCGATT"	3
"R4_lane1-CGGCACCA.ATCGACGA"	4
"R4_lane1-CGGCACCA.CACTGTAC"	4
"R4_lane1-CGGCACCA.CATGTCCA"	3
"R4_lane1-CGGCACCA.CATTGAGT"	4
"R4_lane1-CGGCACCA.CCTTATAG"	3
"R4_lane1-CGGCACCA.CGTACGTA"	2
"R4_lane1-CGGCACCA.CTGTCATT"	3
"R4_lane1-CGGCACCA.GTAGTTCG"	4
"R4_lane1-CGGCACCA.GTATCTAT"	4
"R4_lane1-CGGCACCA.GTCCATTC"	3
"R4_lane1-CGGCACCA.GTTCCGAA"	4
"R4_lane1-CGGCACCA.TCTTAGTC"	4
"R4_lane1-CGGCACCA.TGTCTGCA"	4
"R4_lane1-CGGCACCA.TTCTCGAG"	4
"R4_lane1-CGTGTTCG.AACGTCAG"	3
"R4_lane1-CGTGTTCG.AAGCCATC"	4
"R4_lane1-CGTGTTCG.AATCAGAG"	4
"R4_lane1-CGTGTTCG.ACGTTCAC"	1
"R4_lane1-CGTGTTCG.ATACATGT"	4
"R4_lane1-CGTGTTCG.ATCGACGA"	3
"R4_lane1-CGTGTTCG.CACTGTAC"	4
"R4_lane1-CGTGTTCG.CAGCATAT"	3
"R4_lane1-CGTGTTCG.CGTTACTT"	3
"R4_lane1-CGTGTTCG.CTAGTGAA"	3
"R4_lane1-CGTGTTCG.CTTGGTTA"	4
"R4_lane1-CGTGTTCG.GAACTATA"	4
"R4_lane1-CGTGTTCG.GCTAACGA"	3
"R4_lane1-CGTGTTCG.TATCGCTC"	3
"R4_lane1-CGTGTTCG.TCCGTCTA"	3
"R4_lane1-CGTGTTCG.TCGCATCA"	3
"R4_lane1-CGTGTTCG.TTCTCGAG"	3
"R4_lane1-CTCGCCGA.AACGCGTA"	4
"R4_lane1-CTCGCCGA.ACGAAGAT"	4
"R4_lane1-CTCGCCGA.ACTCTACG"	4
"R4_lane1-CTCGCCGA.ATGCTTAA"	4
"R4_lane1-CTCGCCGA.CAAGCTGA"	4
"R4_lane1-CTCGCCGA.CTACTAGG"	4
"R4_lane1-CTCGCCGA.GATGATCC"	4
"R4_lane1-CTCGCCGA.GGATTGCT"	4
"R4_lane1-CTCGCCGA.GTGACTTG"	4
"R4_lane1-CTCGCCGA.GTGTAGCA"	3
"R4_lane1-CTCGCCGA.TCAGATGC"	4
"R4_lane1-CTCGCCGA.TGCAGTGA"	4
"R4_lane1-CTCGCCGA.TTCGCTCA"	4
"R4_lane1-GACCGAAG.ACGAAGAT"	4
"R4_lane1-GACCGAAG.AGAGTGTC"	4
"R4_lane1-GACCGAAG.ATACATGT"	4
"R4_lane1-GACCGAAG.ATCCGATT"	4
"R4_lane1-GACCGAAG.CATGTCCA"	3
"R4_lane1-GACCGAAG.CTGTCATT"	4
"R4_lane1-GACCGAAG.GAACTATA"	4
"R4_lane1-GACCGAAG.GGTCAACT"	4
"R4_lane1-GACCGAAG.GTAGACAC"	4
"R4_lane1-GACCGAAG.TCTTAGTC"	4
"R4_lane1-GACCGAAG.TGGCAGTT"	4
"R4_lane1-GACCGAAG.TTAACGTC"	4
"R4_lane1-GACTGCCA.AACGTCAG"	4
"R4_lane1-GACTGCCA.ACTTGATA"	4
"R4_lane1-GACTGCCA.AGCATATG"	4
"R4_lane1-GACTGCCA.CGCCAATA"	4
"R4_lane1-GACTGCCA.GTTCCGAA"	4
"R4_lane1-GACTGCCA.TACTAAGC"	4
"R4_lane1-GACTGCCA.TATCGCTC"	2
"R4_lane1-GACTGCCA.TCAAGCCT"	4
"R4_lane1-GACTGCCA.TCGCATCA"	1
"R4_lane1-GACTGCCA.TGGCAGTT"	4
"R4_lane1-GACTGCCA.TTAATCGA"	4
"R4_lane1-GAGCCTAC.AAGAGCTG"	4
"R4_lane1-GAGCCTAC.ACGTTCAC"	3
"R4_lane1-GAGCCTAC.ATACATGT"	4
"R4_lane1-GAGCCTAC.ATTACGCT"	4
"R4_lane1-GAGCCTAC.CACATGGA"	4
"R4_lane1-GAGCCTAC.CGATGACA"	4
"R4_lane1-GAGCCTAC.CTTGGTTA"	4
"R4_lane1-GAGCCTAC.GATTCTTA"	4
"R4_lane1-GAGCCTAC.GGTGTCAT"	4
"R4_lane1-GAGCCTAC.GTCATAGT"	4
"R4_lane1-GAGCCTAC.TATCGCTC"	4
"R4_lane1-GAGCCTAC.TCACTGAG"	4
"R4_lane1-GAGCCTAC.TCGGTACT"	3
"R4_lane1-GAGCCTAC.TTAATCGA"	4
"R4_lane1-GAGCCTAC.TTCTCGAG"	4
"R4_lane1-GAGCCTAC.TTGACCAT"	4
"R4_lane1-GCACCATG.AAGAGCTG"	4
"R4_lane1-GCACCATG.ACCTCTTG"	3
"R4_lane1-GCACCATG.ACTTGATA"	3
"R4_lane1-GCACCATG.AGCAACCT"	3
"R4_lane1-GCACCATG.ATACGCCA"	4
"R4_lane1-GCACCATG.ATCCGATT"	4
"R4_lane1-GCACCATG.ATGCTTAA"	3
"R4_lane1-GCACCATG.ATTACGCT"	4
"R4_lane1-GCACCATG.CACATGGA"	3
"R4_lane1-GCACCATG.CCATGGAT"	3
"R4_lane1-GCACCATG.CTACTAGG"	4
"R4_lane1-GCACCATG.CTTGGTTA"	4
"R4_lane1-GCACCATG.GATGATCC"	4
"R4_lane1-GCACCATG.GATTCTTA"	4
"R4_lane1-GCACCATG.GCAGGATT"	3
"R4_lane1-GCACCATG.GCTAACGA"	3
"R4_lane1-GCACCATG.GGTGTCAT"	4
"R4_lane1-GCACCATG.GTGACTTG"	4
"R4_lane1-GCACCATG.TAATTACG"	4
"R4_lane1-GCACCATG.TCACTGAG"	1
"R4_lane1-GCACCATG.TGAGGCAA"	3
"R4_lane1-GCACCATG.TTCTCGAG"	4
"R4_lane1-GCACCATG.TTGACCAT"	4
"R4_lane1-GCGCACAT.AATCAGAG"	3
"R4_lane1-GCGCACAT.AGTTATGC"	3
"R4_lane1-GCGCACAT.CAAGCTGA"	4
"R4_lane1-GCGCACAT.CCTTATAG"	4
"R4_lane1-GCGCACAT.GTCCATTC"	3
"R4_lane1-GCGCACAT.TAGGAGAC"	3
"R4_lane1-GCGCACAT.TTAATCGA"	4
"R4_lane1-GCTACGGT.ACTCTACG"	3
"R4_lane1-GCTACGGT.ATACATGT"	4
"R4_lane1-GCTACGGT.ATCCGATT"	4
"R4_lane1-GCTACGGT.ATGCTTAA"	4
"R4_lane1-GCTACGGT.CAGCATAT"	4
"R4_lane1-GCTACGGT.CATGTCCA"	3
"R4_lane1-GCTACGGT.GATTCTTA"	2
"R4_lane1-GCTACGGT.TCGCATCA"	4
"R4_lane1-GCTACGGT.TCTTAGTC"	4
"R4_lane1-GCTACGGT.TGGTTATC"	3
"R4_lane1-GCTACGGT.TGTCTGCA"	4
"R4_lane1-GCTAGTCG.AAGAGCTG"	4
"R4_lane1-GCTAGTCG.AATCAGAG"	4
"R4_lane1-GCTAGTCG.CACTAGCT"	3
"R4_lane1-GCTAGTCG.CACTGTAC"	4
"R4_lane1-GCTAGTCG.GCTAACGA"	4
"R4_lane1-GCTAGTCG.GGTCAACT"	4
"R4_lane1-GCTAGTCG.TACTAAGC"	4
"R4_lane1-GCTAGTCG.TGGCAGTT"	4
"R4_lane1-GCTGAGAC.AACGTCAG"	4
"R4_lane1-GCTGAGAC.ACAGACTG"	4
"R4_lane1-GCTGAGAC.ACTTGATA"	1
"R4_lane1-GCTGAGAC.AGCATATG"	4
"R4_lane1-GCTGAGAC.ATACATGT"	4
"R4_lane1-GCTGAGAC.ATCGACGA"	2
"R4_lane1-GCTGAGAC.ATGCTTAA"	4
"R4_lane1-GCTGAGAC.ATTACGCT"	4
"R4_lane1-GCTGAGAC.CACTAGCT"	4
"R4_lane1-GCTGAGAC.CACTGTAC"	4
"R4_lane1-GCTGAGAC.CATGTCCA"	4
"R4_lane1-GCTGAGAC.CATTGAGT"	4
"R4_lane1-GCTGAGAC.CGAATTGC"	4
"R4_lane1-GCTGAGAC.CGTACGTA"	4
"R4_lane1-GCTGAGAC.GATATAAC"	4
"R4_lane1-GCTGAGAC.GCTAACGA"	3
"R4_lane1-GCTGAGAC.GTGACTTG"	3
"R4_lane1-GCTGAGAC.TGTCTGCA"	4
"R4_lane1-GGACGACA.AAGAGCTG"	3
"R4_lane1-GGACGACA.ACAGACTG"	4
"R4_lane1-GGACGACA.ATCGACGA"	4
"R4_lane1-GGACGACA.CACTGTAC"	4
"R4_lane1-GGACGACA.GAACTATA"	4
"R4_lane1-GGACGACA.GCCATTAA"	4
"R4_lane1-GGACGACA.GTAGACAC"	4
"R4_lane1-GGACGACA.TAGGAGAC"	3
"R4_lane1-GGACGACA.TGGTTATC"	2
"R4_lane1-GGACGACA.TGTCTGCA"	4
"R4_lane1-GGACGACA.TTCTCGAG"	3
"R4_lane1-GGCGCTCA.AACGTCAG"	3
"R4_lane1-GGCGCTCA.ACTCTACG"	4
"R4_lane1-GGCGCTCA.AGTCGTAT"	1
"R4_lane1-GGCGCTCA.CACTGTAC"	4
"R4_lane1-GGCGCTCA.CGTTACTT"	4
"R4_lane1-GGCGCTCA.TAGGAGAC"	4
"R4_lane1-GGCGCTCA.TATCGCTC"	4
"R4_lane1-GGCGCTCA.TCGTGAAG"	4
"R4_lane1-GGCGCTCA.TCTACATG"	3
"R4_lane1-GGTCAGTG.AACGTCAG"	4
"R4_lane1-GGTCAGTG.AAGCCATC"	4
"R4_lane1-GGTCAGTG.ACAGACTG"	4
"R4_lane1-GGTCAGTG.ACCTCTTG"	4
"R4_lane1-GGTCAGTG.ACTTGATA"	4
"R4_lane1-GGTCAGTG.ATCGACGA"	4
"R4_lane1-GGTCAGTG.ATGCTTAA"	3
"R4_lane1-GGTCAGTG.ATTACGCT"	4
"R4_lane1-GGTCAGTG.CACTAGCT"	4
"R4_lane1-GGTCAGTG.CATTGAGT"	4
"R4_lane1-GGTCAGTG.CGCCAATA"	4
"R4_lane1-GGTCAGTG.CTACTAGG"	4
"R4_lane1-GGTCAGTG.CTTGGTTA"	4
"R4_lane1-GGTCAGTG.GTCATAGT"	2
"R4_lane1-GGTCAGTG.GTTCCGAA"	4
"R4_lane1-GGTCAGTG.TACCGGAA"	4
"R4_lane1-GGTCAGTG.TCACTGAG"	4
"R4_lane1-GGTCAGTG.TCGCATCA"	3
"R4_lane1-GGTCAGTG.TCTACATG"	4
"R4_lane1-GGTCAGTG.TCTTAGTC"	4
"R4_lane1-GGTCAGTG.TGTCTGCA"	3
"R4_lane1-GGTCAGTG.TTAACGTC"	2
"R4_lane1-GGTGCCTT.ACCTCTTG"	4
"R4_lane1-GGTGCCTT.ACGTGTGT"	4
"R4_lane1-GGTGCCTT.AGAGTGTC"	4
"R4_lane1-GGTGCCTT.ATGCTTAA"	4
"R4_lane1-GGTGCCTT.CGATGACA"	1
"R4_lane1-GGTGCCTT.CGTTACTT"	4
"R4_lane1-GGTGCCTT.CTGTCATT"	2
"R4_lane1-GGTGCCTT.GATATAAC"	4
"R4_lane1-GGTGCCTT.TCTTAGTC"	4
"R4_lane1-GGTGCCTT.TTAACGTC"	4
"R4_lane1-GTGAACGG.AACGCGTA"	4
"R4_lane1-GTGAACGG.ACTCTACG"	4
"R4_lane1-GTGAACGG.ACTGTGGA"	4
"R4_lane1-GTGAACGG.AGAGTGTC"	4
"R4_lane1-GTGAACGG.AGTCGTAT"	2
"R4_lane1-GTGAACGG.ATATCAGA"	3
"R4_lane1-GTGAACGG.ATGCTTAA"	2
"R4_lane1-GTGAACGG.CAAGCTGA"	1
"R4_lane1-GTGAACGG.CACATGGA"	3
"R4_lane1-GTGAACGG.CAGCATAT"	4
"R4_lane1-GTGAACGG.CATTGAGT"	4
"R4_lane1-GTGAACGG.CGATGACA"	4
"R4_lane1-GTGAACGG.CTGATTCT"	4
"R4_lane1-GTGAACGG.GTCATAGT"	3
"R4_lane1-GTGAACGG.GTCCATTC"	3
"R4_lane1-GTGAACGG.GTGACTTG"	3
"R4_lane1-GTGAACGG.TACCGGAA"	4
"R4_lane1-GTGAACGG.TAGGAGAC"	4
"R4_lane1-GTGAACGG.TCGGTACT"	4
"R4_lane1-GTGAACGG.TGAGGCAA"	3
"R4_lane1-GTGAACGG.TTAACGTC"	4
"R4_lane1-GTGAACGG.TTAATCGA"	3
"R4_lane1-GTGGCTGT.ACGAAGAT"	4
"R4_lane1-GTGGCTGT.AGAGTGTC"	4
"R4_lane1-GTGGCTGT.AGGTCTCA"	4
"R4_lane1-GTGGCTGT.CGTTACTT"	4
"R4_lane1-GTGGCTGT.GAACTATA"	4
"R4_lane1-GTTCCACC.ACCTCTTG"	4
"R4_lane1-GTTCCACC.AGTCGTAT"	4
"R4_lane1-GTTCCACC.CACTGTAC"	4
"R4_lane1-GTTCCACC.CCATGGAT"	4
"R4_lane1-GTTCCACC.CGCCAATA"	4
"R4_lane1-GTTCCACC.CGCTTAAT"	4
"R4_lane1-GTTCCACC.CTACTAGG"	4
"R4_lane1-GTTCCACC.CTGATTCT"	3
"R4_lane1-GTTCCACC.CTTGGTTA"	4
"R4_lane1-GTTCCACC.GATTCTTA"	4
"R4_lane1-GTTCCACC.GCAGGATT"	4
"R4_lane1-GTTCCACC.GCCATTAA"	4
"R4_lane1-GTTCCACC.GCTAACGA"	4
"R4_lane1-GTTCCACC.TACTAAGC"	4
"R4_lane1-GTTCCACC.TCAAGCCT"	4
"R4_lane1-GTTCCACC.TCACTGAG"	3
"R4_lane1-GTTCCACC.TGTAATCG"	4
"R4_lane1-GTTCCACC.TTAATCGA"	4
"R4_lane1-GTTCCACC.TTGACCAT"	3
"R4_lane1-TACACCGG.AACGTCAG"	4
"R4_lane1-TACACCGG.AAGCCATC"	3
"R4_lane1-TACACCGG.ACCTCTTG"	4
"R4_lane1-TACACCGG.ACGAAGAT"	4
"R4_lane1-TACACCGG.ACTCTACG"	4
"R4_lane1-TACACCGG.ACTGCTAC"	4
"R4_lane1-TACACCGG.ACTTGATA"	4
"R4_lane1-TACACCGG.AGGTCTCA"	4
"R4_lane1-TACACCGG.ATATCAGA"	4
"R4_lane1-TACACCGG.ATCGACGA"	4
"R4_lane1-TACACCGG.CGCCAATA"	1
"R4_lane1-TACACCGG.CTAGTGAA"	4
"R4_lane1-TACACCGG.CTGTCATT"	4
"R4_lane1-TACACCGG.CTTGGTTA"	4
"R4_lane1-TACACCGG.GATTGCAG"	3
"R4_lane1-TACACCGG.GCAGGATT"	4
"R4_lane1-TACACCGG.GCCATTAA"	4
"R4_lane1-TACACCGG.GTGACTTG"	4
"R4_lane1-TACACCGG.TAATTACG"	4
"R4_lane1-TACACCGG.TACCGGAA"	4
"R4_lane1-TACACCGG.TCGTGAAG"	4
"R4_lane1-TACACCGG.TCTTAGTC"	4
"R4_lane1-TACACCGG.TTCTCGAG"	3
"R4_lane1-TCCGACGC.AACGTCAG"	4
"R4_lane1-TCCGACGC.ACTTGATA"	4
"R4_lane1-TCCGACGC.AGGTCTCA"	4
"R4_lane1-TCCGACGC.ATCGACGA"	4
"R4_lane1-TCCGACGC.CTACTAGG"	4
"R4_lane1-TCGCAGGA.ACCTCTTG"	4
"R4_lane1-TCGCAGGA.ACGAAGAT"	4
"R4_lane1-TCGCAGGA.AGAGTGTC"	4
"R4_lane1-TCGCAGGA.AGCAACCT"	4
"R4_lane1-TCGCAGGA.AGCATATG"	4
"R4_lane1-TCGCAGGA.AGGTCTCA"	4
"R4_lane1-TCGCAGGA.CACATGGA"	4
"R4_lane1-TCGCAGGA.CATGTCCA"	4
"R4_lane1-TCGCAGGA.CATTGAGT"	4
"R4_lane1-TCGCAGGA.CGCTTAAT"	2
"R4_lane1-TCGCAGGA.CGTTACTT"	4
"R4_lane1-TCGCAGGA.GAACTATA"	4
"R4_lane1-TCGCAGGA.GATGATCC"	4
"R4_lane1-TCGCAGGA.GCAGGATT"	4
"R4_lane1-TCGCAGGA.GCCATTAA"	4
"R4_lane1-TCGCAGGA.GTATCTAT"	4
"R4_lane1-TCGCAGGA.GTGTAGCA"	4
"R4_lane1-TCGCAGGA.GTTCCGAA"	4
"R4_lane1-TCGCAGGA.TAGGAGAC"	4
"R4_lane1-TCGCAGGA.TCAAGCCT"	4
"R4_lane1-TCGCAGGA.TCACTGAG"	3
"R4_lane1-TCGCAGGA.TCTACATG"	4
"R4_lane1-TCGTGGAC.AACGTCAG"	4
"R4_lane1-TCGTGGAC.ACGTGTGT"	4
"R4_lane1-TCGTGGAC.ACTGCTAC"	4
"R4_lane1-TCGTGGAC.AGTTATGC"	3
"R4_lane1-TCGTGGAC.ATCGACGA"	4
"R4_lane1-TCGTGGAC.CTGATTCT"	4
"R4_lane1-TCGTGGAC.CTGTCATT"	4
"R4_lane1-TCGTGGAC.GCTAACGA"	3
"R4_lane1-TCGTGGAC.GTCCATTC"	4
"R4_lane1-TCGTGGAC.TCACTGAG"	4
"R4_lane1-TCGTGGAC.TTAACGTC"	3
"R4_lane1-TGACTGCG.ACGAAGAT"	4
"R4_lane1-TGACTGCG.ACGTTCAC"	4
"R4_lane1-TGACTGCG.ACTGCTAC"	4
"R4_lane1-TGACTGCG.ATGCTTAA"	4
"R4_lane1-TGACTGCG.CACATGGA"	3
"R4_lane1-TGACTGCG.CCATGGAT"	4
"R4_lane1-TGACTGCG.CGATGACA"	4
"R4_lane1-TGACTGCG.CTTAGAAG"	2
"R4_lane1-TGACTGCG.GATGATCC"	4
"R4_lane1-TGACTGCG.GCTAACGA"	4
"R4_lane1-TGACTGCG.GGTCAACT"	4
"R4_lane1-TGACTGCG.TACTAAGC"	3
"R4_lane1-TGACTGCG.TATCGCTC"	4
"R4_lane1-TGACTGCG.TGAGGCAA"	3
"R4_lane1-TGACTGCG.TGGCAGTT"	4
"R4_lane1-TGACTGCG.TGTCTGCA"	3
"R4_lane1-TGACTGCG.TTCTCGAG"	3
"R4_lane1-TGCTGGTG.ACTGCTAC"	4
"R4_lane1-TGCTGGTG.ACTTGATA"	4
"R4_lane1-TGCTGGTG.AGGTCTCA"	4
"R4_lane1-TGCTGGTG.CAGCATAT"	3
"R4_lane1-TGCTGGTG.CATGTCCA"	3
"R4_lane1-TGCTGGTG.CGAATTGC"	3
"R4_lane1-TGCTGGTG.GATTCTTA"	3
"R4_lane1-TGCTGGTG.GTTCCGAA"	3
"R4_lane1-TGCTGGTG.TCGTGAAG"	3
"R4_lane1-TGGAGAGG.ACTGTGGA"	4
"R4_lane1-TGGAGAGG.CAAGCTGA"	1
"R4_lane1-TGGAGAGG.GAACTATA"	4
"R4_lane1-TGGAGAGG.GCAGGATT"	4
"R4_lane1-TGGAGAGG.GGATTGCT"	3
"R4_lane1-TGGAGAGG.GGTCAACT"	4
"R4_lane1-TGGAGAGG.GTAGACAC"	4
"R4_lane1-TGGAGAGG.TACCGGAA"	4
"R4_lane1-TGGAGAGG.TAGGAGAC"	4
"R4_lane1-TGGAGAGG.TTAACGTC"	1
"R4_lane1-TTGTGCCG.AACGCGTA"	3
"R4_lane1-TTGTGCCG.AAGAGCTG"	4
"R4_lane1-TTGTGCCG.ACGTGTGT"	4
"R4_lane1-TTGTGCCG.ACTCTACG"	4
"R4_lane1-TTGTGCCG.AGTTATGC"	2
"R4_lane1-TTGTGCCG.ATGCTTAA"	4
"R4_lane1-TTGTGCCG.ATTACGCT"	4
"R4_lane1-TTGTGCCG.CAAGCTGA"	3
"R4_lane1-TTGTGCCG.CACATGGA"	4
"R4_lane1-TTGTGCCG.CTACTAGG"	4
"R4_lane1-TTGTGCCG.CTTGGTTA"	4
"R4_lane1-TTGTGCCG.GATTCTTA"	4
"R4_lane1-TTGTGCCG.GATTGCAG"	3
"R4_lane1-TTGTGCCG.GCCATTAA"	4
"R4_lane1-TTGTGCCG.GTCATAGT"	4
"R4_lane1-TTGTGCCG.TACTAAGC"	4
"R4_lane1-TTGTGCCG.TCAAGCCT"	4
"R4_lane1-TTGTGCCG.TCCGTCTA"	3
"R4_lane1-TTGTGCCG.TCGGTACT"	4
"R4_lane1-TTGTGCCG.TCTACATG"	4
"R4_lane1-TTGTGCCG.TTAATCGA"	4
"R4_lane1-TTGTGCCG.TTCGCTCA"	4
"R4_lane2-AAGCCGGT.AACGCGTA"	4
"R4_lane2-AAGCCGGT.ACAGACTG"	4
"R4_lane2-AAGCCGGT.ACTGCTAC"	4
"R4_lane2-AAGCCGGT.ACTTGATA"	4
"R4_lane2-AAGCCGGT.AGCAACCT"	4
"R4_lane2-AAGCCGGT.AGCATATG"	3
"R4_lane2-AAGCCGGT.AGGTCTCA"	4
"R4_lane2-AAGCCGGT.ATGCTTAA"	4
"R4_lane2-AAGCCGGT.CAGCATAT"	4
"R4_lane2-AAGCCGGT.CTACTAGG"	4
"R4_lane2-AAGCCGGT.GAGTACGT"	3
"R4_lane2-AAGCCGGT.GTCATAGT"	4
"R4_lane2-AAGCCGGT.TAGGAGAC"	3
"R4_lane2-AAGCCGGT.TCACTGAG"	4
"R4_lane2-AAGCCGGT.TCGCATCA"	3
"R4_lane2-AAGCCGGT.TGAGGCAA"	3
"R4_lane2-AAGCCGGT.TGGCAGTT"	1
"R4_lane2-AAGCCGGT.TTCGCTCA"	4
"R4_lane2-ACCACCAC.ACAGACTG"	4
"R4_lane2-ACCACCAC.ACTCTACG"	4
"R4_lane2-ACCACCAC.ACTGTGGA"	4
"R4_lane2-ACCACCAC.AGGTCTCA"	4
"R4_lane2-ACCACCAC.AGTTATGC"	4
"R4_lane2-ACCACCAC.ATCGACGA"	4
"R4_lane2-ACCACCAC.CACATGGA"	4
"R4_lane2-ACCACCAC.CGCCAATA"	3
"R4_lane2-ACCACCAC.CGTTACTT"	4
"R4_lane2-ACCACCAC.GATTCTTA"	4
"R4_lane2-ACCACCAC.GCAGGATT"	4
"R4_lane2-ACCACCAC.GGTGTCAT"	3
"R4_lane2-ACCACCAC.GTGACTTG"	4
"R4_lane2-ACCACCAC.TAGGAGAC"	4
"R4_lane2-ACCACCAC.TATCGCTC"	1
"R4_lane2-ACCACCAC.TCAAGCCT"	4
"R4_lane2-ACCACCAC.TCCGTCTA"	4
"R4_lane2-ACCACCAC.TCGCATCA"	3
"R4_lane2-ACCACCAC.TGAGGCAA"	3
"R4_lane2-ACCACCAC.TTCTCGAG"	4
"R4_lane2-ACGATGCC.AACGCGTA"	3
"R4_lane2-ACGATGCC.AATCAGAG"	4
"R4_lane2-ACGATGCC.ATCCGATT"	3
"R4_lane2-ACGATGCC.CACTAGCT"	3
"R4_lane2-ACGATGCC.CATGTCCA"	4
"R4_lane2-ACGATGCC.CGAATTGC"	3
"R4_lane2-ACGATGCC.CGATGACA"	1
"R4_lane2-ACGATGCC.CGCTTAAT"	4
"R4_lane2-ACGATGCC.CGTTACTT"	4
"R4_lane2-ACGATGCC.CTAGTGAA"	4
"R4_lane2-ACGATGCC.CTTGGTTA"	4
"R4_lane2-ACGATGCC.GAACTATA"	4
"R4_lane2-ACGATGCC.GCTAACGA"	4
"R4_lane2-ACGATGCC.GGATTGCT"	3
"R4_lane2-ACGATGCC.GGTCAACT"	4
"R4_lane2-ACGATGCC.GGTGTCAT"	4
"R4_lane2-ACGATGCC.GTGACTTG"	4
"R4_lane2-ACGATGCC.TCTTAGTC"	4
"R4_lane2-ACGATGCC.TGAGGCAA"	3
"R4_lane2-ACGATGCC.TGTCTGCA"	3
"R4_lane2-ACGATGCC.TTCGCTCA"	3
"R4_lane2-AGCGTCTC.AACGTCAG"	3
"R4_lane2-AGCGTCTC.ACTGCTAC"	4
"R4_lane2-AGCGTCTC.ATATCAGA"	4
"R4_lane2-AGCGTCTC.CCTTATAG"	4
"R4_lane2-AGCGTCTC.CTACTAGG"	4
"R4_lane2-AGCGTCTC.CTGATTCT"	3
"R4_lane2-AGCGTCTC.CTGTCATT"	4
"R4_lane2-AGCGTCTC.TCGGTACT"	2
"R4_lane2-AGCGTCTC.TGTAATCG"	4
"R4_lane2-AGGCTCAG.ACAGACTG"	4
"R4_lane2-AGGCTCAG.ACCTCTTG"	3
"R4_lane2-AGGCTCAG.AGTTATGC"	4
"R4_lane2-AGGCTCAG.ATGCTTAA"	4
"R4_lane2-AGGCTCAG.ATTACGCT"	4
"R4_lane2-AGGCTCAG.CAAGCTGA"	4
"R4_lane2-AGGCTCAG.CCATGGAT"	3
"R4_lane2-AGGCTCAG.GAGTACGT"	1
"R4_lane2-AGGCTCAG.GCTAACGA"	4
"R4_lane2-AGGCTCAG.GTCATAGT"	4
"R4_lane2-AGGCTCAG.GTTCCGAA"	1
"R4_lane2-AGGCTCAG.TCTTAGTC"	4
"R4_lane2-AGGCTCAG.TGTAATCG"	4
"R4_lane2-AGTACGCG.AACGCGTA"	4
"R4_lane2-AGTACGCG.ACAGACTG"	4
"R4_lane2-AGTACGCG.ACGTTCAC"	4
"R4_lane2-AGTACGCG.AGAGTGTC"	4
"R4_lane2-AGTACGCG.AGTCGTAT"	4
"R4_lane2-AGTACGCG.AGTTATGC"	4
"R4_lane2-AGTACGCG.ATACATGT"	4
"R4_lane2-AGTACGCG.ATCGACGA"	4
"R4_lane2-AGTACGCG.ATGCTTAA"	4
"R4_lane2-AGTACGCG.CATTGAGT"	4
"R4_lane2-AGTACGCG.GATATAAC"	3
"R4_lane2-AGTACGCG.GCCATTAA"	3
"R4_lane2-AGTACGCG.GGTCAACT"	1
"R4_lane2-AGTACGCG.GGTGTCAT"	4
"R4_lane2-AGTACGCG.GTAGACAC"	4
"R4_lane2-AGTACGCG.GTGTAGCA"	3
"R4_lane2-AGTACGCG.TCACTGAG"	4
"R4_lane2-AGTACGCG.TTCTCGAG"	4
"R4_lane2-AGTGGTGC.AACGTCAG"	4
"R4_lane2-AGTGGTGC.ACTCTACG"	4
"R4_lane2-AGTGGTGC.ACTGTGGA"	4
"R4_lane2-AGTGGTGC.AGAGTGTC"	4
"R4_lane2-AGTGGTGC.AGGTCTCA"	4
"R4_lane2-AGTGGTGC.ATACGCCA"	4
"R4_lane2-AGTGGTGC.CACATGGA"	4
"R4_lane2-AGTGGTGC.GTATCTAT"	1
"R4_lane2-AGTGGTGC.GTGTAGCA"	3
"R4_lane2-AGTGGTGC.GTTCCGAA"	4
"R4_lane2-AGTGGTGC.TCACTGAG"	4
"R4_lane2-AGTGGTGC.TCCGTCTA"	4
"R4_lane2-AGTGGTGC.TGTAATCG"	4
"R4_lane2-AGTGGTGC.TTCTCGAG"	4
"R4_lane2-ATCCGCGG.AGGTCTCA"	4
"R4_lane2-ATCCGCGG.CATGTCCA"	3
"R4_lane2-ATCCGCGG.CGTACGTA"	4
"R4_lane2-ATCCGCGG.CTACTAGG"	4
"R4_lane2-ATCCGCGG.GATGATCC"	4
"R4_lane2-ATCCGCGG.GCTAACGA"	3
"R4_lane2-ATCCGCGG.GTTCCGAA"	4
"R4_lane2-ATCCGCGG.TAGGAGAC"	4
"R4_lane2-ATCCGCGG.TATCGCTC"	4
"R4_lane2-ATCCGCGG.TCAGATGC"	4
"R4_lane2-ATCCGCGG.TCCGTCTA"	3
"R4_lane2-ATCCGCGG.TCGCATCA"	3
"R4_lane2-ATCCGCGG.TTCTCGAG"	4
"R4_lane2-CAACGCCG.AACGTCAG"	3
"R4_lane2-CAACGCCG.ACCTCTTG"	4
"R4_lane2-CAACGCCG.ACGTTCAC"	4
"R4_lane2-CAACGCCG.CCTTATAG"	4
"R4_lane2-CAACGCCG.GTAGACAC"	4
"R4_lane2-CAACGCCG.TACTAAGC"	4
"R4_lane2-CAACGCCG.TATCGCTC"	4
"R4_lane2-CACCGTGA.ACTGTGGA"	3
"R4_lane2-CACCGTGA.CGTACGTA"	2
"R4_lane2-CACCGTGA.CGTTACTT"	4
"R4_lane2-CACCGTGA.CTACTAGG"	3
"R4_lane2-CACCGTGA.GAACTATA"	3
"R4_lane2-CACCGTGA.GGATTGCT"	3
"R4_lane2-CACCGTGA.GGTCAACT"	3
"R4_lane2-CACCGTGA.GTGTAGCA"	4
"R4_lane2-CACCGTGA.GTTCCGAA"	4
"R4_lane2-CACCGTGA.TCACTGAG"	3
"R4_lane2-CACCGTGA.TCCGTCTA"	1
"R4_lane2-CACCGTGA.TCGGTACT"	4
"R4_lane2-CACCGTGA.TCTACATG"	3
"R4_lane2-CACCTGTG.AACGCGTA"	3
"R4_lane2-CACCTGTG.AAGAGCTG"	4
"R4_lane2-CACCTGTG.ACGAAGAT"	4
"R4_lane2-CACCTGTG.ACTCTACG"	3
"R4_lane2-CACCTGTG.AGAGTGTC"	4
"R4_lane2-CACCTGTG.AGGTCTCA"	4
"R4_lane2-CACCTGTG.ATCCGATT"	3
"R4_lane2-CACCTGTG.ATTACGCT"	4
"R4_lane2-CACCTGTG.CACTGTAC"	3
"R4_lane2-CACCTGTG.CAGCATAT"	4
"R4_lane2-CACCTGTG.CGAATTGC"	3
"R4_lane2-CACCTGTG.GATATAAC"	4
"R4_lane2-CACCTGTG.GGTCAACT"	3
"R4_lane2-CACCTGTG.GGTGTCAT"	3
"R4_lane2-CACCTGTG.GTATCTAT"	4
"R4_lane2-CACCTGTG.GTGACTTG"	4
"R4_lane2-CACCTGTG.TCGGTACT"	4
"R4_lane2-CACCTGTG.TGCAGTGA"	4
"R4_lane2-CACCTGTG.TTCTCGAG"	3
"R4_lane2-CATAGCGC.AGGTCTCA"	4
"R4_lane2-CATAGCGC.ATTACGCT"	4
"R4_lane2-CATAGCGC.GCAGGATT"	3
"R4_lane2-CATAGCGC.GCCATTAA"	4
"R4_lane2-CATAGCGC.GGTCAACT"	3
"R4_lane2-CATAGCGC.GTATCTAT"	4
"R4_lane2-CATAGCGC.TAATTACG"	4
"R4_lane2-CATAGCGC.TTAACGTC"	4
"R4_lane2-CCGCTACG.ACAGACTG"	3
"R4_lane2-CCGCTACG.ACTCTACG"	3
"R4_lane2-CCGCTACG.AGAGTGTC"	4
"R4_lane2-CCGCTACG.AGCAACCT"	4
"R4_lane2-CCGCTACG.AGTTATGC"	3
"R4_lane2-CCGCTACG.CACATGGA"	4
"R4_lane2-CCGCTACG.CATGTCCA"	3
"R4_lane2-CCGCTACG.GGTCAACT"	4
"R4_lane2-CCGCTACG.TGCAGTGA"	3
"R4_lane2-CCGCTACG.TGTAATCG"	3
"R4_lane2-CCGCTACG.TTAATCGA"	1
"R4_lane2-CCGGTGGT.AATCAGAG"	3
"R4_lane2-CCGGTGGT.ACGTTCAC"	3
"R4_lane2-CCGGTGGT.ACTTGATA"	4
"R4_lane2-CCGGTGGT.AGCAACCT"	2
"R4_lane2-CCGGTGGT.AGCATATG"	3
"R4_lane2-CCGGTGGT.AGGTCTCA"	4
"R4_lane2-CCGGTGGT.ATCCGATT"	4
"R4_lane2-CCGGTGGT.CACTAGCT"	4
"R4_lane2-CCGGTGGT.CATTGAGT"	4
"R4_lane2-CCGGTGGT.CGTACGTA"	3
"R4_lane2-CCGGTGGT.CTAGTGAA"	4
"R4_lane2-CCGGTGGT.CTGATTCT"	4
"R4_lane2-CCGGTGGT.CTTGGTTA"	4
"R4_lane2-CCGGTGGT.GGATTGCT"	3
"R4_lane2-CCGGTGGT.GGTCAACT"	1
"R4_lane2-CCGGTGGT.GTATCTAT"	4
"R4_lane2-CCGGTGGT.GTGTAGCA"	4
"R4_lane2-CCGGTGGT.GTTCCGAA"	3
"R4_lane2-CCGGTGGT.TACCGGAA"	4
"R4_lane2-CCGGTGGT.TACTAAGC"	4
"R4_lane2-CCGGTGGT.TATCGCTC"	4
"R4_lane2-CCGGTGGT.TCAGATGC"	3
"R4_lane2-CCGGTGGT.TCCGTCTA"	4
"R4_lane2-CCGGTGGT.TCGCATCA"	3
"R4_lane2-CCGGTGGT.TCTACATG"	2
"R4_lane2-CCGGTGGT.TGCAGTGA"	4
"R4_lane2-CCGGTGGT.TGGCAGTT"	4
"R4_lane2-CCGGTGGT.TGTAATCG"	4
"R4_lane2-CCGGTGGT.TGTCTGCA"	4
"R4_lane2-CCTTGACC.AACGTCAG"	3
"R4_lane2-CCTTGACC.ACGTGTGT"	3
"R4_lane2-CCTTGACC.ACTGTGGA"	3
"R4_lane2-CCTTGACC.AGAGTGTC"	3
"R4_lane2-CCTTGACC.CAAGCTGA"	3
"R4_lane2-CCTTGACC.CACATGGA"	3
"R4_lane2-CCTTGACC.CACTAGCT"	3
"R4_lane2-CCTTGACC.CACTGTAC"	4
"R4_lane2-CCTTGACC.CATGTCCA"	4
"R4_lane2-CCTTGACC.CATTGAGT"	4
"R4_lane2-CCTTGACC.CGCTTAAT"	4
"R4_lane2-CCTTGACC.CTGTCATT"	4
"R4_lane2-CCTTGACC.GGTGTCAT"	3
"R4_lane2-CCTTGACC.GTAGACAC"	4
"R4_lane2-CCTTGACC.GTCCATTC"	4
"R4_lane2-CCTTGACC.GTTCCGAA"	3
"R4_lane2-CCTTGACC.TACCGGAA"	4
"R4_lane2-CCTTGACC.TCGCATCA"	4
"R4_lane2-CCTTGACC.TGCAGTGA"	4
"R4_lane2-CCTTGACC.TGTCTGCA"	3
"R4_lane2-CCTTGACC.TTCTCGAG"	3
"R4_lane2-CGACATGG.AACGCGTA"	3
"R4_lane2-CGACATGG.AATCAGAG"	3
"R4_lane2-CGACATGG.ACAGACTG"	4
"R4_lane2-CGACATGG.ACGTGTGT"	1
"R4_lane2-CGACATGG.ACTCTACG"	3
"R4_lane2-CGACATGG.AGTCGTAT"	4
"R4_lane2-CGACATGG.ATTACGCT"	3
"R4_lane2-CGACATGG.CATTGAGT"	3
"R4_lane2-CGACATGG.CTACTAGG"	3
"R4_lane2-CGACATGG.CTGTCATT"	4
"R4_lane2-CGACATGG.GATTCTTA"	3
"R4_lane2-CGACATGG.GCCATTAA"	4
"R4_lane2-CGACATGG.GGATTGCT"	3
"R4_lane2-CGACATGG.GTGACTTG"	4
"R4_lane2-CGACATGG.TACCGGAA"	4
"R4_lane2-CGACATGG.TAGGAGAC"	3
"R4_lane2-CGACATGG.TATCGCTC"	4
"R4_lane2-CGACATGG.TCCGTCTA"	3
"R4_lane2-CGACATGG.TCGGTACT"	3
"R4_lane2-CGACATGG.TGGCAGTT"	4
"R4_lane2-CGACATGG.TGTCTGCA"	3
"R4_lane2-CGACATGG.TTAATCGA"	4
"R4_lane2-CGAGAACC.ACCTCTTG"	4
"R4_lane2-CGAGAACC.ACTGCTAC"	4
"R4_lane2-CGAGAACC.AGGTCTCA"	1
"R4_lane2-CGAGAACC.AGTCGTAT"	4
"R4_lane2-CGAGAACC.CAAGCTGA"	4
"R4_lane2-CGAGAACC.CACATGGA"	3
"R4_lane2-CGAGAACC.CGATGACA"	3
"R4_lane2-CGAGAACC.CTACTAGG"	4
"R4_lane2-CGAGAACC.GATATAAC"	3
"R4_lane2-CGAGAACC.TACTAAGC"	4
"R4_lane2-CGAGAACC.TATCGCTC"	3
"R4_lane2-CGAGAACC.TCACTGAG"	3
"R4_lane2-CGAGAACC.TGTCTGCA"	3
"R4_lane2-CGAGAACC.TTAACGTC"	3
"R4_lane2-CGATGCTC.AGCAACCT"	3
"R4_lane2-CGATGCTC.ATATCAGA"	4
"R4_lane2-CGATGCTC.ATCCGATT"	4
"R4_lane2-CGATGCTC.CGATGACA"	4
"R4_lane2-CGATGCTC.CGCCAATA"	4
"R4_lane2-CGATGCTC.CGTACGTA"	4
"R4_lane2-CGATGCTC.CTGTCATT"	4
"R4_lane2-CGATGCTC.GATATAAC"	3
"R4_lane2-CGATGCTC.GCCATTAA"	4
"R4_lane2-CGATGCTC.GTATCTAT"	3
"R4_lane2-CGATGCTC.GTGTAGCA"	4
"R4_lane2-CGATGCTC.TAATTACG"	4
"R4_lane2-CGATGCTC.TAGGAGAC"	3
"R4_lane2-CGATGCTC.TCAAGCCT"	3
"R4_lane2-CGATGCTC.TCCGTCTA"	3
"R4_lane2-CGATGCTC.TGGCAGTT"	3
"R4_lane2-CGATGCTC.TGTAATCG"	3
"R4_lane2-CGATGCTC.TTAACGTC"	4
"R4_lane2-CGATGCTC.TTCTCGAG"	3
"R4_lane2-CGCGCAAT.ACGTTCAC"	4
"R4_lane2-CGCGCAAT.ACTGCTAC"	3
"R4_lane2-CGCGCAAT.ATACATGT"	3
"R4_lane2-CGCGCAAT.ATGCTTAA"	4
"R4_lane2-CGCGCAAT.CACTAGCT"	4
"R4_lane2-CGCGCAAT.CTACTAGG"	3
"R4_lane2-CGCGCAAT.CTGTCATT"	4
"R4_lane2-CGCGCAAT.GCAGGATT"	4
"R4_lane2-CGCGCAAT.GGTGTCAT"	4
"R4_lane2-CGCGCAAT.GTCCATTC"	3
"R4_lane2-CGCGCAAT.TAGGAGAC"	4
"R4_lane2-CGCGCAAT.TCAAGCCT"	3
"R4_lane2-CGCGCAAT.TCGGTACT"	4
"R4_lane2-CGCGCAAT.TGAGGCAA"	4
"R4_lane2-CGCTGTCT.AACGCGTA"	2
"R4_lane2-CGCTGTCT.ACCTCTTG"	4
"R4_lane2-CGCTGTCT.ACTTGATA"	4
"R4_lane2-CGCTGTCT.ATACATGT"	3
"R4_lane2-CGCTGTCT.ATCCGATT"	4
"R4_lane2-CGCTGTCT.CATTGAGT"	4
"R4_lane2-CGCTGTCT.CGAATTGC"	2
"R4_lane2-CGCTGTCT.CGTTACTT"	3
"R4_lane2-CGCTGTCT.CTGATTCT"	4
"R4_lane2-CGCTGTCT.GGTGTCAT"	4
"R4_lane2-CGCTGTCT.TAATTACG"	3
"R4_lane2-CGCTGTCT.TACCGGAA"	4
"R4_lane2-CGCTGTCT.TACTAAGC"	3
"R4_lane2-CGCTGTCT.TCCGTCTA"	4
"R4_lane2-CGCTGTCT.TCGCATCA"	4
"R4_lane2-CGCTGTCT.TCGTGAAG"	3
"R4_lane2-CGCTGTCT.TGTCTGCA"	3
"R4_lane2-CGCTGTCT.TTGACCAT"	3
"R4_lane2-CGGCACCA.AACGCGTA"	3
"R4_lane2-CGGCACCA.ACCTCTTG"	4
"R4_lane2-CGGCACCA.ACGTTCAC"	4
"R4_lane2-CGGCACCA.ACTCTACG"	4
"R4_lane2-CGGCACCA.ACTGCTAC"	4
"R4_lane2-CGGCACCA.ACTTGATA"	3
"R4_lane2-CGGCACCA.AGCATATG"	4
"R4_lane2-CGGCACCA.ATACATGT"	3
"R4_lane2-CGGCACCA.ATATCAGA"	4
"R4_lane2-CGGCACCA.ATCCGATT"	4
"R4_lane2-CGGCACCA.ATCGACGA"	4
"R4_lane2-CGGCACCA.CACTGTAC"	4
"R4_lane2-CGGCACCA.CATGTCCA"	3
"R4_lane2-CGGCACCA.CATTGAGT"	4
"R4_lane2-CGGCACCA.CCTTATAG"	3
"R4_lane2-CGGCACCA.CGTACGTA"	2
"R4_lane2-CGGCACCA.CTGTCATT"	4
"R4_lane2-CGGCACCA.GTAGTTCG"	4
"R4_lane2-CGGCACCA.GTATCTAT"	4
"R4_lane2-CGGCACCA.GTCCATTC"	4
"R4_lane2-CGGCACCA.GTTCCGAA"	3
"R4_lane2-CGGCACCA.TCTTAGTC"	4
"R4_lane2-CGGCACCA.TGTCTGCA"	4
"R4_lane2-CGGCACCA.TTCTCGAG"	3
"R4_lane2-CGTGTTCG.AACGTCAG"	3
"R4_lane2-CGTGTTCG.AAGCCATC"	4
"R4_lane2-CGTGTTCG.AATCAGAG"	4
"R4_lane2-CGTGTTCG.ACGTTCAC"	1
"R4_lane2-CGTGTTCG.ATACATGT"	4
"R4_lane2-CGTGTTCG.ATCGACGA"	3
"R4_lane2-CGTGTTCG.CACTGTAC"	4
"R4_lane2-CGTGTTCG.CAGCATAT"	3
"R4_lane2-CGTGTTCG.CGTTACTT"	3
"R4_lane2-CGTGTTCG.CTAGTGAA"	3
"R4_lane2-CGTGTTCG.CTTGGTTA"	4
"R4_lane2-CGTGTTCG.GAACTATA"	4
"R4_lane2-CGTGTTCG.GCTAACGA"	3
"R4_lane2-CGTGTTCG.TATCGCTC"	3
"R4_lane2-CGTGTTCG.TCCGTCTA"	3
"R4_lane2-CGTGTTCG.TCGCATCA"	3
"R4_lane2-CGTGTTCG.TTCTCGAG"	3
"R4_lane2-CTCGCCGA.AACGCGTA"	4
"R4_lane2-CTCGCCGA.ACGAAGAT"	4
"R4_lane2-CTCGCCGA.ACTCTACG"	4
"R4_lane2-CTCGCCGA.ATGCTTAA"	4
"R4_lane2-CTCGCCGA.CAAGCTGA"	4
"R4_lane2-CTCGCCGA.CTACTAGG"	4
"R4_lane2-CTCGCCGA.GATGATCC"	4
"R4_lane2-CTCGCCGA.GGATTGCT"	4
"R4_lane2-CTCGCCGA.GTGACTTG"	4
"R4_lane2-CTCGCCGA.GTGTAGCA"	3
"R4_lane2-CTCGCCGA.TCAGATGC"	4
"R4_lane2-CTCGCCGA.TGCAGTGA"	4
"R4_lane2-CTCGCCGA.TTCGCTCA"	4
"R4_lane2-GACCGAAG.ACGAAGAT"	4
"R4_lane2-GACCGAAG.AGAGTGTC"	4
"R4_lane2-GACCGAAG.ATACATGT"	4
"R4_lane2-GACCGAAG.ATCCGATT"	4
"R4_lane2-GACCGAAG.CATGTCCA"	3
"R4_lane2-GACCGAAG.CTGTCATT"	4
"R4_lane2-GACCGAAG.GAACTATA"	4
"R4_lane2-GACCGAAG.GGTCAACT"	4
"R4_lane2-GACCGAAG.GTAGACAC"	4
"R4_lane2-GACCGAAG.TCTTAGTC"	4
"R4_lane2-GACCGAAG.TGGCAGTT"	4
"R4_lane2-GACCGAAG.TTAACGTC"	4
"R4_lane2-GACTGCCA.AACGTCAG"	4
"R4_lane2-GACTGCCA.ACTTGATA"	4
"R4_lane2-GACTGCCA.AGCATATG"	4
"R4_lane2-GACTGCCA.CGCCAATA"	4
"R4_lane2-GACTGCCA.GTTCCGAA"	3
"R4_lane2-GACTGCCA.TACTAAGC"	4
"R4_lane2-GACTGCCA.TATCGCTC"	2
"R4_lane2-GACTGCCA.TCAAGCCT"	4
"R4_lane2-GACTGCCA.TCGCATCA"	1
"R4_lane2-GACTGCCA.TGGCAGTT"	4
"R4_lane2-GACTGCCA.TTAATCGA"	4
"R4_lane2-GAGCCTAC.AAGAGCTG"	4
"R4_lane2-GAGCCTAC.ACGTTCAC"	3
"R4_lane2-GAGCCTAC.ATACATGT"	3
"R4_lane2-GAGCCTAC.ATTACGCT"	4
"R4_lane2-GAGCCTAC.CACATGGA"	4
"R4_lane2-GAGCCTAC.CGATGACA"	4
"R4_lane2-GAGCCTAC.CTTGGTTA"	4
"R4_lane2-GAGCCTAC.GATTCTTA"	4
"R4_lane2-GAGCCTAC.GGTGTCAT"	3
"R4_lane2-GAGCCTAC.GTCATAGT"	4
"R4_lane2-GAGCCTAC.TATCGCTC"	4
"R4_lane2-GAGCCTAC.TCACTGAG"	4
"R4_lane2-GAGCCTAC.TCGGTACT"	3
"R4_lane2-GAGCCTAC.TTAATCGA"	4
"R4_lane2-GAGCCTAC.TTCTCGAG"	4
"R4_lane2-GAGCCTAC.TTGACCAT"	4
"R4_lane2-GCACCATG.AAGAGCTG"	4
"R4_lane2-GCACCATG.ACCTCTTG"	3
"R4_lane2-GCACCATG.ACTTGATA"	3
"R4_lane2-GCACCATG.AGCAACCT"	3
"R4_lane2-GCACCATG.ATACGCCA"	4
"R4_lane2-GCACCATG.ATCCGATT"	4
"R4_lane2-GCACCATG.ATGCTTAA"	3
"R4_lane2-GCACCATG.ATTACGCT"	4
"R4_lane2-GCACCATG.CACATGGA"	4
"R4_lane2-GCACCATG.CCATGGAT"	3
"R4_lane2-GCACCATG.CTACTAGG"	4
"R4_lane2-GCACCATG.CTTGGTTA"	4
"R4_lane2-GCACCATG.GATGATCC"	4
"R4_lane2-GCACCATG.GATTCTTA"	4
"R4_lane2-GCACCATG.GCAGGATT"	3
"R4_lane2-GCACCATG.GCTAACGA"	3
"R4_lane2-GCACCATG.GGTGTCAT"	4
"R4_lane2-GCACCATG.GTGACTTG"	4
"R4_lane2-GCACCATG.TAATTACG"	4
"R4_lane2-GCACCATG.TCACTGAG"	1
"R4_lane2-GCACCATG.TGAGGCAA"	3
"R4_lane2-GCACCATG.TTCTCGAG"	4
"R4_lane2-GCACCATG.TTGACCAT"	4
"R4_lane2-GCGCACAT.AATCAGAG"	3
"R4_lane2-GCGCACAT.AGTTATGC"	3
"R4_lane2-GCGCACAT.CAAGCTGA"	4
"R4_lane2-GCGCACAT.CCTTATAG"	4
"R4_lane2-GCGCACAT.GTCCATTC"	3
"R4_lane2-GCGCACAT.TAGGAGAC"	3
"R4_lane2-GCGCACAT.TTAATCGA"	4
"R4_lane2-GCTACGGT.ACTCTACG"	3
"R4_lane2-GCTACGGT.ATACATGT"	4
"R4_lane2-GCTACGGT.ATCCGATT"	4
"R4_lane2-GCTACGGT.ATGCTTAA"	4
"R4_lane2-GCTACGGT.CAGCATAT"	4
"R4_lane2-GCTACGGT.CATGTCCA"	3
"R4_lane2-GCTACGGT.GATTCTTA"	2
"R4_lane2-GCTACGGT.TCGCATCA"	4
"R4_lane2-GCTACGGT.TCTTAGTC"	4
"R4_lane2-GCTACGGT.TGGTTATC"	3
"R4_lane2-GCTACGGT.TGTCTGCA"	4
"R4_lane2-GCTAGTCG.AAGAGCTG"	4
"R4_lane2-GCTAGTCG.AATCAGAG"	4
"R4_lane2-GCTAGTCG.CACTAGCT"	3
"R4_lane2-GCTAGTCG.CACTGTAC"	3
"R4_lane2-GCTAGTCG.GCTAACGA"	4
"R4_lane2-GCTAGTCG.GGTCAACT"	4
"R4_lane2-GCTAGTCG.TACTAAGC"	4
"R4_lane2-GCTAGTCG.TGGCAGTT"	4
"R4_lane2-GCTGAGAC.AACGTCAG"	4
"R4_lane2-GCTGAGAC.ACAGACTG"	4
"R4_lane2-GCTGAGAC.ACTTGATA"	1
"R4_lane2-GCTGAGAC.AGCATATG"	4
"R4_lane2-GCTGAGAC.ATACATGT"	4
"R4_lane2-GCTGAGAC.ATCGACGA"	2
"R4_lane2-GCTGAGAC.ATGCTTAA"	3
"R4_lane2-GCTGAGAC.ATTACGCT"	4
"R4_lane2-GCTGAGAC.CACTAGCT"	4
"R4_lane2-GCTGAGAC.CACTGTAC"	4
"R4_lane2-GCTGAGAC.CATGTCCA"	4
"R4_lane2-GCTGAGAC.CATTGAGT"	4
"R4_lane2-GCTGAGAC.CGAATTGC"	4
"R4_lane2-GCTGAGAC.CGTACGTA"	4
"R4_lane2-GCTGAGAC.GATATAAC"	3
"R4_lane2-GCTGAGAC.GCTAACGA"	3
"R4_lane2-GCTGAGAC.GTGACTTG"	3
"R4_lane2-GCTGAGAC.TGTCTGCA"	4
"R4_lane2-GGACGACA.AAGAGCTG"	3
"R4_lane2-GGACGACA.ACAGACTG"	4
"R4_lane2-GGACGACA.ATCGACGA"	4
"R4_lane2-GGACGACA.CACTGTAC"	4
"R4_lane2-GGACGACA.GAACTATA"	4
"R4_lane2-GGACGACA.GCCATTAA"	3
"R4_lane2-GGACGACA.GTAGACAC"	4
"R4_lane2-GGACGACA.TAGGAGAC"	3
"R4_lane2-GGACGACA.TGGTTATC"	2
"R4_lane2-GGACGACA.TGTCTGCA"	4
"R4_lane2-GGACGACA.TTCTCGAG"	4
"R4_lane2-GGCGCTCA.AACGTCAG"	2
"R4_lane2-GGCGCTCA.ACTCTACG"	4
"R4_lane2-GGCGCTCA.AGTCGTAT"	1
"R4_lane2-GGCGCTCA.CACTGTAC"	4
"R4_lane2-GGCGCTCA.CGTTACTT"	4
"R4_lane2-GGCGCTCA.TAGGAGAC"	4
"R4_lane2-GGCGCTCA.TATCGCTC"	4
"R4_lane2-GGCGCTCA.TCGTGAAG"	4
"R4_lane2-GGCGCTCA.TCTACATG"	3
"R4_lane2-GGTCAGTG.AACGTCAG"	4
"R4_lane2-GGTCAGTG.AAGCCATC"	4
"R4_lane2-GGTCAGTG.ACAGACTG"	4
"R4_lane2-GGTCAGTG.ACCTCTTG"	4
"R4_lane2-GGTCAGTG.ACTTGATA"	4
"R4_lane2-GGTCAGTG.ATCGACGA"	4
"R4_lane2-GGTCAGTG.ATGCTTAA"	4
"R4_lane2-GGTCAGTG.ATTACGCT"	4
"R4_lane2-GGTCAGTG.CACTAGCT"	4
"R4_lane2-GGTCAGTG.CATTGAGT"	4
"R4_lane2-GGTCAGTG.CGCCAATA"	4
"R4_lane2-GGTCAGTG.CTACTAGG"	4
"R4_lane2-GGTCAGTG.CTTGGTTA"	4
"R4_lane2-GGTCAGTG.GTCATAGT"	2
"R4_lane2-GGTCAGTG.GTTCCGAA"	4
"R4_lane2-GGTCAGTG.TACCGGAA"	3
"R4_lane2-GGTCAGTG.TCACTGAG"	4
"R4_lane2-GGTCAGTG.TCGCATCA"	3
"R4_lane2-GGTCAGTG.TCTACATG"	4
"R4_lane2-GGTCAGTG.TCTTAGTC"	4
"R4_lane2-GGTCAGTG.TGTCTGCA"	3
"R4_lane2-GGTCAGTG.TTAACGTC"	3
"R4_lane2-GGTGCCTT.ACCTCTTG"	4
"R4_lane2-GGTGCCTT.ACGTGTGT"	4
"R4_lane2-GGTGCCTT.AGAGTGTC"	4
"R4_lane2-GGTGCCTT.ATGCTTAA"	4
"R4_lane2-GGTGCCTT.CGATGACA"	1
"R4_lane2-GGTGCCTT.CGTTACTT"	4
"R4_lane2-GGTGCCTT.CTGTCATT"	2
"R4_lane2-GGTGCCTT.GATATAAC"	4
"R4_lane2-GGTGCCTT.TCTTAGTC"	4
"R4_lane2-GGTGCCTT.TTAACGTC"	4
"R4_lane2-GTGAACGG.AACGCGTA"	3
"R4_lane2-GTGAACGG.ACTCTACG"	3
"R4_lane2-GTGAACGG.ACTGTGGA"	3
"R4_lane2-GTGAACGG.AGAGTGTC"	4
"R4_lane2-GTGAACGG.AGTCGTAT"	2
"R4_lane2-GTGAACGG.ATATCAGA"	2
"R4_lane2-GTGAACGG.ATGCTTAA"	2
"R4_lane2-GTGAACGG.CAAGCTGA"	1
"R4_lane2-GTGAACGG.CACATGGA"	3
"R4_lane2-GTGAACGG.CAGCATAT"	4
"R4_lane2-GTGAACGG.CATTGAGT"	4
"R4_lane2-GTGAACGG.CGATGACA"	4
"R4_lane2-GTGAACGG.CTGATTCT"	4
"R4_lane2-GTGAACGG.GTCATAGT"	3
"R4_lane2-GTGAACGG.GTCCATTC"	3
"R4_lane2-GTGAACGG.GTGACTTG"	3
"R4_lane2-GTGAACGG.TACCGGAA"	4
"R4_lane2-GTGAACGG.TAGGAGAC"	3
"R4_lane2-GTGAACGG.TCGGTACT"	4
"R4_lane2-GTGAACGG.TGAGGCAA"	3
"R4_lane2-GTGAACGG.TTAACGTC"	4
"R4_lane2-GTGAACGG.TTAATCGA"	4
"R4_lane2-GTGGCTGT.ACGAAGAT"	4
"R4_lane2-GTGGCTGT.AGAGTGTC"	4
"R4_lane2-GTGGCTGT.AGGTCTCA"	4
"R4_lane2-GTGGCTGT.CGTTACTT"	4
"R4_lane2-GTGGCTGT.GAACTATA"	4
"R4_lane2-GTTCCACC.ACCTCTTG"	4
"R4_lane2-GTTCCACC.AGTCGTAT"	4
"R4_lane2-GTTCCACC.CACTGTAC"	4
"R4_lane2-GTTCCACC.CCATGGAT"	4
"R4_lane2-GTTCCACC.CGCCAATA"	4
"R4_lane2-GTTCCACC.CGCTTAAT"	4
"R4_lane2-GTTCCACC.CTACTAGG"	4
"R4_lane2-GTTCCACC.CTGATTCT"	3
"R4_lane2-GTTCCACC.CTTGGTTA"	4
"R4_lane2-GTTCCACC.GATTCTTA"	3
"R4_lane2-GTTCCACC.GCAGGATT"	4
"R4_lane2-GTTCCACC.GCCATTAA"	4
"R4_lane2-GTTCCACC.GCTAACGA"	4
"R4_lane2-GTTCCACC.TACTAAGC"	4
"R4_lane2-GTTCCACC.TCAAGCCT"	4
"R4_lane2-GTTCCACC.TCACTGAG"	3
"R4_lane2-GTTCCACC.TGTAATCG"	4
"R4_lane2-GTTCCACC.TTAATCGA"	4
"R4_lane2-GTTCCACC.TTGACCAT"	3
"R4_lane2-TACACCGG.AACGTCAG"	3
"R4_lane2-TACACCGG.AAGCCATC"	3
"R4_lane2-TACACCGG.ACCTCTTG"	4
"R4_lane2-TACACCGG.ACGAAGAT"	4
"R4_lane2-TACACCGG.ACTCTACG"	4
"R4_lane2-TACACCGG.ACTGCTAC"	4
"R4_lane2-TACACCGG.ACTTGATA"	4
"R4_lane2-TACACCGG.AGGTCTCA"	4
"R4_lane2-TACACCGG.ATATCAGA"	4
"R4_lane2-TACACCGG.ATCGACGA"	4
"R4_lane2-TACACCGG.CGCCAATA"	1
"R4_lane2-TACACCGG.CTAGTGAA"	4
"R4_lane2-TACACCGG.CTGTCATT"	4
"R4_lane2-TACACCGG.CTTGGTTA"	4
"R4_lane2-TACACCGG.GATTGCAG"	3
"R4_lane2-TACACCGG.GCAGGATT"	4
"R4_lane2-TACACCGG.GCCATTAA"	4
"R4_lane2-TACACCGG.GTGACTTG"	4
"R4_lane2-TACACCGG.TAATTACG"	4
"R4_lane2-TACACCGG.TACCGGAA"	4
"R4_lane2-TACACCGG.TCGTGAAG"	3
"R4_lane2-TACACCGG.TCTTAGTC"	4
"R4_lane2-TACACCGG.TGGTTATC"	3
"R4_lane2-TACACCGG.TTCTCGAG"	4
"R4_lane2-TCCGACGC.AACGTCAG"	4
"R4_lane2-TCCGACGC.ACTTGATA"	3
"R4_lane2-TCCGACGC.AGGTCTCA"	4
"R4_lane2-TCCGACGC.ATCGACGA"	4
"R4_lane2-TCCGACGC.CTACTAGG"	4
"R4_lane2-TCGCAGGA.ACCTCTTG"	4
"R4_lane2-TCGCAGGA.ACGAAGAT"	4
"R4_lane2-TCGCAGGA.AGAGTGTC"	4
"R4_lane2-TCGCAGGA.AGCAACCT"	4
"R4_lane2-TCGCAGGA.AGCATATG"	4
"R4_lane2-TCGCAGGA.AGGTCTCA"	4
"R4_lane2-TCGCAGGA.CACATGGA"	3
"R4_lane2-TCGCAGGA.CATGTCCA"	4
"R4_lane2-TCGCAGGA.CATTGAGT"	4
"R4_lane2-TCGCAGGA.CGCTTAAT"	2
"R4_lane2-TCGCAGGA.CGTTACTT"	4
"R4_lane2-TCGCAGGA.GAACTATA"	4
"R4_lane2-TCGCAGGA.GATGATCC"	4
"R4_lane2-TCGCAGGA.GCAGGATT"	4
"R4_lane2-TCGCAGGA.GCCATTAA"	4
"R4_lane2-TCGCAGGA.GTATCTAT"	4
"R4_lane2-TCGCAGGA.GTGTAGCA"	4
"R4_lane2-TCGCAGGA.GTTCCGAA"	4
"R4_lane2-TCGCAGGA.TAGGAGAC"	4
"R4_lane2-TCGCAGGA.TCAAGCCT"	4
"R4_lane2-TCGCAGGA.TCACTGAG"	3
"R4_lane2-TCGCAGGA.TCTACATG"	3
"R4_lane2-TCGTGGAC.AACGTCAG"	4
"R4_lane2-TCGTGGAC.ACGTGTGT"	4
"R4_lane2-TCGTGGAC.ACTGCTAC"	4
"R4_lane2-TCGTGGAC.AGTTATGC"	3
"R4_lane2-TCGTGGAC.ATCGACGA"	4
"R4_lane2-TCGTGGAC.CTGATTCT"	4
"R4_lane2-TCGTGGAC.CTGTCATT"	4
"R4_lane2-TCGTGGAC.GCTAACGA"	4
"R4_lane2-TCGTGGAC.GTCCATTC"	4
"R4_lane2-TCGTGGAC.TCACTGAG"	3
"R4_lane2-TCGTGGAC.TTAACGTC"	3
"R4_lane2-TGACTGCG.ACGAAGAT"	4
"R4_lane2-TGACTGCG.ACGTTCAC"	4
"R4_lane2-TGACTGCG.ACTGCTAC"	4
"R4_lane2-TGACTGCG.ATGCTTAA"	3
"R4_lane2-TGACTGCG.CACATGGA"	3
"R4_lane2-TGACTGCG.CCATGGAT"	4
"R4_lane2-TGACTGCG.CGATGACA"	3
"R4_lane2-TGACTGCG.CTTAGAAG"	2
"R4_lane2-TGACTGCG.GATGATCC"	3
"R4_lane2-TGACTGCG.GCTAACGA"	4
"R4_lane2-TGACTGCG.GGTCAACT"	4
"R4_lane2-TGACTGCG.TACTAAGC"	4
"R4_lane2-TGACTGCG.TATCGCTC"	4
"R4_lane2-TGACTGCG.TGAGGCAA"	3
"R4_lane2-TGACTGCG.TGGCAGTT"	4
"R4_lane2-TGACTGCG.TGTCTGCA"	4
"R4_lane2-TGACTGCG.TTCTCGAG"	3
"R4_lane2-TGCTGGTG.ACTGCTAC"	4
"R4_lane2-TGCTGGTG.ACTTGATA"	4
"R4_lane2-TGCTGGTG.AGGTCTCA"	4
"R4_lane2-TGCTGGTG.CAGCATAT"	3
"R4_lane2-TGCTGGTG.CATGTCCA"	4
"R4_lane2-TGCTGGTG.CGAATTGC"	3
"R4_lane2-TGCTGGTG.GATTCTTA"	3
"R4_lane2-TGCTGGTG.GTTCCGAA"	3
"R4_lane2-TGCTGGTG.TCGTGAAG"	3
"R4_lane2-TGGAGAGG.ACTGTGGA"	4
"R4_lane2-TGGAGAGG.CAAGCTGA"	1
"R4_lane2-TGGAGAGG.GAACTATA"	4
"R4_lane2-TGGAGAGG.GCAGGATT"	4
"R4_lane2-TGGAGAGG.GGATTGCT"	3
"R4_lane2-TGGAGAGG.GGTCAACT"	4
"R4_lane2-TGGAGAGG.GTAGACAC"	4
"R4_lane2-TGGAGAGG.TACCGGAA"	4
"R4_lane2-TGGAGAGG.TAGGAGAC"	4
"R4_lane2-TGGAGAGG.TTAACGTC"	1
"R4_lane2-TTGTGCCG.AACGCGTA"	3
"R4_lane2-TTGTGCCG.AAGAGCTG"	4
"R4_lane2-TTGTGCCG.ACGTGTGT"	4
"R4_lane2-TTGTGCCG.ACTCTACG"	4
"R4_lane2-TTGTGCCG.AGTTATGC"	2
"R4_lane2-TTGTGCCG.ATGCTTAA"	4
"R4_lane2-TTGTGCCG.ATTACGCT"	4
"R4_lane2-TTGTGCCG.CAAGCTGA"	3
"R4_lane2-TTGTGCCG.CACATGGA"	4
"R4_lane2-TTGTGCCG.CTACTAGG"	4
"R4_lane2-TTGTGCCG.CTTGGTTA"	4
"R4_lane2-TTGTGCCG.GATTCTTA"	4
"R4_lane2-TTGTGCCG.GATTGCAG"	4
"R4_lane2-TTGTGCCG.GCCATTAA"	4
"R4_lane2-TTGTGCCG.GTCATAGT"	3
"R4_lane2-TTGTGCCG.TACTAAGC"	4
"R4_lane2-TTGTGCCG.TCAAGCCT"	4
"R4_lane2-TTGTGCCG.TCCGTCTA"	3
"R4_lane2-TTGTGCCG.TCGGTACT"	4
"R4_lane2-TTGTGCCG.TCTACATG"	4
"R4_lane2-TTGTGCCG.TTAATCGA"	4
"R4_lane2-TTGTGCCG.TTCGCTCA"	4
"R5_lane1-AAGCCGGT.AAGAGCTG"	4
"R5_lane1-AAGCCGGT.AGTTATGC"	3
"R5_lane1-AAGCCGGT.ATACGCCA"	4
"R5_lane1-AAGCCGGT.ATGCTTAA"	4
"R5_lane1-AAGCCGGT.CATGTCCA"	4
"R5_lane1-AAGCCGGT.CCTTATAG"	4
"R5_lane1-AAGCCGGT.CGATGACA"	4
"R5_lane1-AAGCCGGT.CGTACGTA"	4
"R5_lane1-AAGCCGGT.CTACTAGG"	2
"R5_lane1-AAGCCGGT.CTTAGAAG"	4
"R5_lane1-AAGCCGGT.GGTGTCAT"	4
"R5_lane1-AAGCCGGT.GTAGTTCG"	3
"R5_lane1-AAGCCGGT.TACTAAGC"	3
"R5_lane1-AAGCCGGT.TAGGAGAC"	4
"R5_lane1-AAGCCGGT.TATCGCTC"	3
"R5_lane1-AAGCCGGT.TATCTTGT"	3
"R5_lane1-AAGCCGGT.TCAAGCCT"	4
"R5_lane1-AAGCCGGT.TCACTGAG"	3
"R5_lane1-AAGCCGGT.TCGCATCA"	4
"R5_lane1-AAGCCGGT.TGTAATCG"	4
"R5_lane1-AAGCCGGT.TTCTCGAG"	4
"R5_lane1-ACCACCAC.AAGCCATC"	4
"R5_lane1-ACCACCAC.ACAGACTG"	4
"R5_lane1-ACCACCAC.ACTGCTAC"	4
"R5_lane1-ACCACCAC.AGTCGTAT"	4
"R5_lane1-ACCACCAC.ATGCTTAA"	4
"R5_lane1-ACCACCAC.CGCCAATA"	3
"R5_lane1-ACCACCAC.CTTGGTTA"	4
"R5_lane1-ACCACCAC.GTTCCGAA"	4
"R5_lane1-ACCACCAC.TACTAAGC"	4
"R5_lane1-ACCACCAC.TCAAGCCT"	4
"R5_lane1-ACCACCAC.TCGCATCA"	4
"R5_lane1-ACCACCAC.TGGTTATC"	4
"R5_lane1-ACGATGCC.AAGAGCTG"	3
"R5_lane1-ACGATGCC.ACCTCTTG"	4
"R5_lane1-ACGATGCC.ACTCTACG"	3
"R5_lane1-ACGATGCC.ACTGTGGA"	4
"R5_lane1-ACGATGCC.AGCATATG"	4
"R5_lane1-ACGATGCC.CATGTCCA"	4
"R5_lane1-ACGATGCC.CATTGAGT"	3
"R5_lane1-ACGATGCC.CGAATTGC"	4
"R5_lane1-ACGATGCC.CGCTTAAT"	3
"R5_lane1-ACGATGCC.CGTTACTT"	4
"R5_lane1-ACGATGCC.GGATTGCT"	3
"R5_lane1-ACGATGCC.GTAGTTCG"	4
"R5_lane1-ACGATGCC.GTGACTTG"	2
"R5_lane1-ACGATGCC.GTTCCGAA"	4
"R5_lane1-ACGATGCC.TACCGGAA"	4
"R5_lane1-ACGATGCC.TAGGAGAC"	3
"R5_lane1-ACGATGCC.TCAAGCCT"	4
"R5_lane1-ACGATGCC.TCGGTACT"	4
"R5_lane1-ACGATGCC.TGACCTTG"	1
"R5_lane1-ACGATGCC.TTAATCGA"	4
"R5_lane1-AGCGTCTC.AAGAGCTG"	4
"R5_lane1-AGCGTCTC.AGAGTGTC"	4
"R5_lane1-AGCGTCTC.AGCATATG"	4
"R5_lane1-AGCGTCTC.CCATGGAT"	4
"R5_lane1-AGCGTCTC.CGATGACA"	4
"R5_lane1-AGCGTCTC.CTTGGTTA"	1
"R5_lane1-AGCGTCTC.GGTGTCAT"	4
"R5_lane1-AGCGTCTC.TCCGTCTA"	4
"R5_lane1-AGCGTCTC.TGAGGCAA"	4
"R5_lane1-AGGCTCAG.AAGAGCTG"	4
"R5_lane1-AGGCTCAG.ACCTCTTG"	4
"R5_lane1-AGGCTCAG.AGTCGTAT"	4
"R5_lane1-AGGCTCAG.CACTGTAC"	4
"R5_lane1-AGGCTCAG.CCTTATAG"	3
"R5_lane1-AGGCTCAG.CGTTACTT"	4
"R5_lane1-AGGCTCAG.GATGATCC"	4
"R5_lane1-AGGCTCAG.GATTGCAG"	4
"R5_lane1-AGGCTCAG.GTAGTTCG"	3
"R5_lane1-AGGCTCAG.GTCCATTC"	4
"R5_lane1-AGTACGCG.AAGAGCTG"	4
"R5_lane1-AGTACGCG.ACTTGATA"	4
"R5_lane1-AGTACGCG.ATCGACGA"	4
"R5_lane1-AGTACGCG.CCTTATAG"	4
"R5_lane1-AGTACGCG.CGAATTGC"	4
"R5_lane1-AGTACGCG.CGTTACTT"	2
"R5_lane1-AGTACGCG.CTAGTGAA"	4
"R5_lane1-AGTACGCG.GTATCTAT"	4
"R5_lane1-AGTACGCG.GTGACTTG"	4
"R5_lane1-AGTACGCG.TAATTACG"	2
"R5_lane1-AGTACGCG.TATCGCTC"	4
"R5_lane1-AGTACGCG.TCGTGAAG"	4
"R5_lane1-AGTACGCG.TGGTTATC"	4
"R5_lane1-AGTACGCG.TTGACCAT"	4
"R5_lane1-AGTGGTGC.ACGAAGAT"	4
"R5_lane1-AGTGGTGC.ACGTGTGT"	4
"R5_lane1-AGTGGTGC.ACGTTCAC"	3
"R5_lane1-AGTGGTGC.CGATGACA"	4
"R5_lane1-AGTGGTGC.CGTTACTT"	4
"R5_lane1-AGTGGTGC.CTTAGAAG"	3
"R5_lane1-AGTGGTGC.GCCATTAA"	4
"R5_lane1-AGTGGTGC.TTAATCGA"	4
"R5_lane1-ATCCGCGG.AACGCGTA"	4
"R5_lane1-ATCCGCGG.ACGAAGAT"	3
"R5_lane1-ATCCGCGG.ATTACGCT"	4
"R5_lane1-ATCCGCGG.CACATGGA"	4
"R5_lane1-ATCCGCGG.GAACTATA"	1
"R5_lane1-ATCCGCGG.GCAGGATT"	3
"R5_lane1-ATCCGCGG.GGTGTCAT"	4
"R5_lane1-ATCCGCGG.TCGCATCA"	4
"R5_lane1-ATCCGCGG.TGACCTTG"	2
"R5_lane1-ATCCGCGG.TTCGCTCA"	3
"R5_lane1-CAACGCCG.AGTTATGC"	3
"R5_lane1-CAACGCCG.CACTGTAC"	4
"R5_lane1-CAACGCCG.CATGTCCA"	4
"R5_lane1-CAACGCCG.CCTTATAG"	4
"R5_lane1-CAACGCCG.CGTTACTT"	4
"R5_lane1-CAACGCCG.GATATAAC"	4
"R5_lane1-CAACGCCG.GATGATCC"	4
"R5_lane1-CAACGCCG.GCAGGATT"	4
"R5_lane1-CAACGCCG.GGTCAACT"	4
"R5_lane1-CAACGCCG.TAGGAGAC"	3
"R5_lane1-CAACGCCG.TCACTGAG"	1
"R5_lane1-CAACGCCG.TCGTGAAG"	4
"R5_lane1-CAACGCCG.TGTCTGCA"	4
"R5_lane1-CACCGTGA.ACTCTACG"	3
"R5_lane1-CACCGTGA.AGTCGTAT"	4
"R5_lane1-CACCGTGA.CGTTACTT"	4
"R5_lane1-CACCGTGA.GTGACTTG"	4
"R5_lane1-CACCGTGA.TGTAATCG"	4
"R5_lane1-CACCTGTG.ATGCTTAA"	4
"R5_lane1-CACCTGTG.CATGTCCA"	3
"R5_lane1-CACCTGTG.CGTTACTT"	4
"R5_lane1-CACCTGTG.CTTGGTTA"	3
"R5_lane1-CACCTGTG.GAGTACGT"	4
"R5_lane1-CACCTGTG.TAGGAGAC"	4
"R5_lane1-CACCTGTG.TGACCTTG"	3
"R5_lane1-CACCTGTG.TGCAGTGA"	4
"R5_lane1-CATAGCGC.AACGTCAG"	4
"R5_lane1-CATAGCGC.ACCTCTTG"	4
"R5_lane1-CATAGCGC.AGGTCTCA"	4
"R5_lane1-CATAGCGC.AGTTATGC"	3
"R5_lane1-CATAGCGC.CACATGGA"	3
"R5_lane1-CATAGCGC.CATGTCCA"	4
"R5_lane1-CATAGCGC.CGTTACTT"	4
"R5_lane1-CATAGCGC.CTTGGTTA"	1
"R5_lane1-CATAGCGC.GAACTATA"	4
"R5_lane1-CATAGCGC.GATTCTTA"	4
"R5_lane1-CATAGCGC.GGTGTCAT"	4
"R5_lane1-CATAGCGC.GTTCCGAA"	4
"R5_lane1-CATAGCGC.TCAGATGC"	4
"R5_lane1-CATAGCGC.TCTTAGTC"	3
"R5_lane1-CATAGCGC.TGTCTGCA"	1
"R5_lane1-CCGCTACG.AACGCGTA"	4
"R5_lane1-CCGCTACG.AGAGTGTC"	4
"R5_lane1-CCGCTACG.AGCATATG"	4
"R5_lane1-CCGCTACG.CGATGACA"	4
"R5_lane1-CCGCTACG.CGCCAATA"	4
"R5_lane1-CCGCTACG.CTACTAGG"	3
"R5_lane1-CCGCTACG.CTTGGTTA"	4
"R5_lane1-CCGCTACG.GATGATCC"	4
"R5_lane1-CCGCTACG.GTCCATTC"	3
"R5_lane1-CCGCTACG.TACTAAGC"	4
"R5_lane1-CCGCTACG.TAGGAGAC"	4
"R5_lane1-CCGCTACG.TCCGTCTA"	3
"R5_lane1-CCGGTGGT.AAGCCATC"	4
"R5_lane1-CCGGTGGT.AATCAGAG"	4
"R5_lane1-CCGGTGGT.ACGTGTGT"	4
"R5_lane1-CCGGTGGT.ACGTTCAC"	4
"R5_lane1-CCGGTGGT.AGCAACCT"	4
"R5_lane1-CCGGTGGT.CACTAGCT"	4
"R5_lane1-CCGGTGGT.CGTTACTT"	4
"R5_lane1-CCGGTGGT.CTAGTGAA"	4
"R5_lane1-CCGGTGGT.TATCTTGT"	4
"R5_lane1-CCGGTGGT.TCAGATGC"	4
"R5_lane1-CCGGTGGT.TGTAATCG"	4
"R5_lane1-CCGGTGGT.TTAACGTC"	4
"R5_lane1-CCTTGACC.AGCAACCT"	4
"R5_lane1-CCTTGACC.AGTCGTAT"	4
"R5_lane1-CCTTGACC.ATCCGATT"	4
"R5_lane1-CCTTGACC.ATCGACGA"	3
"R5_lane1-CCTTGACC.CAAGCTGA"	3
"R5_lane1-CCTTGACC.CCTTATAG"	4
"R5_lane1-CCTTGACC.CGATGACA"	4
"R5_lane1-CCTTGACC.GAACTATA"	4
"R5_lane1-CCTTGACC.GGTGTCAT"	2
"R5_lane1-CCTTGACC.GTAGACAC"	4
"R5_lane1-CCTTGACC.GTGACTTG"	3
"R5_lane1-CCTTGACC.TCGGTACT"	4
"R5_lane1-CCTTGACC.TGAGGCAA"	4
"R5_lane1-CCTTGACC.TTAATCGA"	4
"R5_lane1-CGACATGG.AACGCGTA"	4
"R5_lane1-CGACATGG.AGGTCTCA"	4
"R5_lane1-CGACATGG.ATACATGT"	4
"R5_lane1-CGACATGG.ATCGACGA"	3
"R5_lane1-CGACATGG.CATGTCCA"	2
"R5_lane1-CGACATGG.CGCTTAAT"	4
"R5_lane1-CGACATGG.CTAGTGAA"	4
"R5_lane1-CGACATGG.GATGATCC"	4
"R5_lane1-CGACATGG.GGTCAACT"	4
"R5_lane1-CGACATGG.GGTGTCAT"	3
"R5_lane1-CGACATGG.GTCCATTC"	3
"R5_lane1-CGACATGG.TACCGGAA"	4
"R5_lane1-CGACATGG.TATCGCTC"	3
"R5_lane1-CGACATGG.TCAAGCCT"	4
"R5_lane1-CGACATGG.TGCAGTGA"	4
"R5_lane1-CGAGAACC.AACGCGTA"	4
"R5_lane1-CGAGAACC.AAGAGCTG"	2
"R5_lane1-CGAGAACC.ACAGACTG"	4
"R5_lane1-CGAGAACC.ACGTTCAC"	3
"R5_lane1-CGAGAACC.ACTGTGGA"	4
"R5_lane1-CGAGAACC.AGCATATG"	4
"R5_lane1-CGAGAACC.ATGCTTAA"	4
"R5_lane1-CGAGAACC.CAAGCTGA"	3
"R5_lane1-CGAGAACC.CTGTCATT"	4
"R5_lane1-CGAGAACC.GATATAAC"	4
"R5_lane1-CGAGAACC.GATTGCAG"	3
"R5_lane1-CGAGAACC.GCAGGATT"	3
"R5_lane1-CGAGAACC.GTAGACAC"	3
"R5_lane1-CGAGAACC.TAGGAGAC"	4
"R5_lane1-CGAGAACC.TCCGTCTA"	3
"R5_lane1-CGAGAACC.TCTACATG"	3
"R5_lane1-CGAGAACC.TGTCTGCA"	4
"R5_lane1-CGATGCTC.ACAGACTG"	3
"R5_lane1-CGATGCTC.ATCCGATT"	4
"R5_lane1-CGATGCTC.CGAATTGC"	4
"R5_lane1-CGATGCTC.CGCTTAAT"	4
"R5_lane1-CGATGCTC.GCAGGATT"	4
"R5_lane1-CGATGCTC.GGTGTCAT"	4
"R5_lane1-CGATGCTC.GTAGACAC"	4
"R5_lane1-CGATGCTC.GTATCTAT"	2
"R5_lane1-CGATGCTC.GTCCATTC"	4
"R5_lane1-CGATGCTC.TACCGGAA"	4
"R5_lane1-CGATGCTC.TAGGAGAC"	4
"R5_lane1-CGCGCAAT.AACGCGTA"	4
"R5_lane1-CGCGCAAT.ACAGACTG"	3
"R5_lane1-CGCGCAAT.ACGTGTGT"	3
"R5_lane1-CGCGCAAT.ACGTTCAC"	3
"R5_lane1-CGCGCAAT.ATCCGATT"	3
"R5_lane1-CGCGCAAT.CACTGTAC"	4
"R5_lane1-CGCGCAAT.CATTGAGT"	4
"R5_lane1-CGCGCAAT.CTACTAGG"	4
"R5_lane1-CGCGCAAT.TACCGGAA"	3
"R5_lane1-CGCTGTCT.AATCAGAG"	4
"R5_lane1-CGCTGTCT.ACCTCTTG"	4
"R5_lane1-CGCTGTCT.ACGAAGAT"	4
"R5_lane1-CGCTGTCT.AGGTCTCA"	3
"R5_lane1-CGCTGTCT.ATATCAGA"	4
"R5_lane1-CGCTGTCT.ATGCTTAA"	4
"R5_lane1-CGCTGTCT.CAAGCTGA"	4
"R5_lane1-CGCTGTCT.CAGCATAT"	3
"R5_lane1-CGCTGTCT.CGATGACA"	4
"R5_lane1-CGCTGTCT.CGCTTAAT"	4
"R5_lane1-CGCTGTCT.CGTTACTT"	3
"R5_lane1-CGCTGTCT.CTACTAGG"	4
"R5_lane1-CGCTGTCT.CTGATTCT"	4
"R5_lane1-CGCTGTCT.GAGTACGT"	4
"R5_lane1-CGCTGTCT.GTCATAGT"	3
"R5_lane1-CGCTGTCT.TCGGTACT"	3
"R5_lane1-CGCTGTCT.TGAGGCAA"	4
"R5_lane1-CGGCACCA.ACGTTCAC"	4
"R5_lane1-CGGCACCA.ATATCAGA"	1
"R5_lane1-CGGCACCA.CACATGGA"	2
"R5_lane1-CGGCACCA.CGATGACA"	4
"R5_lane1-CGGCACCA.CTACTAGG"	3
"R5_lane1-CGGCACCA.CTTGGTTA"	4
"R5_lane1-CGGCACCA.GATATAAC"	4
"R5_lane1-CGGCACCA.GTGTAGCA"	3
"R5_lane1-CGGCACCA.GTTCCGAA"	4
"R5_lane1-CGGCACCA.TGGTTATC"	4
"R5_lane1-CGGCACCA.TGTAATCG"	4
"R5_lane1-CGTGTTCG.AACGTCAG"	3
"R5_lane1-CGTGTTCG.ACTTGATA"	3
"R5_lane1-CGTGTTCG.AGCATATG"	3
"R5_lane1-CGTGTTCG.AGTCGTAT"	4
"R5_lane1-CGTGTTCG.CCATGGAT"	4
"R5_lane1-CGTGTTCG.CGCCAATA"	4
"R5_lane1-CGTGTTCG.CTACTAGG"	3
"R5_lane1-CGTGTTCG.CTTAGAAG"	2
"R5_lane1-CGTGTTCG.CTTGGTTA"	3
"R5_lane1-CGTGTTCG.GAACTATA"	4
"R5_lane1-CGTGTTCG.GTGACTTG"	4
"R5_lane1-CGTGTTCG.TCGTGAAG"	3
"R5_lane1-CGTGTTCG.TGAGGCAA"	4
"R5_lane1-CTCGCCGA.AGCAACCT"	3
"R5_lane1-CTCGCCGA.ATGCTTAA"	3
"R5_lane1-CTCGCCGA.CACTGTAC"	4
"R5_lane1-CTCGCCGA.CGATGACA"	4
"R5_lane1-CTCGCCGA.GATTCTTA"	4
"R5_lane1-CTCGCCGA.GGTCAACT"	4
"R5_lane1-CTCGCCGA.GTCATAGT"	4
"R5_lane1-CTCGCCGA.TAGGAGAC"	4
"R5_lane1-CTCGCCGA.TCGTGAAG"	4
"R5_lane1-GACCGAAG.ACTGCTAC"	2
"R5_lane1-GACCGAAG.AGGTCTCA"	4
"R5_lane1-GACCGAAG.ATACATGT"	4
"R5_lane1-GACCGAAG.CAAGCTGA"	3
"R5_lane1-GACCGAAG.CACTAGCT"	4
"R5_lane1-GACCGAAG.CACTGTAC"	4
"R5_lane1-GACCGAAG.CCATGGAT"	4
"R5_lane1-GACCGAAG.CGAATTGC"	1
"R5_lane1-GACCGAAG.CGATGACA"	4
"R5_lane1-GACCGAAG.GAGTACGT"	4
"R5_lane1-GACCGAAG.GCTAACGA"	3
"R5_lane1-GACCGAAG.GTCCATTC"	3
"R5_lane1-GACCGAAG.TACCGGAA"	4
"R5_lane1-GACCGAAG.TCACTGAG"	3
"R5_lane1-GACCGAAG.TGCAGTGA"	4
"R5_lane1-GACTGCCA.ACCTCTTG"	4
"R5_lane1-GACTGCCA.CAGTCCAA"	3
"R5_lane1-GACTGCCA.GGTGTCAT"	4
"R5_lane1-GACTGCCA.TACCGGAA"	4
"R5_lane1-GACTGCCA.TCAAGCCT"	4
"R5_lane1-GACTGCCA.TTCTCGAG"	4
"R5_lane1-GAGCCTAC.ACTCTACG"	4
"R5_lane1-GAGCCTAC.ACTTGATA"	4
"R5_lane1-GAGCCTAC.AGTCGTAT"	4
"R5_lane1-GAGCCTAC.ATACATGT"	4
"R5_lane1-GAGCCTAC.ATATCAGA"	4
"R5_lane1-GAGCCTAC.ATCGACGA"	4
"R5_lane1-GAGCCTAC.CCATGGAT"	4
"R5_lane1-GAGCCTAC.CGATGACA"	4
"R5_lane1-GAGCCTAC.CGCCAATA"	4
"R5_lane1-GAGCCTAC.GTAGTTCG"	3
"R5_lane1-GAGCCTAC.TATCTTGT"	3
"R5_lane1-GAGCCTAC.TCAAGCCT"	4
"R5_lane1-GAGCCTAC.TCGGTACT"	4
"R5_lane1-GCACCATG.ATGCTTAA"	4
"R5_lane1-GCACCATG.CAAGCTGA"	4
"R5_lane1-GCACCATG.CACTGTAC"	4
"R5_lane1-GCACCATG.CAGCATAT"	4
"R5_lane1-GCACCATG.CGAATTGC"	3
"R5_lane1-GCACCATG.CGTTACTT"	4
"R5_lane1-GCACCATG.GATTCTTA"	4
"R5_lane1-GCACCATG.GCTAACGA"	3
"R5_lane1-GCACCATG.GTGACTTG"	3
"R5_lane1-GCACCATG.TACCGGAA"	4
"R5_lane1-GCACCATG.TATCTTGT"	3
"R5_lane1-GCACCATG.TCAAGCCT"	3
"R5_lane1-GCACCATG.TCACTGAG"	4
"R5_lane1-GCGCACAT.ACCTCTTG"	4
"R5_lane1-GCGCACAT.ACTTGATA"	4
"R5_lane1-GCGCACAT.ATACATGT"	4
"R5_lane1-GCGCACAT.CACTGTAC"	4
"R5_lane1-GCGCACAT.CATTGAGT"	4
"R5_lane1-GCGCACAT.CGAATTGC"	4
"R5_lane1-GCGCACAT.GTGTAGCA"	4
"R5_lane1-GCGCACAT.TACCGGAA"	4
"R5_lane1-GCGCACAT.TCCGTCTA"	4
"R5_lane1-GCGCACAT.TCGCATCA"	3
"R5_lane1-GCGCACAT.TGGTTATC"	4
"R5_lane1-GCTACGGT.AGTTATGC"	4
"R5_lane1-GCTACGGT.CACTGTAC"	3
"R5_lane1-GCTACGGT.CTGTCATT"	4
"R5_lane1-GCTACGGT.GATTCTTA"	4
"R5_lane1-GCTACGGT.GTCCATTC"	4
"R5_lane1-GCTACGGT.TAATTACG"	3
"R5_lane1-GCTACGGT.TCAGATGC"	4
"R5_lane1-GCTACGGT.TCGCATCA"	4
"R5_lane1-GCTACGGT.TCGTGAAG"	4
"R5_lane1-GCTACGGT.TGGTTATC"	4
"R5_lane1-GCTAGTCG.AACGCGTA"	4
"R5_lane1-GCTAGTCG.AAGCCATC"	4
"R5_lane1-GCTAGTCG.ACAGACTG"	4
"R5_lane1-GCTAGTCG.ACTTGATA"	4
"R5_lane1-GCTAGTCG.AGCATATG"	2
"R5_lane1-GCTAGTCG.GATGATCC"	4
"R5_lane1-GCTAGTCG.TAATTACG"	3
"R5_lane1-GCTAGTCG.TGTAATCG"	4
"R5_lane1-GCTGAGAC.ACGAAGAT"	3
"R5_lane1-GCTGAGAC.ACGTGTGT"	3
"R5_lane1-GCTGAGAC.ACTCTACG"	4
"R5_lane1-GCTGAGAC.AGGTCTCA"	4
"R5_lane1-GCTGAGAC.ATCCGATT"	4
"R5_lane1-GCTGAGAC.ATTACGCT"	4
"R5_lane1-GCTGAGAC.CACATGGA"	4
"R5_lane1-GCTGAGAC.CACTAGCT"	3
"R5_lane1-GCTGAGAC.CCTTATAG"	4
"R5_lane1-GCTGAGAC.TACCGGAA"	4
"R5_lane1-GCTGAGAC.TAGGAGAC"	4
"R5_lane1-GGACGACA.AGAGTGTC"	4
"R5_lane1-GGACGACA.CATTGAGT"	4
"R5_lane1-GGACGACA.CCATGGAT"	4
"R5_lane1-GGACGACA.CGTACGTA"	4
"R5_lane1-GGACGACA.CTGATTCT"	4
"R5_lane1-GGACGACA.GCTAACGA"	4
"R5_lane1-GGACGACA.GGTCAACT"	4
"R5_lane1-GGACGACA.GTAGACAC"	3
"R5_lane1-GGCGCTCA.AGGTCTCA"	4
"R5_lane1-GGCGCTCA.AGTCGTAT"	4
"R5_lane1-GGCGCTCA.ATCGACGA"	4
"R5_lane1-GGCGCTCA.CACATGGA"	1
"R5_lane1-GGCGCTCA.CCATGGAT"	4
"R5_lane1-GGCGCTCA.CTTGGTTA"	4
"R5_lane1-GGCGCTCA.GATATAAC"	4
"R5_lane1-GGCGCTCA.GATGATCC"	4
"R5_lane1-GGCGCTCA.GCTAACGA"	4
"R5_lane1-GGCGCTCA.TACCGGAA"	4
"R5_lane1-GGCGCTCA.TCAAGCCT"	3
"R5_lane1-GGCGCTCA.TTCTCGAG"	4
"R5_lane1-GGTCAGTG.ACCTCTTG"	4
"R5_lane1-GGTCAGTG.ACTTGATA"	4
"R5_lane1-GGTCAGTG.ATATCAGA"	4
"R5_lane1-GGTCAGTG.CACATGGA"	4
"R5_lane1-GGTCAGTG.CGTTACTT"	4
"R5_lane1-GGTCAGTG.GATATAAC"	4
"R5_lane1-GGTCAGTG.GTAGACAC"	4
"R5_lane1-GGTCAGTG.GTTCCGAA"	4
"R5_lane1-GGTCAGTG.TACCGGAA"	4
"R5_lane1-GGTCAGTG.TCGGTACT"	4
"R5_lane1-GGTCAGTG.TTCGCTCA"	4
"R5_lane1-GGTGCCTT.AGCAACCT"	4
"R5_lane1-GGTGCCTT.AGTTATGC"	3
"R5_lane1-GGTGCCTT.CACTAGCT"	4
"R5_lane1-GGTGCCTT.CATGTCCA"	4
"R5_lane1-GGTGCCTT.CATTGAGT"	4
"R5_lane1-GGTGCCTT.CGATGACA"	4
"R5_lane1-GGTGCCTT.CGCCAATA"	4
"R5_lane1-GGTGCCTT.CGTTACTT"	4
"R5_lane1-GGTGCCTT.GATTGCAG"	4
"R5_lane1-GGTGCCTT.TACTAAGC"	4
"R5_lane1-GGTGCCTT.TCGGTACT"	4
"R5_lane1-GGTGCCTT.TGTCTGCA"	4
"R5_lane1-GGTGCCTT.TTAATCGA"	4
"R5_lane1-GTGAACGG.AAGCCATC"	4
"R5_lane1-GTGAACGG.AATCAGAG"	4
"R5_lane1-GTGAACGG.AGAGTGTC"	4
"R5_lane1-GTGAACGG.AGCAACCT"	4
"R5_lane1-GTGAACGG.AGGTCTCA"	4
"R5_lane1-GTGAACGG.ATTACGCT"	2
"R5_lane1-GTGAACGG.CATGTCCA"	4
"R5_lane1-GTGAACGG.CATTGAGT"	4
"R5_lane1-GTGAACGG.CGAATTGC"	3
"R5_lane1-GTGAACGG.CTGTCATT"	4
"R5_lane1-GTGAACGG.CTTAGAAG"	3
"R5_lane1-GTGAACGG.GCAGGATT"	4
"R5_lane1-GTGAACGG.TACCGGAA"	4
"R5_lane1-GTGAACGG.TGTAATCG"	4
"R5_lane1-GTGAACGG.TGTCTGCA"	4
"R5_lane1-GTGGCTGT.AACGTCAG"	4
"R5_lane1-GTGGCTGT.ACTGTGGA"	4
"R5_lane1-GTGGCTGT.ACTTGATA"	4
"R5_lane1-GTGGCTGT.AGCAACCT"	4
"R5_lane1-GTGGCTGT.ATACATGT"	4
"R5_lane1-GTGGCTGT.GATGATCC"	4
"R5_lane1-GTGGCTGT.GCCATTAA"	4
"R5_lane1-GTGGCTGT.TACTAAGC"	4
"R5_lane1-GTGGCTGT.TGTAATCG"	4
"R5_lane1-GTGGCTGT.TTCTCGAG"	4
"R5_lane1-GTTCCACC.ACAGACTG"	4
"R5_lane1-GTTCCACC.ACCTCTTG"	4
"R5_lane1-GTTCCACC.ACGTTCAC"	4
"R5_lane1-GTTCCACC.ATGCTTAA"	4
"R5_lane1-GTTCCACC.ATTACGCT"	4
"R5_lane1-GTTCCACC.CTACTAGG"	4
"R5_lane1-GTTCCACC.GCAGGATT"	3
"R5_lane1-GTTCCACC.GTAGTTCG"	1
"R5_lane1-GTTCCACC.GTCATAGT"	1
"R5_lane1-GTTCCACC.GTGACTTG"	4
"R5_lane1-GTTCCACC.TAATTACG"	3
"R5_lane1-GTTCCACC.TAGGAGAC"	4
"R5_lane1-GTTCCACC.TATCTTGT"	3
"R5_lane1-GTTCCACC.TCGGTACT"	4
"R5_lane1-GTTCCACC.TCTTAGTC"	3
"R5_lane1-TACACCGG.AAGCCATC"	4
"R5_lane1-TACACCGG.ACGAAGAT"	4
"R5_lane1-TACACCGG.AGGTCTCA"	4
"R5_lane1-TACACCGG.CGTTACTT"	4
"R5_lane1-TACACCGG.GGTGTCAT"	4
"R5_lane1-TACACCGG.GTCATAGT"	3
"R5_lane1-TACACCGG.GTGACTTG"	4
"R5_lane1-TACACCGG.GTTCCGAA"	4
"R5_lane1-TACACCGG.TCAGATGC"	4
"R5_lane1-TACACCGG.TGGCAGTT"	4
"R5_lane1-TCCGACGC.AAGAGCTG"	4
"R5_lane1-TCCGACGC.ACTCTACG"	4
"R5_lane1-TCCGACGC.AGTCGTAT"	4
"R5_lane1-TCCGACGC.AGTTATGC"	3
"R5_lane1-TCCGACGC.ATCCGATT"	3
"R5_lane1-TCCGACGC.CGCTTAAT"	4
"R5_lane1-TCCGACGC.CTTGGTTA"	4
"R5_lane1-TCCGACGC.GCTAACGA"	4
"R5_lane1-TCCGACGC.GGTCAACT"	4
"R5_lane1-TCCGACGC.GGTGTCAT"	4
"R5_lane1-TCCGACGC.TCAGATGC"	4
"R5_lane1-TCCGACGC.TCGGTACT"	4
"R5_lane1-TCCGACGC.TTGACCAT"	4
"R5_lane1-TCGCAGGA.AACGCGTA"	4
"R5_lane1-TCGCAGGA.ACCTCTTG"	4
"R5_lane1-TCGCAGGA.AGCATATG"	3
"R5_lane1-TCGCAGGA.ATACATGT"	3
"R5_lane1-TCGCAGGA.ATACGCCA"	2
"R5_lane1-TCGCAGGA.CACTAGCT"	4
"R5_lane1-TCGCAGGA.CGCCAATA"	4
"R5_lane1-TCGCAGGA.CGCTTAAT"	4
"R5_lane1-TCGCAGGA.GAACTATA"	3
"R5_lane1-TCGCAGGA.GCAGGATT"	4
"R5_lane1-TCGCAGGA.GCCATTAA"	3
"R5_lane1-TCGCAGGA.GTAGACAC"	4
"R5_lane1-TCGCAGGA.GTGACTTG"	4
"R5_lane1-TCGCAGGA.GTGTAGCA"	4
"R5_lane1-TCGCAGGA.TAGGAGAC"	1
"R5_lane1-TCGCAGGA.TATCGCTC"	4
"R5_lane1-TCGCAGGA.TCAGATGC"	4
"R5_lane1-TCGCAGGA.TCCGTCTA"	4
"R5_lane1-TCGCAGGA.TCGCATCA"	4
"R5_lane1-TCGCAGGA.TGAGGCAA"	4
"R5_lane1-TCGCAGGA.TTAATCGA"	4
"R5_lane1-TCGTGGAC.AACGCGTA"	4
"R5_lane1-TCGTGGAC.ACTGCTAC"	3
"R5_lane1-TCGTGGAC.AGCAACCT"	4
"R5_lane1-TCGTGGAC.AGCATATG"	4
"R5_lane1-TCGTGGAC.CACTGTAC"	4
"R5_lane1-TCGTGGAC.CAGTCCAA"	3
"R5_lane1-TCGTGGAC.CCATGGAT"	4
"R5_lane1-TCGTGGAC.CTGATTCT"	3
"R5_lane1-TCGTGGAC.GGTGTCAT"	4
"R5_lane1-TCGTGGAC.GTGACTTG"	1
"R5_lane1-TCGTGGAC.GTGTAGCA"	4
"R5_lane1-TCGTGGAC.TGTAATCG"	4
"R5_lane1-TGACTGCG.AATCAGAG"	4
"R5_lane1-TGACTGCG.ACGAAGAT"	4
"R5_lane1-TGACTGCG.AGTTATGC"	4
"R5_lane1-TGACTGCG.ATACGCCA"	3
"R5_lane1-TGACTGCG.ATTACGCT"	4
"R5_lane1-TGACTGCG.CAAGCTGA"	4
"R5_lane1-TGACTGCG.CGCCAATA"	4
"R5_lane1-TGACTGCG.CTTAGAAG"	3
"R5_lane1-TGACTGCG.GAACTATA"	4
"R5_lane1-TGACTGCG.GCAGGATT"	4
"R5_lane1-TGACTGCG.GCCATTAA"	3
"R5_lane1-TGACTGCG.GTCCATTC"	4
"R5_lane1-TGACTGCG.TGACCTTG"	4
"R5_lane1-TGACTGCG.TGCAGTGA"	4
"R5_lane1-TGCTGGTG.ACAGACTG"	4
"R5_lane1-TGCTGGTG.CAAGCTGA"	4
"R5_lane1-TGCTGGTG.CACATGGA"	4
"R5_lane1-TGCTGGTG.CCATGGAT"	4
"R5_lane1-TGCTGGTG.CGAATTGC"	4
"R5_lane1-TGCTGGTG.CGTTACTT"	4
"R5_lane1-TGCTGGTG.CTGTCATT"	4
"R5_lane1-TGCTGGTG.GAACTATA"	4
"R5_lane1-TGCTGGTG.GAGTACGT"	4
"R5_lane1-TGCTGGTG.GATATAAC"	4
"R5_lane1-TGCTGGTG.GGTGTCAT"	4
"R5_lane1-TGCTGGTG.GTCCATTC"	4
"R5_lane1-TGCTGGTG.TACCGGAA"	4
"R5_lane1-TGCTGGTG.TGAGGCAA"	4
"R5_lane1-TGCTGGTG.TGTCTGCA"	4
"R5_lane1-TGGAGAGG.ACTCTACG"	4
"R5_lane1-TGGAGAGG.ATCCGATT"	4
"R5_lane1-TGGAGAGG.ATTACGCT"	4
"R5_lane1-TGGAGAGG.CCTTATAG"	4
"R5_lane1-TGGAGAGG.CGAATTGC"	4
"R5_lane1-TGGAGAGG.CGTACGTA"	4
"R5_lane1-TGGAGAGG.GATATAAC"	4
"R5_lane1-TGGAGAGG.GTAGACAC"	4
"R5_lane1-TGGAGAGG.GTCATAGT"	3
"R5_lane1-TGGAGAGG.GTGTAGCA"	4
"R5_lane1-TGGAGAGG.TACCGGAA"	4
"R5_lane1-TGGAGAGG.TATCGCTC"	4
"R5_lane1-TGGAGAGG.TCGGTACT"	3
"R5_lane1-TGGAGAGG.TCGTGAAG"	4
"R5_lane1-TGGAGAGG.TGCAGTGA"	4
"R5_lane1-TGGAGAGG.TTAATCGA"	4
"R5_lane1-TGGAGAGG.TTGACCAT"	4
"R5_lane1-TTGTGCCG.AACGTCAG"	4
"R5_lane1-TTGTGCCG.ACGTTCAC"	4
"R5_lane1-TTGTGCCG.ACTGTGGA"	4
"R5_lane1-TTGTGCCG.CACATGGA"	4
"R5_lane1-TTGTGCCG.CATTGAGT"	4
"R5_lane1-TTGTGCCG.GAGTACGT"	4
"R5_lane1-TTGTGCCG.TCGCATCA"	4
"R5_lane1-TTGTGCCG.TCGGTACT"	4
"R5_lane1-TTGTGCCG.TCGTGAAG"	4
"R5_lane1-TTGTGCCG.TGTAATCG"	4
"R5_lane1-TTGTGCCG.TGTCTGCA"	4
"R5_lane2-AAGCCGGT.AAGAGCTG"	4
"R5_lane2-AAGCCGGT.AGTTATGC"	3
"R5_lane2-AAGCCGGT.ATACGCCA"	4
"R5_lane2-AAGCCGGT.ATGCTTAA"	4
"R5_lane2-AAGCCGGT.CATGTCCA"	4
"R5_lane2-AAGCCGGT.CCTTATAG"	4
"R5_lane2-AAGCCGGT.CGATGACA"	4
"R5_lane2-AAGCCGGT.CGTACGTA"	4
"R5_lane2-AAGCCGGT.CTACTAGG"	2
"R5_lane2-AAGCCGGT.CTTAGAAG"	4
"R5_lane2-AAGCCGGT.GGTGTCAT"	4
"R5_lane2-AAGCCGGT.GTAGTTCG"	3
"R5_lane2-AAGCCGGT.TACTAAGC"	3
"R5_lane2-AAGCCGGT.TAGGAGAC"	4
"R5_lane2-AAGCCGGT.TATCGCTC"	3
"R5_lane2-AAGCCGGT.TATCTTGT"	3
"R5_lane2-AAGCCGGT.TCAAGCCT"	4
"R5_lane2-AAGCCGGT.TCACTGAG"	3
"R5_lane2-AAGCCGGT.TCGCATCA"	4
"R5_lane2-AAGCCGGT.TGTAATCG"	4
"R5_lane2-AAGCCGGT.TTCTCGAG"	4
"R5_lane2-ACCACCAC.AAGCCATC"	4
"R5_lane2-ACCACCAC.ACAGACTG"	4
"R5_lane2-ACCACCAC.ACTGCTAC"	4
"R5_lane2-ACCACCAC.AGTCGTAT"	4
"R5_lane2-ACCACCAC.ATGCTTAA"	4
"R5_lane2-ACCACCAC.CGCCAATA"	3
"R5_lane2-ACCACCAC.CTTGGTTA"	4
"R5_lane2-ACCACCAC.GTTCCGAA"	4
"R5_lane2-ACCACCAC.TACTAAGC"	4
"R5_lane2-ACCACCAC.TCAAGCCT"	4
"R5_lane2-ACCACCAC.TCGCATCA"	4
"R5_lane2-ACCACCAC.TGGTTATC"	3
"R5_lane2-ACGATGCC.AAGAGCTG"	3
"R5_lane2-ACGATGCC.ACCTCTTG"	4
"R5_lane2-ACGATGCC.ACTCTACG"	3
"R5_lane2-ACGATGCC.ACTGTGGA"	4
"R5_lane2-ACGATGCC.AGCATATG"	4
"R5_lane2-ACGATGCC.CATGTCCA"	4
"R5_lane2-ACGATGCC.CATTGAGT"	3
"R5_lane2-ACGATGCC.CGAATTGC"	4
"R5_lane2-ACGATGCC.CGCTTAAT"	4
"R5_lane2-ACGATGCC.CGTTACTT"	4
"R5_lane2-ACGATGCC.GGATTGCT"	3
"R5_lane2-ACGATGCC.GTAGTTCG"	4
"R5_lane2-ACGATGCC.GTGACTTG"	2
"R5_lane2-ACGATGCC.GTTCCGAA"	4
"R5_lane2-ACGATGCC.TACCGGAA"	4
"R5_lane2-ACGATGCC.TAGGAGAC"	4
"R5_lane2-ACGATGCC.TCAAGCCT"	4
"R5_lane2-ACGATGCC.TCGGTACT"	4
"R5_lane2-ACGATGCC.TGACCTTG"	1
"R5_lane2-ACGATGCC.TTAATCGA"	4
"R5_lane2-AGCGTCTC.AAGAGCTG"	4
"R5_lane2-AGCGTCTC.AGAGTGTC"	4
"R5_lane2-AGCGTCTC.AGCATATG"	4
"R5_lane2-AGCGTCTC.CCATGGAT"	4
"R5_lane2-AGCGTCTC.CGATGACA"	4
"R5_lane2-AGCGTCTC.CTTGGTTA"	1
"R5_lane2-AGCGTCTC.GGTGTCAT"	4
"R5_lane2-AGCGTCTC.TCCGTCTA"	4
"R5_lane2-AGCGTCTC.TGAGGCAA"	4
"R5_lane2-AGGCTCAG.AAGAGCTG"	4
"R5_lane2-AGGCTCAG.ACCTCTTG"	4
"R5_lane2-AGGCTCAG.AGTCGTAT"	4
"R5_lane2-AGGCTCAG.CACTGTAC"	4
"R5_lane2-AGGCTCAG.CCTTATAG"	4
"R5_lane2-AGGCTCAG.CGTTACTT"	4
"R5_lane2-AGGCTCAG.GATGATCC"	4
"R5_lane2-AGGCTCAG.GATTGCAG"	4
"R5_lane2-AGGCTCAG.GTAGTTCG"	3
"R5_lane2-AGGCTCAG.GTCCATTC"	4
"R5_lane2-AGTACGCG.AAGAGCTG"	4
"R5_lane2-AGTACGCG.ACTTGATA"	4
"R5_lane2-AGTACGCG.ATCGACGA"	4
"R5_lane2-AGTACGCG.CCTTATAG"	4
"R5_lane2-AGTACGCG.CGAATTGC"	4
"R5_lane2-AGTACGCG.CGTTACTT"	2
"R5_lane2-AGTACGCG.CTAGTGAA"	4
"R5_lane2-AGTACGCG.GTATCTAT"	4
"R5_lane2-AGTACGCG.GTGACTTG"	4
"R5_lane2-AGTACGCG.TAATTACG"	2
"R5_lane2-AGTACGCG.TATCGCTC"	4
"R5_lane2-AGTACGCG.TCGTGAAG"	4
"R5_lane2-AGTACGCG.TGGTTATC"	4
"R5_lane2-AGTACGCG.TTGACCAT"	4
"R5_lane2-AGTGGTGC.ACGAAGAT"	4
"R5_lane2-AGTGGTGC.ACGTGTGT"	4
"R5_lane2-AGTGGTGC.ACGTTCAC"	3
"R5_lane2-AGTGGTGC.CGATGACA"	4
"R5_lane2-AGTGGTGC.CGTTACTT"	4
"R5_lane2-AGTGGTGC.CTTAGAAG"	3
"R5_lane2-AGTGGTGC.GCCATTAA"	4
"R5_lane2-AGTGGTGC.TTAATCGA"	4
"R5_lane2-ATCCGCGG.AACGCGTA"	4
"R5_lane2-ATCCGCGG.ACGAAGAT"	3
"R5_lane2-ATCCGCGG.ATTACGCT"	4
"R5_lane2-ATCCGCGG.CACATGGA"	4
"R5_lane2-ATCCGCGG.GAACTATA"	1
"R5_lane2-ATCCGCGG.GCAGGATT"	3
"R5_lane2-ATCCGCGG.GGTGTCAT"	4
"R5_lane2-ATCCGCGG.TCGCATCA"	4
"R5_lane2-ATCCGCGG.TGACCTTG"	3
"R5_lane2-ATCCGCGG.TTCGCTCA"	3
"R5_lane2-CAACGCCG.AGTTATGC"	3
"R5_lane2-CAACGCCG.CACTGTAC"	4
"R5_lane2-CAACGCCG.CATGTCCA"	4
"R5_lane2-CAACGCCG.CCTTATAG"	4
"R5_lane2-CAACGCCG.CGTTACTT"	4
"R5_lane2-CAACGCCG.GATATAAC"	4
"R5_lane2-CAACGCCG.GATGATCC"	4
"R5_lane2-CAACGCCG.GCAGGATT"	4
"R5_lane2-CAACGCCG.GGTCAACT"	4
"R5_lane2-CAACGCCG.TAGGAGAC"	3
"R5_lane2-CAACGCCG.TCACTGAG"	1
"R5_lane2-CAACGCCG.TCGTGAAG"	4
"R5_lane2-CAACGCCG.TGTCTGCA"	4
"R5_lane2-CACCGTGA.ACTCTACG"	4
"R5_lane2-CACCGTGA.AGTCGTAT"	4
"R5_lane2-CACCGTGA.CGTTACTT"	4
"R5_lane2-CACCGTGA.GTGACTTG"	4
"R5_lane2-CACCGTGA.TGTAATCG"	4
"R5_lane2-CACCTGTG.ATGCTTAA"	4
"R5_lane2-CACCTGTG.CATGTCCA"	4
"R5_lane2-CACCTGTG.CGTTACTT"	4
"R5_lane2-CACCTGTG.CTTGGTTA"	3
"R5_lane2-CACCTGTG.GAGTACGT"	4
"R5_lane2-CACCTGTG.TAGGAGAC"	4
"R5_lane2-CACCTGTG.TCGTGAAG"	3
"R5_lane2-CACCTGTG.TGACCTTG"	3
"R5_lane2-CACCTGTG.TGCAGTGA"	4
"R5_lane2-CATAGCGC.AACGTCAG"	4
"R5_lane2-CATAGCGC.ACCTCTTG"	4
"R5_lane2-CATAGCGC.AGGTCTCA"	4
"R5_lane2-CATAGCGC.AGTTATGC"	3
"R5_lane2-CATAGCGC.CACATGGA"	3
"R5_lane2-CATAGCGC.CATGTCCA"	4
"R5_lane2-CATAGCGC.CGTTACTT"	4
"R5_lane2-CATAGCGC.CTTGGTTA"	1
"R5_lane2-CATAGCGC.GAACTATA"	4
"R5_lane2-CATAGCGC.GATTCTTA"	4
"R5_lane2-CATAGCGC.GGTGTCAT"	4
"R5_lane2-CATAGCGC.GTTCCGAA"	4
"R5_lane2-CATAGCGC.TCAGATGC"	4
"R5_lane2-CATAGCGC.TCTTAGTC"	3
"R5_lane2-CATAGCGC.TGTCTGCA"	1
"R5_lane2-CCGCTACG.AACGCGTA"	4
"R5_lane2-CCGCTACG.AGAGTGTC"	4
"R5_lane2-CCGCTACG.AGCATATG"	3
"R5_lane2-CCGCTACG.CGATGACA"	4
"R5_lane2-CCGCTACG.CGCCAATA"	4
"R5_lane2-CCGCTACG.CTACTAGG"	3
"R5_lane2-CCGCTACG.CTTGGTTA"	4
"R5_lane2-CCGCTACG.GATGATCC"	4
"R5_lane2-CCGCTACG.GTCCATTC"	3
"R5_lane2-CCGCTACG.TACTAAGC"	4
"R5_lane2-CCGCTACG.TAGGAGAC"	4
"R5_lane2-CCGCTACG.TCCGTCTA"	3
"R5_lane2-CCGGTGGT.AAGCCATC"	4
"R5_lane2-CCGGTGGT.AATCAGAG"	4
"R5_lane2-CCGGTGGT.ACGTGTGT"	4
"R5_lane2-CCGGTGGT.ACGTTCAC"	4
"R5_lane2-CCGGTGGT.AGCAACCT"	4
"R5_lane2-CCGGTGGT.CACTAGCT"	3
"R5_lane2-CCGGTGGT.CGTTACTT"	4
"R5_lane2-CCGGTGGT.CTAGTGAA"	4
"R5_lane2-CCGGTGGT.TATCTTGT"	3
"R5_lane2-CCGGTGGT.TCAGATGC"	3
"R5_lane2-CCGGTGGT.TGTAATCG"	4
"R5_lane2-CCGGTGGT.TTAACGTC"	4
"R5_lane2-CCTTGACC.AGCAACCT"	4
"R5_lane2-CCTTGACC.AGTCGTAT"	3
"R5_lane2-CCTTGACC.ATCCGATT"	3
"R5_lane2-CCTTGACC.ATCGACGA"	3
"R5_lane2-CCTTGACC.CAAGCTGA"	3
"R5_lane2-CCTTGACC.CCTTATAG"	4
"R5_lane2-CCTTGACC.CGATGACA"	4
"R5_lane2-CCTTGACC.GAACTATA"	4
"R5_lane2-CCTTGACC.GGTGTCAT"	3
"R5_lane2-CCTTGACC.GTAGACAC"	4
"R5_lane2-CCTTGACC.GTGACTTG"	3
"R5_lane2-CCTTGACC.TCGGTACT"	4
"R5_lane2-CCTTGACC.TGAGGCAA"	4
"R5_lane2-CCTTGACC.TTAATCGA"	4
"R5_lane2-CGACATGG.AACGCGTA"	4
"R5_lane2-CGACATGG.AGGTCTCA"	4
"R5_lane2-CGACATGG.ATACATGT"	4
"R5_lane2-CGACATGG.ATCGACGA"	4
"R5_lane2-CGACATGG.CATGTCCA"	2
"R5_lane2-CGACATGG.CGCTTAAT"	4
"R5_lane2-CGACATGG.CTAGTGAA"	4
"R5_lane2-CGACATGG.GATGATCC"	4
"R5_lane2-CGACATGG.GGTCAACT"	4
"R5_lane2-CGACATGG.GGTGTCAT"	4
"R5_lane2-CGACATGG.GTCCATTC"	4
"R5_lane2-CGACATGG.TACCGGAA"	4
"R5_lane2-CGACATGG.TATCGCTC"	3
"R5_lane2-CGACATGG.TCAAGCCT"	4
"R5_lane2-CGACATGG.TGCAGTGA"	4
"R5_lane2-CGAGAACC.AACGCGTA"	4
"R5_lane2-CGAGAACC.AAGAGCTG"	2
"R5_lane2-CGAGAACC.ACAGACTG"	4
"R5_lane2-CGAGAACC.ACGTTCAC"	3
"R5_lane2-CGAGAACC.ACTGTGGA"	4
"R5_lane2-CGAGAACC.AGCATATG"	4
"R5_lane2-CGAGAACC.ATGCTTAA"	4
"R5_lane2-CGAGAACC.CAAGCTGA"	4
"R5_lane2-CGAGAACC.CTGTCATT"	4
"R5_lane2-CGAGAACC.GATATAAC"	4
"R5_lane2-CGAGAACC.GATTGCAG"	4
"R5_lane2-CGAGAACC.GCAGGATT"	3
"R5_lane2-CGAGAACC.GTAGACAC"	3
"R5_lane2-CGAGAACC.TAGGAGAC"	4
"R5_lane2-CGAGAACC.TCCGTCTA"	3
"R5_lane2-CGAGAACC.TCTACATG"	3
"R5_lane2-CGAGAACC.TGTCTGCA"	4
"R5_lane2-CGATGCTC.ACAGACTG"	4
"R5_lane2-CGATGCTC.ATCCGATT"	4
"R5_lane2-CGATGCTC.CGAATTGC"	3
"R5_lane2-CGATGCTC.CGCTTAAT"	4
"R5_lane2-CGATGCTC.GCAGGATT"	4
"R5_lane2-CGATGCTC.GGTGTCAT"	4
"R5_lane2-CGATGCTC.GTAGACAC"	4
"R5_lane2-CGATGCTC.GTATCTAT"	2
"R5_lane2-CGATGCTC.GTCCATTC"	4
"R5_lane2-CGATGCTC.TACCGGAA"	4
"R5_lane2-CGATGCTC.TAGGAGAC"	4
"R5_lane2-CGCGCAAT.AACGCGTA"	4
"R5_lane2-CGCGCAAT.ACAGACTG"	3
"R5_lane2-CGCGCAAT.ACGTGTGT"	3
"R5_lane2-CGCGCAAT.ACGTTCAC"	3
"R5_lane2-CGCGCAAT.ATCCGATT"	3
"R5_lane2-CGCGCAAT.CACTGTAC"	4
"R5_lane2-CGCGCAAT.CATTGAGT"	3
"R5_lane2-CGCGCAAT.CTACTAGG"	4
"R5_lane2-CGCGCAAT.TACCGGAA"	3
"R5_lane2-CGCTGTCT.AATCAGAG"	4
"R5_lane2-CGCTGTCT.ACCTCTTG"	4
"R5_lane2-CGCTGTCT.ACGAAGAT"	4
"R5_lane2-CGCTGTCT.AGGTCTCA"	3
"R5_lane2-CGCTGTCT.ATATCAGA"	4
"R5_lane2-CGCTGTCT.ATGCTTAA"	4
"R5_lane2-CGCTGTCT.CAAGCTGA"	4
"R5_lane2-CGCTGTCT.CAGCATAT"	3
"R5_lane2-CGCTGTCT.CGATGACA"	4
"R5_lane2-CGCTGTCT.CGCTTAAT"	4
"R5_lane2-CGCTGTCT.CGTTACTT"	3
"R5_lane2-CGCTGTCT.CTACTAGG"	4
"R5_lane2-CGCTGTCT.CTGATTCT"	4
"R5_lane2-CGCTGTCT.GAGTACGT"	4
"R5_lane2-CGCTGTCT.GTCATAGT"	3
"R5_lane2-CGCTGTCT.TCGGTACT"	3
"R5_lane2-CGCTGTCT.TGAGGCAA"	4
"R5_lane2-CGGCACCA.ACGTTCAC"	4
"R5_lane2-CGGCACCA.ATATCAGA"	1
"R5_lane2-CGGCACCA.CACATGGA"	2
"R5_lane2-CGGCACCA.CGATGACA"	4
"R5_lane2-CGGCACCA.CTACTAGG"	4
"R5_lane2-CGGCACCA.CTTGGTTA"	3
"R5_lane2-CGGCACCA.GATATAAC"	4
"R5_lane2-CGGCACCA.GTGTAGCA"	3
"R5_lane2-CGGCACCA.GTTCCGAA"	4
"R5_lane2-CGGCACCA.TGGTTATC"	4
"R5_lane2-CGGCACCA.TGTAATCG"	4
"R5_lane2-CGTGTTCG.AACGTCAG"	3
"R5_lane2-CGTGTTCG.ACTTGATA"	3
"R5_lane2-CGTGTTCG.AGCATATG"	3
"R5_lane2-CGTGTTCG.AGTCGTAT"	4
"R5_lane2-CGTGTTCG.CCATGGAT"	4
"R5_lane2-CGTGTTCG.CGCCAATA"	4
"R5_lane2-CGTGTTCG.CTACTAGG"	3
"R5_lane2-CGTGTTCG.CTTAGAAG"	2
"R5_lane2-CGTGTTCG.CTTGGTTA"	4
"R5_lane2-CGTGTTCG.GAACTATA"	4
"R5_lane2-CGTGTTCG.GTGACTTG"	4
"R5_lane2-CGTGTTCG.TCGTGAAG"	3
"R5_lane2-CGTGTTCG.TGAGGCAA"	3
"R5_lane2-CTCGCCGA.AGCAACCT"	3
"R5_lane2-CTCGCCGA.ATGCTTAA"	3
"R5_lane2-CTCGCCGA.CACTGTAC"	4
"R5_lane2-CTCGCCGA.CGATGACA"	4
"R5_lane2-CTCGCCGA.GATTCTTA"	4
"R5_lane2-CTCGCCGA.GGTCAACT"	4
"R5_lane2-CTCGCCGA.GTCATAGT"	4
"R5_lane2-CTCGCCGA.TAGGAGAC"	4
"R5_lane2-CTCGCCGA.TCGTGAAG"	4
"R5_lane2-GACCGAAG.ACTGCTAC"	2
"R5_lane2-GACCGAAG.AGGTCTCA"	4
"R5_lane2-GACCGAAG.ATACATGT"	4
"R5_lane2-GACCGAAG.CAAGCTGA"	3
"R5_lane2-GACCGAAG.CACTAGCT"	4
"R5_lane2-GACCGAAG.CACTGTAC"	4
"R5_lane2-GACCGAAG.CCATGGAT"	4
"R5_lane2-GACCGAAG.CGAATTGC"	1
"R5_lane2-GACCGAAG.CGATGACA"	4
"R5_lane2-GACCGAAG.GAGTACGT"	4
"R5_lane2-GACCGAAG.GCTAACGA"	3
"R5_lane2-GACCGAAG.GTCCATTC"	3
"R5_lane2-GACCGAAG.TACCGGAA"	4
"R5_lane2-GACCGAAG.TCACTGAG"	3
"R5_lane2-GACCGAAG.TGCAGTGA"	4
"R5_lane2-GACTGCCA.ACCTCTTG"	4
"R5_lane2-GACTGCCA.CAGTCCAA"	3
"R5_lane2-GACTGCCA.GGTGTCAT"	4
"R5_lane2-GACTGCCA.TACCGGAA"	4
"R5_lane2-GACTGCCA.TCAAGCCT"	4
"R5_lane2-GACTGCCA.TTCTCGAG"	4
"R5_lane2-GAGCCTAC.ACTCTACG"	4
"R5_lane2-GAGCCTAC.ACTTGATA"	4
"R5_lane2-GAGCCTAC.AGTCGTAT"	4
"R5_lane2-GAGCCTAC.ATACATGT"	4
"R5_lane2-GAGCCTAC.ATATCAGA"	4
"R5_lane2-GAGCCTAC.ATCGACGA"	4
"R5_lane2-GAGCCTAC.CCATGGAT"	4
"R5_lane2-GAGCCTAC.CGATGACA"	4
"R5_lane2-GAGCCTAC.CGCCAATA"	4
"R5_lane2-GAGCCTAC.GTAGTTCG"	3
"R5_lane2-GAGCCTAC.TATCTTGT"	3
"R5_lane2-GAGCCTAC.TCAAGCCT"	4
"R5_lane2-GAGCCTAC.TCGGTACT"	4
"R5_lane2-GCACCATG.ATGCTTAA"	4
"R5_lane2-GCACCATG.CAAGCTGA"	4
"R5_lane2-GCACCATG.CACTGTAC"	3
"R5_lane2-GCACCATG.CAGCATAT"	4
"R5_lane2-GCACCATG.CGAATTGC"	3
"R5_lane2-GCACCATG.CGTTACTT"	4
"R5_lane2-GCACCATG.GATTCTTA"	4
"R5_lane2-GCACCATG.GCTAACGA"	3
"R5_lane2-GCACCATG.GTGACTTG"	3
"R5_lane2-GCACCATG.TACCGGAA"	4
"R5_lane2-GCACCATG.TATCTTGT"	3
"R5_lane2-GCACCATG.TCAAGCCT"	3
"R5_lane2-GCACCATG.TCACTGAG"	4
"R5_lane2-GCGCACAT.ACCTCTTG"	4
"R5_lane2-GCGCACAT.ACTTGATA"	4
"R5_lane2-GCGCACAT.ATACATGT"	4
"R5_lane2-GCGCACAT.CACTGTAC"	4
"R5_lane2-GCGCACAT.CATTGAGT"	4
"R5_lane2-GCGCACAT.CGAATTGC"	3
"R5_lane2-GCGCACAT.GTGTAGCA"	4
"R5_lane2-GCGCACAT.TACCGGAA"	4
"R5_lane2-GCGCACAT.TCCGTCTA"	4
"R5_lane2-GCGCACAT.TGGTTATC"	4
"R5_lane2-GCTACGGT.AGTTATGC"	4
"R5_lane2-GCTACGGT.CACTGTAC"	3
"R5_lane2-GCTACGGT.CTGTCATT"	4
"R5_lane2-GCTACGGT.GATTCTTA"	4
"R5_lane2-GCTACGGT.GTCCATTC"	3
"R5_lane2-GCTACGGT.TAATTACG"	3
"R5_lane2-GCTACGGT.TCAGATGC"	4
"R5_lane2-GCTACGGT.TCGCATCA"	4
"R5_lane2-GCTACGGT.TCGTGAAG"	4
"R5_lane2-GCTACGGT.TGGTTATC"	4
"R5_lane2-GCTAGTCG.AACGCGTA"	4
"R5_lane2-GCTAGTCG.AAGCCATC"	4
"R5_lane2-GCTAGTCG.ACAGACTG"	4
"R5_lane2-GCTAGTCG.ACTTGATA"	4
"R5_lane2-GCTAGTCG.AGCATATG"	2
"R5_lane2-GCTAGTCG.GATGATCC"	4
"R5_lane2-GCTAGTCG.TAATTACG"	3
"R5_lane2-GCTAGTCG.TGTAATCG"	4
"R5_lane2-GCTGAGAC.ACGAAGAT"	4
"R5_lane2-GCTGAGAC.ACGTGTGT"	4
"R5_lane2-GCTGAGAC.ACTCTACG"	4
"R5_lane2-GCTGAGAC.AGGTCTCA"	4
"R5_lane2-GCTGAGAC.ATCCGATT"	4
"R5_lane2-GCTGAGAC.ATTACGCT"	4
"R5_lane2-GCTGAGAC.CACATGGA"	4
"R5_lane2-GCTGAGAC.CACTAGCT"	3
"R5_lane2-GCTGAGAC.CCTTATAG"	4
"R5_lane2-GCTGAGAC.TACCGGAA"	4
"R5_lane2-GCTGAGAC.TAGGAGAC"	4
"R5_lane2-GGACGACA.AGAGTGTC"	4
"R5_lane2-GGACGACA.CATTGAGT"	4
"R5_lane2-GGACGACA.CCATGGAT"	4
"R5_lane2-GGACGACA.CGTACGTA"	4
"R5_lane2-GGACGACA.CTGATTCT"	4
"R5_lane2-GGACGACA.GCTAACGA"	4
"R5_lane2-GGACGACA.GGTCAACT"	4
"R5_lane2-GGACGACA.GTAGACAC"	4
"R5_lane2-GGCGCTCA.AGGTCTCA"	4
"R5_lane2-GGCGCTCA.AGTCGTAT"	4
"R5_lane2-GGCGCTCA.ATCGACGA"	4
"R5_lane2-GGCGCTCA.CACATGGA"	1
"R5_lane2-GGCGCTCA.CCATGGAT"	4
"R5_lane2-GGCGCTCA.CTTGGTTA"	4
"R5_lane2-GGCGCTCA.GATATAAC"	4
"R5_lane2-GGCGCTCA.GATGATCC"	4
"R5_lane2-GGCGCTCA.GCTAACGA"	4
"R5_lane2-GGCGCTCA.TACCGGAA"	4
"R5_lane2-GGCGCTCA.TCAAGCCT"	3
"R5_lane2-GGCGCTCA.TTCTCGAG"	4
"R5_lane2-GGTCAGTG.ACCTCTTG"	4
"R5_lane2-GGTCAGTG.ACTTGATA"	4
"R5_lane2-GGTCAGTG.ATATCAGA"	4
"R5_lane2-GGTCAGTG.CACATGGA"	4
"R5_lane2-GGTCAGTG.CGTTACTT"	4
"R5_lane2-GGTCAGTG.GATATAAC"	4
"R5_lane2-GGTCAGTG.GTAGACAC"	4
"R5_lane2-GGTCAGTG.GTTCCGAA"	4
"R5_lane2-GGTCAGTG.TACCGGAA"	4
"R5_lane2-GGTCAGTG.TCGGTACT"	4
"R5_lane2-GGTCAGTG.TTCGCTCA"	4
"R5_lane2-GGTGCCTT.AGCAACCT"	4
"R5_lane2-GGTGCCTT.AGTTATGC"	3
"R5_lane2-GGTGCCTT.CACTAGCT"	4
"R5_lane2-GGTGCCTT.CATGTCCA"	4
"R5_lane2-GGTGCCTT.CATTGAGT"	4
"R5_lane2-GGTGCCTT.CGATGACA"	4
"R5_lane2-GGTGCCTT.CGCCAATA"	4
"R5_lane2-GGTGCCTT.CGTTACTT"	4
"R5_lane2-GGTGCCTT.GATTGCAG"	4
"R5_lane2-GGTGCCTT.TACTAAGC"	4
"R5_lane2-GGTGCCTT.TCGGTACT"	4
"R5_lane2-GGTGCCTT.TGTCTGCA"	4
"R5_lane2-GGTGCCTT.TTAATCGA"	4
"R5_lane2-GTGAACGG.AAGCCATC"	4
"R5_lane2-GTGAACGG.AATCAGAG"	4
"R5_lane2-GTGAACGG.AGAGTGTC"	4
"R5_lane2-GTGAACGG.AGCAACCT"	4
"R5_lane2-GTGAACGG.AGGTCTCA"	4
"R5_lane2-GTGAACGG.ATTACGCT"	2
"R5_lane2-GTGAACGG.CATGTCCA"	4
"R5_lane2-GTGAACGG.CATTGAGT"	4
"R5_lane2-GTGAACGG.CGAATTGC"	3
"R5_lane2-GTGAACGG.CTGTCATT"	4
"R5_lane2-GTGAACGG.GCAGGATT"	4
"R5_lane2-GTGAACGG.TACCGGAA"	4
"R5_lane2-GTGAACGG.TGTAATCG"	3
"R5_lane2-GTGAACGG.TGTCTGCA"	4
"R5_lane2-GTGGCTGT.AACGTCAG"	4
"R5_lane2-GTGGCTGT.ACTGTGGA"	4
"R5_lane2-GTGGCTGT.ACTTGATA"	4
"R5_lane2-GTGGCTGT.AGCAACCT"	4
"R5_lane2-GTGGCTGT.ATACATGT"	4
"R5_lane2-GTGGCTGT.GATGATCC"	4
"R5_lane2-GTGGCTGT.GCCATTAA"	4
"R5_lane2-GTGGCTGT.TACTAAGC"	4
"R5_lane2-GTGGCTGT.TGTAATCG"	4
"R5_lane2-GTGGCTGT.TTCTCGAG"	4
"R5_lane2-GTTCCACC.ACAGACTG"	4
"R5_lane2-GTTCCACC.ACCTCTTG"	4
"R5_lane2-GTTCCACC.ACGTTCAC"	4
"R5_lane2-GTTCCACC.ATGCTTAA"	4
"R5_lane2-GTTCCACC.ATTACGCT"	4
"R5_lane2-GTTCCACC.CTACTAGG"	4
"R5_lane2-GTTCCACC.GCAGGATT"	3
"R5_lane2-GTTCCACC.GTAGTTCG"	1
"R5_lane2-GTTCCACC.GTCATAGT"	1
"R5_lane2-GTTCCACC.GTGACTTG"	4
"R5_lane2-GTTCCACC.TAATTACG"	3
"R5_lane2-GTTCCACC.TAGGAGAC"	4
"R5_lane2-GTTCCACC.TATCTTGT"	3
"R5_lane2-GTTCCACC.TCGGTACT"	4
"R5_lane2-GTTCCACC.TCTTAGTC"	4
"R5_lane2-TACACCGG.AAGCCATC"	4
"R5_lane2-TACACCGG.ACGAAGAT"	4
"R5_lane2-TACACCGG.AGGTCTCA"	4
"R5_lane2-TACACCGG.CGTTACTT"	4
"R5_lane2-TACACCGG.GGTGTCAT"	4
"R5_lane2-TACACCGG.GTCATAGT"	3
"R5_lane2-TACACCGG.GTGACTTG"	4
"R5_lane2-TACACCGG.GTTCCGAA"	4
"R5_lane2-TACACCGG.TCAGATGC"	4
"R5_lane2-TACACCGG.TGGCAGTT"	4
"R5_lane2-TCCGACGC.AAGAGCTG"	4
"R5_lane2-TCCGACGC.ACTCTACG"	4
"R5_lane2-TCCGACGC.AGTCGTAT"	4
"R5_lane2-TCCGACGC.AGTTATGC"	3
"R5_lane2-TCCGACGC.ATCCGATT"	3
"R5_lane2-TCCGACGC.CGCTTAAT"	4
"R5_lane2-TCCGACGC.CTTGGTTA"	4
"R5_lane2-TCCGACGC.GCTAACGA"	4
"R5_lane2-TCCGACGC.GGTCAACT"	4
"R5_lane2-TCCGACGC.GGTGTCAT"	4
"R5_lane2-TCCGACGC.TCAGATGC"	4
"R5_lane2-TCCGACGC.TCGGTACT"	4
"R5_lane2-TCCGACGC.TTGACCAT"	4
"R5_lane2-TCGCAGGA.AACGCGTA"	4
"R5_lane2-TCGCAGGA.ACCTCTTG"	4
"R5_lane2-TCGCAGGA.AGCATATG"	3
"R5_lane2-TCGCAGGA.ATACATGT"	3
"R5_lane2-TCGCAGGA.ATACGCCA"	2
"R5_lane2-TCGCAGGA.CACTAGCT"	4
"R5_lane2-TCGCAGGA.CGCCAATA"	4
"R5_lane2-TCGCAGGA.CGCTTAAT"	4
"R5_lane2-TCGCAGGA.GAACTATA"	3
"R5_lane2-TCGCAGGA.GCAGGATT"	4
"R5_lane2-TCGCAGGA.GTAGACAC"	4
"R5_lane2-TCGCAGGA.GTGACTTG"	4
"R5_lane2-TCGCAGGA.GTGTAGCA"	4
"R5_lane2-TCGCAGGA.TAGGAGAC"	1
"R5_lane2-TCGCAGGA.TATCGCTC"	4
"R5_lane2-TCGCAGGA.TCAGATGC"	4
"R5_lane2-TCGCAGGA.TCCGTCTA"	4
"R5_lane2-TCGCAGGA.TCGCATCA"	4
"R5_lane2-TCGCAGGA.TGAGGCAA"	4
"R5_lane2-TCGCAGGA.TTAATCGA"	4
"R5_lane2-TCGTGGAC.AACGCGTA"	4
"R5_lane2-TCGTGGAC.ACTGCTAC"	3
"R5_lane2-TCGTGGAC.AGCAACCT"	4
"R5_lane2-TCGTGGAC.AGCATATG"	4
"R5_lane2-TCGTGGAC.CACTGTAC"	4
"R5_lane2-TCGTGGAC.CAGTCCAA"	3
"R5_lane2-TCGTGGAC.CCATGGAT"	4
"R5_lane2-TCGTGGAC.CTGATTCT"	3
"R5_lane2-TCGTGGAC.GGTGTCAT"	4
"R5_lane2-TCGTGGAC.GTGACTTG"	1
"R5_lane2-TCGTGGAC.GTGTAGCA"	4
"R5_lane2-TCGTGGAC.TGTAATCG"	4
"R5_lane2-TGACTGCG.AATCAGAG"	4
"R5_lane2-TGACTGCG.ACGAAGAT"	4
"R5_lane2-TGACTGCG.AGTTATGC"	4
"R5_lane2-TGACTGCG.ATACGCCA"	3
"R5_lane2-TGACTGCG.ATTACGCT"	4
"R5_lane2-TGACTGCG.CAAGCTGA"	4
"R5_lane2-TGACTGCG.CGCCAATA"	4
"R5_lane2-TGACTGCG.CTTAGAAG"	3
"R5_lane2-TGACTGCG.GAACTATA"	4
"R5_lane2-TGACTGCG.GCAGGATT"	4
"R5_lane2-TGACTGCG.GCCATTAA"	3
"R5_lane2-TGACTGCG.GTCCATTC"	4
"R5_lane2-TGACTGCG.TGACCTTG"	4
"R5_lane2-TGACTGCG.TGCAGTGA"	4
"R5_lane2-TGCTGGTG.ACAGACTG"	4
"R5_lane2-TGCTGGTG.CAAGCTGA"	4
"R5_lane2-TGCTGGTG.CACATGGA"	4
"R5_lane2-TGCTGGTG.CCATGGAT"	4
"R5_lane2-TGCTGGTG.CGAATTGC"	4
"R5_lane2-TGCTGGTG.CGTTACTT"	4
"R5_lane2-TGCTGGTG.CTGTCATT"	4
"R5_lane2-TGCTGGTG.GAACTATA"	4
"R5_lane2-TGCTGGTG.GAGTACGT"	4
"R5_lane2-TGCTGGTG.GATATAAC"	4
"R5_lane2-TGCTGGTG.GGTGTCAT"	4
"R5_lane2-TGCTGGTG.GTCCATTC"	4
"R5_lane2-TGCTGGTG.TACCGGAA"	4
"R5_lane2-TGCTGGTG.TGAGGCAA"	4
"R5_lane2-TGCTGGTG.TGTCTGCA"	4
"R5_lane2-TGGAGAGG.ACTCTACG"	4
"R5_lane2-TGGAGAGG.ATCCGATT"	4
"R5_lane2-TGGAGAGG.ATTACGCT"	4
"R5_lane2-TGGAGAGG.CCTTATAG"	4
"R5_lane2-TGGAGAGG.CGAATTGC"	4
"R5_lane2-TGGAGAGG.CGTACGTA"	4
"R5_lane2-TGGAGAGG.GATATAAC"	4
"R5_lane2-TGGAGAGG.GTAGACAC"	4
"R5_lane2-TGGAGAGG.GTCATAGT"	3
"R5_lane2-TGGAGAGG.GTGTAGCA"	4
"R5_lane2-TGGAGAGG.TACCGGAA"	4
"R5_lane2-TGGAGAGG.TATCGCTC"	4
"R5_lane2-TGGAGAGG.TCGGTACT"	4
"R5_lane2-TGGAGAGG.TCGTGAAG"	4
"R5_lane2-TGGAGAGG.TGCAGTGA"	4
"R5_lane2-TGGAGAGG.TTAATCGA"	4
"R5_lane2-TGGAGAGG.TTGACCAT"	4
"R5_lane2-TTGTGCCG.AACGTCAG"	4
"R5_lane2-TTGTGCCG.ACGTTCAC"	4
"R5_lane2-TTGTGCCG.ACTGTGGA"	4
"R5_lane2-TTGTGCCG.CACATGGA"	4
"R5_lane2-TTGTGCCG.CATTGAGT"	4
"R5_lane2-TTGTGCCG.GAGTACGT"	4
"R5_lane2-TTGTGCCG.TCGCATCA"	4
"R5_lane2-TTGTGCCG.TCGGTACT"	4
"R5_lane2-TTGTGCCG.TCGTGAAG"	4
"R5_lane2-TTGTGCCG.TGTAATCG"	4
"R5_lane2-TTGTGCCG.TGTCTGCA"	4
