"F121_PCR14_R11_pooled-AAGCCGGT.AACGCGTA"	2
"F121_PCR14_R11_pooled-AAGCCGGT.AAGCCATC"	4
"F121_PCR14_R11_pooled-AAGCCGGT.ACCTCTTG"	1
"F121_PCR14_R11_pooled-AAGCCGGT.AGCAACCT"	2
"F121_PCR14_R11_pooled-AAGCCGGT.CGATGACA"	4
"F121_PCR14_R11_pooled-AAGCCGGT.GAACTATA"	3
"F121_PCR14_R11_pooled-AAGCCGGT.TAGGAGAC"	4
"F121_PCR14_R11_pooled-AAGCCGGT.TCCGTCTA"	4
"F121_PCR14_R11_pooled-AAGCCGGT.TCTACATG"	3
"F121_PCR14_R11_pooled-AAGCCGGT.TGCAGTGA"	4
"F121_PCR14_R11_pooled-ACGATGCC.AACGCGTA"	3
"F121_PCR14_R11_pooled-ACGATGCC.ACGAAGAT"	4
"F121_PCR14_R11_pooled-ACGATGCC.ACTGTGGA"	4
"F121_PCR14_R11_pooled-ACGATGCC.AGAGTGTC"	3
"F121_PCR14_R11_pooled-ACGATGCC.ATACATGT"	4
"F121_PCR14_R11_pooled-ACGATGCC.ATATCAGA"	4
"F121_PCR14_R11_pooled-ACGATGCC.ATCGACGA"	4
"F121_PCR14_R11_pooled-ACGATGCC.CAGCATAT"	4
"F121_PCR14_R11_pooled-ACGATGCC.CGATGACA"	4
"F121_PCR14_R11_pooled-ACGATGCC.GATTGCAG"	2
"F121_PCR14_R11_pooled-ACGATGCC.GCCATTAA"	3
"F121_PCR14_R11_pooled-ACGATGCC.GTCCATTC"	4
"F121_PCR14_R11_pooled-ACGATGCC.TAATTACG"	2
"F121_PCR14_R11_pooled-ACGATGCC.TGACCTTG"	4
"F121_PCR14_R11_pooled-ATCCGCGG.AACGCGTA"	4
"F121_PCR14_R11_pooled-ATCCGCGG.ACCTCTTG"	4
"F121_PCR14_R11_pooled-ATCCGCGG.ACGTTCAC"	3
"F121_PCR14_R11_pooled-ATCCGCGG.ACTGTGGA"	4
"F121_PCR14_R11_pooled-ATCCGCGG.AGCAACCT"	3
"F121_PCR14_R11_pooled-ATCCGCGG.AGTTATGC"	4
"F121_PCR14_R11_pooled-ATCCGCGG.CGTTACTT"	4
"F121_PCR14_R11_pooled-ATCCGCGG.GTAGTTCG"	2
"F121_PCR14_R11_pooled-ATCCGCGG.TACTAAGC"	4
"F121_PCR14_R11_pooled-ATCCGCGG.TATCGCTC"	4
"F121_PCR14_R11_pooled-ATCCGCGG.TGACCTTG"	3
"F121_PCR14_R11_pooled-ATCCGCGG.TTCTCGAG"	2
"F121_PCR14_R11_pooled-CACCTGTG.AACGCGTA"	4
"F121_PCR14_R11_pooled-CACCTGTG.AAGAGCTG"	3
"F121_PCR14_R11_pooled-CACCTGTG.ACTCTACG"	2
"F121_PCR14_R11_pooled-CACCTGTG.ACTTGATA"	4
"F121_PCR14_R11_pooled-CACCTGTG.AGCATATG"	4
"F121_PCR14_R11_pooled-CACCTGTG.AGTCGTAT"	3
"F121_PCR14_R11_pooled-CACCTGTG.ATACGCCA"	2
"F121_PCR14_R11_pooled-CACCTGTG.CCTTATAG"	4
"F121_PCR14_R11_pooled-CACCTGTG.CGCCAATA"	4
"F121_PCR14_R11_pooled-CACCTGTG.CTACTAGG"	3
"F121_PCR14_R11_pooled-CACCTGTG.GATTCTTA"	3
"F121_PCR14_R11_pooled-CACCTGTG.GTGTAGCA"	2
"F121_PCR14_R11_pooled-CACCTGTG.TATCGCTC"	2
"F121_PCR14_R11_pooled-CACCTGTG.TCGCATCA"	4
"F121_PCR14_R11_pooled-CACCTGTG.TGACCTTG"	4
"F121_PCR14_R11_pooled-CACCTGTG.TGCAGTGA"	4
"F121_PCR14_R11_pooled-CACCTGTG.TGGTTATC"	4
"F121_PCR14_R11_pooled-CACCTGTG.TGTAATCG"	3
"F121_PCR14_R11_pooled-CCGGTGGT.ACAGACTG"	4
"F121_PCR14_R11_pooled-CCGGTGGT.ACTCTACG"	4
"F121_PCR14_R11_pooled-CCGGTGGT.ACTGTGGA"	4
"F121_PCR14_R11_pooled-CCGGTGGT.ATATCAGA"	4
"F121_PCR14_R11_pooled-CCGGTGGT.CACATGGA"	3
"F121_PCR14_R11_pooled-CCGGTGGT.CCTTATAG"	4
"F121_PCR14_R11_pooled-CCGGTGGT.CGAATTGC"	3
"F121_PCR14_R11_pooled-CCGGTGGT.GATGATCC"	4
"F121_PCR14_R11_pooled-CCGGTGGT.GTGACTTG"	3
"F121_PCR14_R11_pooled-CCGGTGGT.TACTAAGC"	4
"F121_PCR14_R11_pooled-CCGGTGGT.TGACCTTG"	3
"F121_PCR14_R11_pooled-CCGGTGGT.TTAATCGA"	1
"F121_PCR14_R11_pooled-CCTTGACC.AAGAGCTG"	3
"F121_PCR14_R11_pooled-CCTTGACC.AGCAACCT"	4
"F121_PCR14_R11_pooled-CCTTGACC.ATACGCCA"	2
"F121_PCR14_R11_pooled-CCTTGACC.CGCCAATA"	3
"F121_PCR14_R11_pooled-CCTTGACC.CGCTTAAT"	4
"F121_PCR14_R11_pooled-CCTTGACC.CTAGTGAA"	4
"F121_PCR14_R11_pooled-CCTTGACC.GGATTGCT"	2
"F121_PCR14_R11_pooled-CCTTGACC.GTAGACAC"	2
"F121_PCR14_R11_pooled-CCTTGACC.GTGACTTG"	2
"F121_PCR14_R11_pooled-CCTTGACC.TACCGGAA"	3
"F121_PCR14_R11_pooled-CCTTGACC.TACTAAGC"	4
"F121_PCR14_R11_pooled-CCTTGACC.TCAGATGC"	4
"F121_PCR14_R11_pooled-CCTTGACC.TCGGTACT"	4
"F121_PCR14_R11_pooled-CCTTGACC.TGACCTTG"	1
"F121_PCR14_R11_pooled-CCTTGACC.TGCAGTGA"	4
"F121_PCR14_R11_pooled-CCTTGACC.TGGTTATC"	3
"F121_PCR14_R11_pooled-CCTTGACC.TGTCTGCA"	4
"F121_PCR14_R11_pooled-CGACATGG.ACTCTACG"	4
"F121_PCR14_R11_pooled-CGACATGG.ACTTGATA"	4
"F121_PCR14_R11_pooled-CGACATGG.AGCATATG"	4
"F121_PCR14_R11_pooled-CGACATGG.AGTCGTAT"	1
"F121_PCR14_R11_pooled-CGACATGG.CACTGTAC"	4
"F121_PCR14_R11_pooled-CGACATGG.CCATGGAT"	4
"F121_PCR14_R11_pooled-CGACATGG.CGAATTGC"	3
"F121_PCR14_R11_pooled-CGACATGG.CGCTTAAT"	4
"F121_PCR14_R11_pooled-CGACATGG.CTGTCATT"	4
"F121_PCR14_R11_pooled-CGACATGG.CTTAGAAG"	4
"F121_PCR14_R11_pooled-CGACATGG.GGTGTCAT"	3
"F121_PCR14_R11_pooled-CGACATGG.GTCATAGT"	4
"F121_PCR14_R11_pooled-CGACATGG.TACTAAGC"	4
"F121_PCR14_R11_pooled-CGACATGG.TCCGTCTA"	3
"F121_PCR14_R11_pooled-CGACATGG.TGGTTATC"	3
"F121_PCR14_R11_pooled-CGACATGG.TTAATCGA"	3
"F121_PCR14_R11_pooled-CGAGAACC.AACGTCAG"	3
"F121_PCR14_R11_pooled-CGAGAACC.ACTGCTAC"	3
"F121_PCR14_R11_pooled-CGAGAACC.ACTGTGGA"	4
"F121_PCR14_R11_pooled-CGAGAACC.AGTTATGC"	4
"F121_PCR14_R11_pooled-CGAGAACC.GATGATCC"	4
"F121_PCR14_R11_pooled-CGAGAACC.GCAGGATT"	2
"F121_PCR14_R11_pooled-CGAGAACC.TAATTACG"	3
"F121_PCR14_R11_pooled-CGAGAACC.TACTAAGC"	3
"F121_PCR14_R11_pooled-CGAGAACC.TCACTGAG"	1
"F121_PCR14_R11_pooled-CGAGAACC.TGAGGCAA"	3
"F121_PCR14_R11_pooled-CGATGCTC.ACCTCTTG"	3
"F121_PCR14_R11_pooled-CGATGCTC.ATATCAGA"	2
"F121_PCR14_R11_pooled-CGATGCTC.CAGCATAT"	4
"F121_PCR14_R11_pooled-CGATGCTC.CCATGGAT"	3
"F121_PCR14_R11_pooled-CGATGCTC.GATTCTTA"	3
"F121_PCR14_R11_pooled-CGATGCTC.GTCATAGT"	3
"F121_PCR14_R11_pooled-CGATGCTC.GTTCCGAA"	3
"F121_PCR14_R11_pooled-CGATGCTC.TCAAGCCT"	3
"F121_PCR14_R11_pooled-CGATGCTC.TCGCATCA"	4
"F121_PCR14_R11_pooled-CGATGCTC.TGTCTGCA"	3
"F121_PCR14_R11_pooled-CGATGCTC.TTAACGTC"	3
"F121_PCR14_R11_pooled-CGCTGTCT.ACAGACTG"	3
"F121_PCR14_R11_pooled-CGCTGTCT.ACGTGTGT"	1
"F121_PCR14_R11_pooled-CGCTGTCT.CAGCATAT"	4
"F121_PCR14_R11_pooled-CGCTGTCT.CGCCAATA"	4
"F121_PCR14_R11_pooled-CGCTGTCT.GGTGTCAT"	3
"F121_PCR14_R11_pooled-CGCTGTCT.TCGTGAAG"	2
"F121_PCR14_R11_pooled-CGCTGTCT.TCTACATG"	3
"F121_PCR14_R11_pooled-CGGCACCA.AAGAGCTG"	3
"F121_PCR14_R11_pooled-CGGCACCA.AATCAGAG"	4
"F121_PCR14_R11_pooled-CGGCACCA.ACAGACTG"	4
"F121_PCR14_R11_pooled-CGGCACCA.ACCTCTTG"	3
"F121_PCR14_R11_pooled-CGGCACCA.AGCATATG"	2
"F121_PCR14_R11_pooled-CGGCACCA.ATCCGATT"	1
"F121_PCR14_R11_pooled-CGGCACCA.CACTAGCT"	4
"F121_PCR14_R11_pooled-CGGCACCA.GTATCTAT"	2
"F121_PCR14_R11_pooled-CGGCACCA.TCCGTCTA"	1
"F121_PCR14_R11_pooled-CGGCACCA.TCGGTACT"	4
"F121_PCR14_R11_pooled-CGGCACCA.TCTACATG"	4
"F121_PCR14_R11_pooled-CGGCACCA.TGCAGTGA"	4
"F121_PCR14_R11_pooled-CGGCACCA.TTAATCGA"	4
"F121_PCR14_R11_pooled-CGTGTTCG.AACGCGTA"	3
"F121_PCR14_R11_pooled-CGTGTTCG.ACAGACTG"	4
"F121_PCR14_R11_pooled-CGTGTTCG.ACGAAGAT"	4
"F121_PCR14_R11_pooled-CGTGTTCG.ACGTGTGT"	4
"F121_PCR14_R11_pooled-CGTGTTCG.ATTACGCT"	1
"F121_PCR14_R11_pooled-CGTGTTCG.CAGTCCAA"	4
"F121_PCR14_R11_pooled-CGTGTTCG.CTAGTGAA"	3
"F121_PCR14_R11_pooled-CGTGTTCG.CTGATTCT"	3
"F121_PCR14_R11_pooled-CGTGTTCG.GAACTATA"	4
"F121_PCR14_R11_pooled-CGTGTTCG.TAGGAGAC"	3
"F121_PCR14_R11_pooled-CGTGTTCG.TCGCATCA"	4
"F121_PCR14_R11_pooled-CGTGTTCG.TCGTGAAG"	1
"F121_PCR14_R11_pooled-CGTGTTCG.TCTTAGTC"	3
"F121_PCR14_R11_pooled-CGTGTTCG.TGGCAGTT"	4
"F121_PCR14_R11_pooled-CGTGTTCG.TGGTTATC"	3
"F121_PCR14_R11_pooled-CGTGTTCG.TTCTCGAG"	3
"F121_PCR14_R11_pooled-GACCGAAG.ACAGACTG"	2
"F121_PCR14_R11_pooled-GACCGAAG.ATACGCCA"	4
"F121_PCR14_R11_pooled-GACCGAAG.ATATCAGA"	3
"F121_PCR14_R11_pooled-GACCGAAG.ATGCTTAA"	3
"F121_PCR14_R11_pooled-GACCGAAG.CAGCATAT"	4
"F121_PCR14_R11_pooled-GACCGAAG.CATGTCCA"	4
"F121_PCR14_R11_pooled-GACCGAAG.GATGATCC"	3
"F121_PCR14_R11_pooled-GACCGAAG.GTATCTAT"	4
"F121_PCR14_R11_pooled-GACCGAAG.TCGCATCA"	2
"F121_PCR14_R11_pooled-GACCGAAG.TCTTAGTC"	4
"F121_PCR14_R11_pooled-GACCGAAG.TGAGGCAA"	4
"F121_PCR14_R11_pooled-GACCGAAG.TTAACGTC"	4
"F121_PCR14_R11_pooled-GAGCCTAC.ACCTCTTG"	4
"F121_PCR14_R11_pooled-GAGCCTAC.AGCAACCT"	2
"F121_PCR14_R11_pooled-GAGCCTAC.AGTTATGC"	1
"F121_PCR14_R11_pooled-GAGCCTAC.CCATGGAT"	3
"F121_PCR14_R11_pooled-GAGCCTAC.GATATAAC"	4
"F121_PCR14_R11_pooled-GAGCCTAC.GATGATCC"	4
"F121_PCR14_R11_pooled-GAGCCTAC.GTTCCGAA"	4
"F121_PCR14_R11_pooled-GAGCCTAC.TACCGGAA"	4
"F121_PCR14_R11_pooled-GAGCCTAC.TACTAAGC"	2
"F121_PCR14_R11_pooled-GAGCCTAC.TATCTTGT"	4
"F121_PCR14_R11_pooled-GAGCCTAC.TCACTGAG"	3
"F121_PCR14_R11_pooled-GAGCCTAC.TCGGTACT"	2
"F121_PCR14_R11_pooled-GAGCCTAC.TGTAATCG"	4
"F121_PCR14_R11_pooled-GCACCATG.AACGCGTA"	1
"F121_PCR14_R11_pooled-GCACCATG.AAGAGCTG"	4
"F121_PCR14_R11_pooled-GCACCATG.ACAGACTG"	2
"F121_PCR14_R11_pooled-GCACCATG.ACGTTCAC"	3
"F121_PCR14_R11_pooled-GCACCATG.ACTGCTAC"	4
"F121_PCR14_R11_pooled-GCACCATG.AGTTATGC"	4
"F121_PCR14_R11_pooled-GCACCATG.ATACGCCA"	3
"F121_PCR14_R11_pooled-GCACCATG.ATATCAGA"	4
"F121_PCR14_R11_pooled-GCACCATG.CGCTTAAT"	4
"F121_PCR14_R11_pooled-GCACCATG.GGTCAACT"	4
"F121_PCR14_R11_pooled-GCACCATG.GTCATAGT"	4
"F121_PCR14_R11_pooled-GCACCATG.GTTCCGAA"	2
"F121_PCR14_R11_pooled-GCACCATG.TACCGGAA"	3
"F121_PCR14_R11_pooled-GCACCATG.TCAAGCCT"	3
"F121_PCR14_R11_pooled-GCACCATG.TTCGCTCA"	3
"F121_PCR14_R11_pooled-GCTACGGT.AACGTCAG"	2
"F121_PCR14_R11_pooled-GCTACGGT.AAGAGCTG"	3
"F121_PCR14_R11_pooled-GCTACGGT.ACGTTCAC"	2
"F121_PCR14_R11_pooled-GCTACGGT.CAAGCTGA"	4
"F121_PCR14_R11_pooled-GCTACGGT.CAGTCCAA"	3
"F121_PCR14_R11_pooled-GCTACGGT.CCATGGAT"	4
"F121_PCR14_R11_pooled-GCTACGGT.CTAGTGAA"	3
"F121_PCR14_R11_pooled-GCTACGGT.CTGATTCT"	2
"F121_PCR14_R11_pooled-GCTACGGT.GTCATAGT"	2
"F121_PCR14_R11_pooled-GCTACGGT.TACTAAGC"	4
"F121_PCR14_R11_pooled-GCTACGGT.TGCAGTGA"	1
"F121_PCR14_R11_pooled-GCTACGGT.TTCTCGAG"	4
"F121_PCR14_R11_pooled-GCTGAGAC.ACAGACTG"	4
"F121_PCR14_R11_pooled-GCTGAGAC.ACGAAGAT"	4
"F121_PCR14_R11_pooled-GCTGAGAC.ACTCTACG"	4
"F121_PCR14_R11_pooled-GCTGAGAC.AGGTCTCA"	4
"F121_PCR14_R11_pooled-GCTGAGAC.ATACGCCA"	4
"F121_PCR14_R11_pooled-GCTGAGAC.ATCCGATT"	2
"F121_PCR14_R11_pooled-GCTGAGAC.ATCGACGA"	2
"F121_PCR14_R11_pooled-GCTGAGAC.CAAGCTGA"	3
"F121_PCR14_R11_pooled-GCTGAGAC.CAGTCCAA"	2
"F121_PCR14_R11_pooled-GCTGAGAC.CGCTTAAT"	4
"F121_PCR14_R11_pooled-GCTGAGAC.GATGATCC"	4
"F121_PCR14_R11_pooled-GCTGAGAC.GTTCCGAA"	3
"F121_PCR14_R11_pooled-GCTGAGAC.TATCTTGT"	3
"F121_PCR14_R11_pooled-GCTGAGAC.TCCGTCTA"	4
"F121_PCR14_R11_pooled-GCTGAGAC.TTGACCAT"	2
"F121_PCR14_R11_pooled-GGTCAGTG.ACTGCTAC"	2
"F121_PCR14_R11_pooled-GGTCAGTG.ACTGTGGA"	4
"F121_PCR14_R11_pooled-GGTCAGTG.AGCATATG"	3
"F121_PCR14_R11_pooled-GGTCAGTG.ATACGCCA"	4
"F121_PCR14_R11_pooled-GGTCAGTG.ATGCTTAA"	4
"F121_PCR14_R11_pooled-GGTCAGTG.CACTGTAC"	3
"F121_PCR14_R11_pooled-GGTCAGTG.CTTGGTTA"	4
"F121_PCR14_R11_pooled-GGTCAGTG.GTCATAGT"	3
"F121_PCR14_R11_pooled-GGTCAGTG.TCACTGAG"	4
"F121_PCR14_R11_pooled-GGTCAGTG.TCGGTACT"	4
"F121_PCR14_R11_pooled-GGTCAGTG.TGGTTATC"	4
"F121_PCR14_R11_pooled-GTGAACGG.ACCTCTTG"	4
"F121_PCR14_R11_pooled-GTGAACGG.ACTTGATA"	4
"F121_PCR14_R11_pooled-GTGAACGG.AGTTATGC"	3
"F121_PCR14_R11_pooled-GTGAACGG.ATACATGT"	4
"F121_PCR14_R11_pooled-GTGAACGG.ATATCAGA"	4
"F121_PCR14_R11_pooled-GTGAACGG.CAAGCTGA"	4
"F121_PCR14_R11_pooled-GTGAACGG.CGTACGTA"	4
"F121_PCR14_R11_pooled-GTGAACGG.CTTAGAAG"	1
"F121_PCR14_R11_pooled-GTGAACGG.GATTGCAG"	4
"F121_PCR14_R11_pooled-GTGAACGG.GGATTGCT"	3
"F121_PCR14_R11_pooled-GTGAACGG.GTATCTAT"	4
"F121_PCR14_R11_pooled-GTGAACGG.GTCCATTC"	2
"F121_PCR14_R11_pooled-GTGAACGG.TATCGCTC"	4
"F121_PCR14_R11_pooled-GTGAACGG.TTCTCGAG"	4
"F121_PCR14_R11_pooled-GTTCCACC.AAGCCATC"	4
"F121_PCR14_R11_pooled-GTTCCACC.ACCTCTTG"	4
"F121_PCR14_R11_pooled-GTTCCACC.ACGAAGAT"	3
"F121_PCR14_R11_pooled-GTTCCACC.ATACATGT"	1
"F121_PCR14_R11_pooled-GTTCCACC.ATCCGATT"	3
"F121_PCR14_R11_pooled-GTTCCACC.GATTGCAG"	2
"F121_PCR14_R11_pooled-GTTCCACC.GTAGTTCG"	3
"F121_PCR14_R11_pooled-GTTCCACC.GTCCATTC"	4
"F121_PCR14_R11_pooled-GTTCCACC.TACCGGAA"	3
"F121_PCR14_R11_pooled-GTTCCACC.TCGTGAAG"	4
"F121_PCR14_R11_pooled-GTTCCACC.TGAGGCAA"	3
"F121_PCR14_R11_pooled-GTTCCACC.TTAACGTC"	2
"F121_PCR14_R11_pooled-GTTCCACC.TTGACCAT"	3
"F121_PCR14_R11_pooled-TACACCGG.AATCAGAG"	2
"F121_PCR14_R11_pooled-TACACCGG.ACTGCTAC"	3
"F121_PCR14_R11_pooled-TACACCGG.AGTTATGC"	4
"F121_PCR14_R11_pooled-TACACCGG.ATTACGCT"	3
"F121_PCR14_R11_pooled-TACACCGG.CACTAGCT"	1
"F121_PCR14_R11_pooled-TACACCGG.CACTGTAC"	3
"F121_PCR14_R11_pooled-TACACCGG.CAGCATAT"	4
"F121_PCR14_R11_pooled-TACACCGG.CGATGACA"	4
"F121_PCR14_R11_pooled-TACACCGG.CGTACGTA"	4
"F121_PCR14_R11_pooled-TACACCGG.CTTGGTTA"	4
"F121_PCR14_R11_pooled-TACACCGG.GCCATTAA"	4
"F121_PCR14_R11_pooled-TACACCGG.GCTAACGA"	4
"F121_PCR14_R11_pooled-TACACCGG.GTGACTTG"	2
"F121_PCR14_R11_pooled-TACACCGG.TAATTACG"	4
"F121_PCR14_R11_pooled-TACACCGG.TCACTGAG"	4
"F121_PCR14_R11_pooled-TACACCGG.TGTAATCG"	4
"F121_PCR14_R11_pooled-TACACCGG.TTAACGTC"	1
"F121_PCR14_R11_pooled-TACACCGG.TTCGCTCA"	3
"F121_PCR14_R11_pooled-TCGCAGGA.ACTGTGGA"	3
"F121_PCR14_R11_pooled-TCGCAGGA.GATATAAC"	2
"F121_PCR14_R11_pooled-TCGCAGGA.GCCATTAA"	4
"F121_PCR14_R11_pooled-TCGCAGGA.GGATTGCT"	4
"F121_PCR14_R11_pooled-TCGCAGGA.TCGGTACT"	2
"F121_PCR14_R11_pooled-TCGCAGGA.TCTTAGTC"	2
"F121_PCR14_R11_pooled-TCGCAGGA.TTAACGTC"	3
"F121_PCR14_R11_pooled-TTGTGCCG.AAGAGCTG"	4
"F121_PCR14_R11_pooled-TTGTGCCG.AGTCGTAT"	4
"F121_PCR14_R11_pooled-TTGTGCCG.CACTGTAC"	4
"F121_PCR14_R11_pooled-TTGTGCCG.CAGTCCAA"	4
"F121_PCR14_R11_pooled-TTGTGCCG.CGAATTGC"	4
"F121_PCR14_R11_pooled-TTGTGCCG.CGCCAATA"	2
"F121_PCR14_R11_pooled-TTGTGCCG.CGCTTAAT"	4
"F121_PCR14_R11_pooled-TTGTGCCG.CTGATTCT"	4
"F121_PCR14_R11_pooled-TTGTGCCG.GATATAAC"	4
"F121_PCR14_R11_pooled-TTGTGCCG.GATGATCC"	3
"F121_PCR14_R11_pooled-TTGTGCCG.GCAGGATT"	4
"F121_PCR14_R11_pooled-TTGTGCCG.TTAACGTC"	1
"F121_PCR14_R11_pooled-TTGTGCCG.TTAATCGA"	4
"F121_PCR14_R7_pooled-AAGCCGGT.AAGCCATC"	4
"F121_PCR14_R7_pooled-AAGCCGGT.ACGAAGAT"	3
"F121_PCR14_R7_pooled-AAGCCGGT.ACTCTACG"	4
"F121_PCR14_R7_pooled-AAGCCGGT.AGTCGTAT"	4
"F121_PCR14_R7_pooled-AAGCCGGT.ATCGACGA"	3
"F121_PCR14_R7_pooled-AAGCCGGT.ATGCTTAA"	3
"F121_PCR14_R7_pooled-AAGCCGGT.CAAGCTGA"	4
"F121_PCR14_R7_pooled-AAGCCGGT.CGTTACTT"	3
"F121_PCR14_R7_pooled-AAGCCGGT.CTTGGTTA"	3
"F121_PCR14_R7_pooled-AAGCCGGT.GATTGCAG"	3
"F121_PCR14_R7_pooled-AAGCCGGT.GCCATTAA"	2
"F121_PCR14_R7_pooled-AAGCCGGT.GTGTAGCA"	4
"F121_PCR14_R7_pooled-AAGCCGGT.TATCTTGT"	2
"F121_PCR14_R7_pooled-AAGCCGGT.TCTTAGTC"	4
"F121_PCR14_R7_pooled-AAGCCGGT.TGACCTTG"	4
"F121_PCR14_R7_pooled-AAGCCGGT.TGTAATCG"	3
"F121_PCR14_R7_pooled-AAGCCGGT.TTGACCAT"	4
"F121_PCR14_R7_pooled-ACGATGCC.ACCTCTTG"	4
"F121_PCR14_R7_pooled-ACGATGCC.ATTACGCT"	4
"F121_PCR14_R7_pooled-ACGATGCC.CAGCATAT"	3
"F121_PCR14_R7_pooled-ACGATGCC.CAGTCCAA"	3
"F121_PCR14_R7_pooled-ACGATGCC.CCATGGAT"	4
"F121_PCR14_R7_pooled-ACGATGCC.CGAATTGC"	4
"F121_PCR14_R7_pooled-ACGATGCC.CGCCAATA"	4
"F121_PCR14_R7_pooled-ACGATGCC.CGTACGTA"	4
"F121_PCR14_R7_pooled-ACGATGCC.GAGTACGT"	3
"F121_PCR14_R7_pooled-ACGATGCC.GCAGGATT"	3
"F121_PCR14_R7_pooled-ACGATGCC.TATCGCTC"	4
"F121_PCR14_R7_pooled-ACGATGCC.TGAGGCAA"	2
"F121_PCR14_R7_pooled-ATCCGCGG.CTGATTCT"	4
"F121_PCR14_R7_pooled-ATCCGCGG.GATTGCAG"	4
"F121_PCR14_R7_pooled-ATCCGCGG.TCAAGCCT"	4
"F121_PCR14_R7_pooled-ATCCGCGG.TCCGTCTA"	4
"F121_PCR14_R7_pooled-ATCCGCGG.TCGCATCA"	4
"F121_PCR14_R7_pooled-ATCCGCGG.TGACCTTG"	4
"F121_PCR14_R7_pooled-ATCCGCGG.TTCTCGAG"	3
"F121_PCR14_R7_pooled-CACCTGTG.ACCTCTTG"	4
"F121_PCR14_R7_pooled-CACCTGTG.AGAGTGTC"	4
"F121_PCR14_R7_pooled-CACCTGTG.AGCAACCT"	1
"F121_PCR14_R7_pooled-CACCTGTG.ATCCGATT"	4
"F121_PCR14_R7_pooled-CACCTGTG.CGAATTGC"	3
"F121_PCR14_R7_pooled-CACCTGTG.CGATGACA"	3
"F121_PCR14_R7_pooled-CACCTGTG.GTATCTAT"	3
"F121_PCR14_R7_pooled-CACCTGTG.GTTCCGAA"	3
"F121_PCR14_R7_pooled-CACCTGTG.TATCGCTC"	3
"F121_PCR14_R7_pooled-CACCTGTG.TCCGTCTA"	3
"F121_PCR14_R7_pooled-CACCTGTG.TCTACATG"	3
"F121_PCR14_R7_pooled-CACCTGTG.TTAACGTC"	3
"F121_PCR14_R7_pooled-CACCTGTG.TTGACCAT"	3
"F121_PCR14_R7_pooled-CCGGTGGT.ACGTTCAC"	4
"F121_PCR14_R7_pooled-CCGGTGGT.ACTCTACG"	1
"F121_PCR14_R7_pooled-CCGGTGGT.ATCCGATT"	4
"F121_PCR14_R7_pooled-CCGGTGGT.ATGCTTAA"	3
"F121_PCR14_R7_pooled-CCGGTGGT.ATTACGCT"	4
"F121_PCR14_R7_pooled-CCGGTGGT.CACATGGA"	4
"F121_PCR14_R7_pooled-CCGGTGGT.CACTGTAC"	4
"F121_PCR14_R7_pooled-CCGGTGGT.CAGCATAT"	3
"F121_PCR14_R7_pooled-CCGGTGGT.CCTTATAG"	4
"F121_PCR14_R7_pooled-CCGGTGGT.CTGATTCT"	4
"F121_PCR14_R7_pooled-CCGGTGGT.CTTAGAAG"	2
"F121_PCR14_R7_pooled-CCGGTGGT.GATGATCC"	3
"F121_PCR14_R7_pooled-CCGGTGGT.GCTAACGA"	2
"F121_PCR14_R7_pooled-CCGGTGGT.GTAGTTCG"	4
"F121_PCR14_R7_pooled-CCGGTGGT.GTGACTTG"	3
"F121_PCR14_R7_pooled-CCGGTGGT.TATCGCTC"	4
"F121_PCR14_R7_pooled-CCGGTGGT.TCGGTACT"	4
"F121_PCR14_R7_pooled-CCTTGACC.ACTCTACG"	3
"F121_PCR14_R7_pooled-CCTTGACC.ACTGCTAC"	3
"F121_PCR14_R7_pooled-CCTTGACC.AGTCGTAT"	3
"F121_PCR14_R7_pooled-CCTTGACC.ATACATGT"	3
"F121_PCR14_R7_pooled-CCTTGACC.CACTAGCT"	3
"F121_PCR14_R7_pooled-CCTTGACC.CGAATTGC"	2
"F121_PCR14_R7_pooled-CCTTGACC.GAACTATA"	4
"F121_PCR14_R7_pooled-CCTTGACC.GTATCTAT"	3
"F121_PCR14_R7_pooled-CCTTGACC.TAGGAGAC"	4
"F121_PCR14_R7_pooled-CCTTGACC.TCAGATGC"	2
"F121_PCR14_R7_pooled-CGACATGG.AGGTCTCA"	4
"F121_PCR14_R7_pooled-CGACATGG.ATACGCCA"	4
"F121_PCR14_R7_pooled-CGACATGG.ATCCGATT"	2
"F121_PCR14_R7_pooled-CGACATGG.CACATGGA"	4
"F121_PCR14_R7_pooled-CGACATGG.CACTAGCT"	4
"F121_PCR14_R7_pooled-CGACATGG.CAGTCCAA"	3
"F121_PCR14_R7_pooled-CGACATGG.CATTGAGT"	3
"F121_PCR14_R7_pooled-CGACATGG.CGAATTGC"	4
"F121_PCR14_R7_pooled-CGACATGG.GATTGCAG"	3
"F121_PCR14_R7_pooled-CGACATGG.GGTGTCAT"	4
"F121_PCR14_R7_pooled-CGACATGG.GTCATAGT"	4
"F121_PCR14_R7_pooled-CGACATGG.TATCTTGT"	4
"F121_PCR14_R7_pooled-CGACATGG.TGCAGTGA"	4
"F121_PCR14_R7_pooled-CGAGAACC.AAGCCATC"	1
"F121_PCR14_R7_pooled-CGAGAACC.ACGTGTGT"	4
"F121_PCR14_R7_pooled-CGAGAACC.ACGTTCAC"	3
"F121_PCR14_R7_pooled-CGAGAACC.ACTGTGGA"	3
"F121_PCR14_R7_pooled-CGAGAACC.AGGTCTCA"	3
"F121_PCR14_R7_pooled-CGAGAACC.ATATCAGA"	3
"F121_PCR14_R7_pooled-CGAGAACC.ATTACGCT"	4
"F121_PCR14_R7_pooled-CGAGAACC.CACATGGA"	4
"F121_PCR14_R7_pooled-CGAGAACC.CTTAGAAG"	3
"F121_PCR14_R7_pooled-CGAGAACC.GCCATTAA"	3
"F121_PCR14_R7_pooled-CGAGAACC.TCACTGAG"	4
"F121_PCR14_R7_pooled-CGATGCTC.ACAGACTG"	4
"F121_PCR14_R7_pooled-CGATGCTC.ACGAAGAT"	4
"F121_PCR14_R7_pooled-CGATGCTC.ACTGCTAC"	3
"F121_PCR14_R7_pooled-CGATGCTC.AGCAACCT"	2
"F121_PCR14_R7_pooled-CGATGCTC.CAGTCCAA"	4
"F121_PCR14_R7_pooled-CGATGCTC.CATGTCCA"	4
"F121_PCR14_R7_pooled-CGATGCTC.GATGATCC"	4
"F121_PCR14_R7_pooled-CGATGCTC.GGATTGCT"	3
"F121_PCR14_R7_pooled-CGATGCTC.TACCGGAA"	3
"F121_PCR14_R7_pooled-CGATGCTC.TCAGATGC"	4
"F121_PCR14_R7_pooled-CGCTGTCT.AGTCGTAT"	4
"F121_PCR14_R7_pooled-CGCTGTCT.ATCCGATT"	4
"F121_PCR14_R7_pooled-CGCTGTCT.ATTACGCT"	4
"F121_PCR14_R7_pooled-CGCTGTCT.CAGCATAT"	1
"F121_PCR14_R7_pooled-CGCTGTCT.CGCCAATA"	1
"F121_PCR14_R7_pooled-CGCTGTCT.CGTTACTT"	3
"F121_PCR14_R7_pooled-CGCTGTCT.CTACTAGG"	2
"F121_PCR14_R7_pooled-CGCTGTCT.GAACTATA"	2
"F121_PCR14_R7_pooled-CGCTGTCT.GATTCTTA"	4
"F121_PCR14_R7_pooled-CGCTGTCT.GTCATAGT"	4
"F121_PCR14_R7_pooled-CGCTGTCT.GTCCATTC"	4
"F121_PCR14_R7_pooled-CGCTGTCT.GTGACTTG"	3
"F121_PCR14_R7_pooled-CGCTGTCT.TACTAAGC"	4
"F121_PCR14_R7_pooled-CGCTGTCT.TCGCATCA"	3
"F121_PCR14_R7_pooled-CGCTGTCT.TCGGTACT"	4
"F121_PCR14_R7_pooled-CGCTGTCT.TTGACCAT"	2
"F121_PCR14_R7_pooled-CGGCACCA.AATCAGAG"	3
"F121_PCR14_R7_pooled-CGGCACCA.ATATCAGA"	3
"F121_PCR14_R7_pooled-CGGCACCA.ATGCTTAA"	4
"F121_PCR14_R7_pooled-CGGCACCA.CAAGCTGA"	4
"F121_PCR14_R7_pooled-CGGCACCA.CACTGTAC"	4
"F121_PCR14_R7_pooled-CGGCACCA.CAGCATAT"	4
"F121_PCR14_R7_pooled-CGGCACCA.GATTCTTA"	3
"F121_PCR14_R7_pooled-CGGCACCA.GCAGGATT"	4
"F121_PCR14_R7_pooled-CGGCACCA.GTGACTTG"	4
"F121_PCR14_R7_pooled-CGGCACCA.TCTACATG"	3
"F121_PCR14_R7_pooled-CGGCACCA.TTAATCGA"	4
"F121_PCR14_R7_pooled-CGTGTTCG.AATCAGAG"	4
"F121_PCR14_R7_pooled-CGTGTTCG.AGAGTGTC"	4
"F121_PCR14_R7_pooled-CGTGTTCG.ATTACGCT"	3
"F121_PCR14_R7_pooled-CGTGTTCG.CACATGGA"	3
"F121_PCR14_R7_pooled-CGTGTTCG.CCTTATAG"	3
"F121_PCR14_R7_pooled-CGTGTTCG.GATGATCC"	4
"F121_PCR14_R7_pooled-CGTGTTCG.GCCATTAA"	4
"F121_PCR14_R7_pooled-CGTGTTCG.GCTAACGA"	1
"F121_PCR14_R7_pooled-CGTGTTCG.GGATTGCT"	4
"F121_PCR14_R7_pooled-CGTGTTCG.GTAGACAC"	4
"F121_PCR14_R7_pooled-CGTGTTCG.GTCATAGT"	4
"F121_PCR14_R7_pooled-CGTGTTCG.TCCGTCTA"	4
"F121_PCR14_R7_pooled-CGTGTTCG.TCGTGAAG"	2
"F121_PCR14_R7_pooled-CGTGTTCG.TGTAATCG"	4
"F121_PCR14_R7_pooled-GACCGAAG.AACGTCAG"	4
"F121_PCR14_R7_pooled-GACCGAAG.ATACATGT"	4
"F121_PCR14_R7_pooled-GACCGAAG.CGTTACTT"	1
"F121_PCR14_R7_pooled-GACCGAAG.CTGATTCT"	4
"F121_PCR14_R7_pooled-GACCGAAG.GAACTATA"	3
"F121_PCR14_R7_pooled-GACCGAAG.GATTCTTA"	4
"F121_PCR14_R7_pooled-GACCGAAG.GGATTGCT"	4
"F121_PCR14_R7_pooled-GACCGAAG.GTATCTAT"	4
"F121_PCR14_R7_pooled-GACCGAAG.TGGTTATC"	4
"F121_PCR14_R7_pooled-GAGCCTAC.AAGAGCTG"	4
"F121_PCR14_R7_pooled-GAGCCTAC.AATCAGAG"	4
"F121_PCR14_R7_pooled-GAGCCTAC.ACCTCTTG"	4
"F121_PCR14_R7_pooled-GAGCCTAC.ACTCTACG"	2
"F121_PCR14_R7_pooled-GAGCCTAC.ATGCTTAA"	4
"F121_PCR14_R7_pooled-GAGCCTAC.CCATGGAT"	3
"F121_PCR14_R7_pooled-GAGCCTAC.CGCTTAAT"	4
"F121_PCR14_R7_pooled-GAGCCTAC.CGTACGTA"	4
"F121_PCR14_R7_pooled-GAGCCTAC.GAGTACGT"	1
"F121_PCR14_R7_pooled-GAGCCTAC.GCCATTAA"	3
"F121_PCR14_R7_pooled-GAGCCTAC.GTCATAGT"	4
"F121_PCR14_R7_pooled-GAGCCTAC.GTGTAGCA"	4
"F121_PCR14_R7_pooled-GAGCCTAC.TAATTACG"	3
"F121_PCR14_R7_pooled-GAGCCTAC.TCACTGAG"	4
"F121_PCR14_R7_pooled-GAGCCTAC.TCAGATGC"	3
"F121_PCR14_R7_pooled-GAGCCTAC.TCGCATCA"	1
"F121_PCR14_R7_pooled-GAGCCTAC.TCTACATG"	4
"F121_PCR14_R7_pooled-GAGCCTAC.TCTTAGTC"	4
"F121_PCR14_R7_pooled-GAGCCTAC.TGTCTGCA"	4
"F121_PCR14_R7_pooled-GCACCATG.ACAGACTG"	4
"F121_PCR14_R7_pooled-GCACCATG.AGAGTGTC"	2
"F121_PCR14_R7_pooled-GCACCATG.AGTTATGC"	3
"F121_PCR14_R7_pooled-GCACCATG.CCTTATAG"	2
"F121_PCR14_R7_pooled-GCACCATG.CGCTTAAT"	3
"F121_PCR14_R7_pooled-GCACCATG.GAGTACGT"	4
"F121_PCR14_R7_pooled-GCACCATG.GATTCTTA"	4
"F121_PCR14_R7_pooled-GCACCATG.GCCATTAA"	2
"F121_PCR14_R7_pooled-GCACCATG.GGATTGCT"	3
"F121_PCR14_R7_pooled-GCACCATG.GTAGACAC"	4
"F121_PCR14_R7_pooled-GCACCATG.GTGTAGCA"	4
"F121_PCR14_R7_pooled-GCACCATG.TCCGTCTA"	4
"F121_PCR14_R7_pooled-GCTACGGT.AACGCGTA"	4
"F121_PCR14_R7_pooled-GCTACGGT.AATCAGAG"	2
"F121_PCR14_R7_pooled-GCTACGGT.CGCTTAAT"	3
"F121_PCR14_R7_pooled-GCTACGGT.CTACTAGG"	3
"F121_PCR14_R7_pooled-GCTACGGT.CTTGGTTA"	4
"F121_PCR14_R7_pooled-GCTACGGT.GATATAAC"	4
"F121_PCR14_R7_pooled-GCTACGGT.GATGATCC"	3
"F121_PCR14_R7_pooled-GCTACGGT.GATTGCAG"	3
"F121_PCR14_R7_pooled-GCTACGGT.GCTAACGA"	2
"F121_PCR14_R7_pooled-GCTACGGT.GGTCAACT"	4
"F121_PCR14_R7_pooled-GCTACGGT.TATCGCTC"	2
"F121_PCR14_R7_pooled-GCTACGGT.TCCGTCTA"	3
"F121_PCR14_R7_pooled-GCTACGGT.TCTACATG"	4
"F121_PCR14_R7_pooled-GCTACGGT.TGACCTTG"	4
"F121_PCR14_R7_pooled-GCTACGGT.TGGCAGTT"	3
"F121_PCR14_R7_pooled-GCTACGGT.TGGTTATC"	4
"F121_PCR14_R7_pooled-GCTACGGT.TTAATCGA"	4
"F121_PCR14_R7_pooled-GCTGAGAC.AACGCGTA"	3
"F121_PCR14_R7_pooled-GCTGAGAC.AAGAGCTG"	1
"F121_PCR14_R7_pooled-GCTGAGAC.AAGCCATC"	4
"F121_PCR14_R7_pooled-GCTGAGAC.ACTGTGGA"	4
"F121_PCR14_R7_pooled-GCTGAGAC.ATGCTTAA"	4
"F121_PCR14_R7_pooled-GCTGAGAC.CATGTCCA"	2
"F121_PCR14_R7_pooled-GCTGAGAC.CCTTATAG"	4
"F121_PCR14_R7_pooled-GCTGAGAC.CTACTAGG"	3
"F121_PCR14_R7_pooled-GCTGAGAC.GAGTACGT"	4
"F121_PCR14_R7_pooled-GCTGAGAC.GTGACTTG"	4
"F121_PCR14_R7_pooled-GCTGAGAC.TCGGTACT"	2
"F121_PCR14_R7_pooled-GCTGAGAC.TGTAATCG"	4
"F121_PCR14_R7_pooled-GGTCAGTG.AACGCGTA"	4
"F121_PCR14_R7_pooled-GGTCAGTG.AGTTATGC"	4
"F121_PCR14_R7_pooled-GGTCAGTG.ATCCGATT"	2
"F121_PCR14_R7_pooled-GGTCAGTG.CACTAGCT"	4
"F121_PCR14_R7_pooled-GGTCAGTG.CTGATTCT"	4
"F121_PCR14_R7_pooled-GGTCAGTG.GATGATCC"	4
"F121_PCR14_R7_pooled-GGTCAGTG.GATTGCAG"	4
"F121_PCR14_R7_pooled-GGTCAGTG.GCAGGATT"	2
"F121_PCR14_R7_pooled-GGTCAGTG.GCTAACGA"	3
"F121_PCR14_R7_pooled-GGTCAGTG.GGATTGCT"	4
"F121_PCR14_R7_pooled-GGTCAGTG.GTAGTTCG"	2
"F121_PCR14_R7_pooled-GGTCAGTG.GTATCTAT"	4
"F121_PCR14_R7_pooled-GGTCAGTG.GTGTAGCA"	4
"F121_PCR14_R7_pooled-GGTCAGTG.TAGGAGAC"	4
"F121_PCR14_R7_pooled-GGTCAGTG.TCAAGCCT"	3
"F121_PCR14_R7_pooled-GTGAACGG.ATACATGT"	4
"F121_PCR14_R7_pooled-GTGAACGG.CTACTAGG"	1
"F121_PCR14_R7_pooled-GTGAACGG.CTTGGTTA"	4
"F121_PCR14_R7_pooled-GTGAACGG.GATGATCC"	4
"F121_PCR14_R7_pooled-GTGAACGG.GTTCCGAA"	2
"F121_PCR14_R7_pooled-GTGAACGG.TAATTACG"	3
"F121_PCR14_R7_pooled-GTGAACGG.TTAACGTC"	4
"F121_PCR14_R7_pooled-GTGAACGG.TTCTCGAG"	4
"F121_PCR14_R7_pooled-GTTCCACC.AACGCGTA"	3
"F121_PCR14_R7_pooled-GTTCCACC.AGAGTGTC"	1
"F121_PCR14_R7_pooled-GTTCCACC.AGCATATG"	4
"F121_PCR14_R7_pooled-GTTCCACC.CAAGCTGA"	1
"F121_PCR14_R7_pooled-GTTCCACC.CACATGGA"	4
"F121_PCR14_R7_pooled-GTTCCACC.CACTAGCT"	4
"F121_PCR14_R7_pooled-GTTCCACC.CCATGGAT"	3
"F121_PCR14_R7_pooled-GTTCCACC.CCTTATAG"	4
"F121_PCR14_R7_pooled-GTTCCACC.CGCTTAAT"	4
"F121_PCR14_R7_pooled-GTTCCACC.GCCATTAA"	3
"F121_PCR14_R7_pooled-GTTCCACC.GTAGACAC"	3
"F121_PCR14_R7_pooled-GTTCCACC.TAATTACG"	3
"F121_PCR14_R7_pooled-GTTCCACC.TCTACATG"	4
"F121_PCR14_R7_pooled-GTTCCACC.TCTTAGTC"	4
"F121_PCR14_R7_pooled-GTTCCACC.TGAGGCAA"	2
"F121_PCR14_R7_pooled-GTTCCACC.TGTCTGCA"	2
"F121_PCR14_R7_pooled-TACACCGG.AACGCGTA"	3
"F121_PCR14_R7_pooled-TACACCGG.AAGAGCTG"	4
"F121_PCR14_R7_pooled-TACACCGG.ACCTCTTG"	4
"F121_PCR14_R7_pooled-TACACCGG.ACTCTACG"	3
"F121_PCR14_R7_pooled-TACACCGG.ACTGCTAC"	4
"F121_PCR14_R7_pooled-TACACCGG.ACTGTGGA"	4
"F121_PCR14_R7_pooled-TACACCGG.CATGTCCA"	4
"F121_PCR14_R7_pooled-TACACCGG.CTGATTCT"	4
"F121_PCR14_R7_pooled-TACACCGG.GCCATTAA"	4
"F121_PCR14_R7_pooled-TACACCGG.TCACTGAG"	3
"F121_PCR14_R7_pooled-TACACCGG.TCAGATGC"	3
"F121_PCR14_R7_pooled-TACACCGG.TCGTGAAG"	4
"F121_PCR14_R7_pooled-TACACCGG.TCTACATG"	4
"F121_PCR14_R7_pooled-TACACCGG.TCTTAGTC"	4
"F121_PCR14_R7_pooled-TACACCGG.TGCAGTGA"	3
"F121_PCR14_R7_pooled-TACACCGG.TGTCTGCA"	1
"F121_PCR14_R7_pooled-TACACCGG.TTGACCAT"	4
"F121_PCR14_R7_pooled-TCGCAGGA.AACGCGTA"	3
"F121_PCR14_R7_pooled-TCGCAGGA.ACCTCTTG"	4
"F121_PCR14_R7_pooled-TCGCAGGA.ACTCTACG"	4
"F121_PCR14_R7_pooled-TCGCAGGA.ACTGCTAC"	3
"F121_PCR14_R7_pooled-TCGCAGGA.ACTTGATA"	2
"F121_PCR14_R7_pooled-TCGCAGGA.AGCATATG"	4
"F121_PCR14_R7_pooled-TCGCAGGA.ATACATGT"	4
"F121_PCR14_R7_pooled-TCGCAGGA.CAGTCCAA"	3
"F121_PCR14_R7_pooled-TCGCAGGA.CGCCAATA"	3
"F121_PCR14_R7_pooled-TCGCAGGA.CTGATTCT"	4
"F121_PCR14_R7_pooled-TCGCAGGA.CTTGGTTA"	4
"F121_PCR14_R7_pooled-TCGCAGGA.GATATAAC"	4
"F121_PCR14_R7_pooled-TCGCAGGA.GATTCTTA"	4
"F121_PCR14_R7_pooled-TCGCAGGA.GTCATAGT"	4
"F121_PCR14_R7_pooled-TCGCAGGA.GTGACTTG"	2
"F121_PCR14_R7_pooled-TCGCAGGA.TACCGGAA"	2
"F121_PCR14_R7_pooled-TCGCAGGA.TCGCATCA"	4
"F121_PCR14_R7_pooled-TCGCAGGA.TGAGGCAA"	3
"F121_PCR14_R7_pooled-TCGCAGGA.TGCAGTGA"	4
"F121_PCR14_R7_pooled-TCGCAGGA.TTAATCGA"	4
"F121_PCR14_R7_pooled-TCGCAGGA.TTCTCGAG"	2
"F121_PCR14_R7_pooled-TTGTGCCG.AATCAGAG"	4
"F121_PCR14_R7_pooled-TTGTGCCG.ACCTCTTG"	4
"F121_PCR14_R7_pooled-TTGTGCCG.ACGTGTGT"	3
"F121_PCR14_R7_pooled-TTGTGCCG.ACTGCTAC"	4
"F121_PCR14_R7_pooled-TTGTGCCG.AGGTCTCA"	4
"F121_PCR14_R7_pooled-TTGTGCCG.ATCGACGA"	2
"F121_PCR14_R7_pooled-TTGTGCCG.CAAGCTGA"	3
"F121_PCR14_R7_pooled-TTGTGCCG.CACATGGA"	1
"F121_PCR14_R7_pooled-TTGTGCCG.CTTAGAAG"	4
"F121_PCR14_R7_pooled-TTGTGCCG.GAGTACGT"	3
"F121_PCR14_R7_pooled-TTGTGCCG.TATCTTGT"	4
"F121_PCR14_R7_pooled-TTGTGCCG.TCGGTACT"	4
