"F121_PCR14_R11_pooled-AACGGTCG.ACCTCTTG"	3
"F121_PCR14_R11_pooled-AACGGTCG.ACGAAGAT"	3
"F121_PCR14_R11_pooled-AACGGTCG.ACTGCTAC"	3
"F121_PCR14_R11_pooled-AACGGTCG.ACTGTGGA"	3
"F121_PCR14_R11_pooled-AACGGTCG.ATATCAGA"	1
"F121_PCR14_R11_pooled-AACGGTCG.CATTGAGT"	4
"F121_PCR14_R11_pooled-AACGGTCG.CCATGGAT"	4
"F121_PCR14_R11_pooled-AACGGTCG.CCTTATAG"	4
"F121_PCR14_R11_pooled-AACGGTCG.CGATGACA"	4
"F121_PCR14_R11_pooled-AACGGTCG.CGCTTAAT"	3
"F121_PCR14_R11_pooled-AACGGTCG.CTACTAGG"	4
"F121_PCR14_R11_pooled-AACGGTCG.CTAGTGAA"	3
"F121_PCR14_R11_pooled-AACGGTCG.CTGATTCT"	1
"F121_PCR14_R11_pooled-AACGGTCG.GATATAAC"	4
"F121_PCR14_R11_pooled-AACGGTCG.GATGATCC"	2
"F121_PCR14_R11_pooled-AACGGTCG.GATTGCAG"	4
"F121_PCR14_R11_pooled-AACGGTCG.GCAGGATT"	4
"F121_PCR14_R11_pooled-AACGGTCG.GCCATTAA"	4
"F121_PCR14_R11_pooled-AACGGTCG.GCTAACGA"	2
"F121_PCR14_R11_pooled-AACGGTCG.GGTCAACT"	4
"F121_PCR14_R11_pooled-AACGGTCG.GTAGTTCG"	2
"F121_PCR14_R11_pooled-AACGGTCG.GTATCTAT"	3
"F121_PCR14_R11_pooled-AACGGTCG.TAGGAGAC"	3
"F121_PCR14_R11_pooled-AACGGTCG.TCAAGCCT"	4
"F121_PCR14_R11_pooled-AACGGTCG.TCACTGAG"	3
"F121_PCR14_R11_pooled-AACGGTCG.TCAGATGC"	3
"F121_PCR14_R11_pooled-AACGGTCG.TCGGTACT"	4
"F121_PCR14_R11_pooled-AACGGTCG.TGCAGTGA"	1
"F121_PCR14_R11_pooled-AACGGTCG.TGGCAGTT"	2
"F121_PCR14_R11_pooled-AACGGTCG.TTAACGTC"	3
"F121_PCR14_R11_pooled-AAGCGACC.AACGCGTA"	3
"F121_PCR14_R11_pooled-AAGCGACC.ACGTGTGT"	3
"F121_PCR14_R11_pooled-AAGCGACC.ACTCTACG"	2
"F121_PCR14_R11_pooled-AAGCGACC.AGTTATGC"	4
"F121_PCR14_R11_pooled-AAGCGACC.ATACATGT"	4
"F121_PCR14_R11_pooled-AAGCGACC.ATACGCCA"	4
"F121_PCR14_R11_pooled-AAGCGACC.ATTACGCT"	3
"F121_PCR14_R11_pooled-AAGCGACC.CACTGTAC"	3
"F121_PCR14_R11_pooled-AAGCGACC.CATTGAGT"	2
"F121_PCR14_R11_pooled-AAGCGACC.CGATGACA"	4
"F121_PCR14_R11_pooled-AAGCGACC.CGCCAATA"	4
"F121_PCR14_R11_pooled-AAGCGACC.CTACTAGG"	2
"F121_PCR14_R11_pooled-AAGCGACC.CTTAGAAG"	3
"F121_PCR14_R11_pooled-AAGCGACC.CTTGGTTA"	3
"F121_PCR14_R11_pooled-AAGCGACC.GATATAAC"	4
"F121_PCR14_R11_pooled-AAGCGACC.GCAGGATT"	1
"F121_PCR14_R11_pooled-AAGCGACC.GCCATTAA"	4
"F121_PCR14_R11_pooled-AAGCGACC.GGATTGCT"	4
"F121_PCR14_R11_pooled-AAGCGACC.GGTCAACT"	3
"F121_PCR14_R11_pooled-AAGCGACC.GTGACTTG"	2
"F121_PCR14_R11_pooled-AAGCGACC.TAGGAGAC"	3
"F121_PCR14_R11_pooled-AAGCGACC.TCGTGAAG"	3
"F121_PCR14_R11_pooled-AAGCGACC.TGGCAGTT"	4
"F121_PCR14_R11_pooled-AAGCGACC.TGTAATCG"	4
"F121_PCR14_R11_pooled-ACACGGAG.AAGAGCTG"	3
"F121_PCR14_R11_pooled-ACACGGAG.ACAGACTG"	3
"F121_PCR14_R11_pooled-ACACGGAG.ACCTCTTG"	3
"F121_PCR14_R11_pooled-ACACGGAG.ACTCTACG"	3
"F121_PCR14_R11_pooled-ACACGGAG.AGAGTGTC"	3
"F121_PCR14_R11_pooled-ACACGGAG.AGCATATG"	3
"F121_PCR14_R11_pooled-ACACGGAG.AGGTCTCA"	3
"F121_PCR14_R11_pooled-ACACGGAG.ATTACGCT"	3
"F121_PCR14_R11_pooled-ACACGGAG.CAGCATAT"	3
"F121_PCR14_R11_pooled-ACACGGAG.CGATGACA"	4
"F121_PCR14_R11_pooled-ACACGGAG.CTACTAGG"	1
"F121_PCR14_R11_pooled-ACACGGAG.GATGATCC"	4
"F121_PCR14_R11_pooled-ACACGGAG.GATTCTTA"	4
"F121_PCR14_R11_pooled-ACACGGAG.GGATTGCT"	2
"F121_PCR14_R11_pooled-ACACGGAG.GTATCTAT"	4
"F121_PCR14_R11_pooled-ACACGGAG.TAGGAGAC"	4
"F121_PCR14_R11_pooled-ACACGGAG.TCAAGCCT"	3
"F121_PCR14_R11_pooled-ACACGGAG.TCACTGAG"	1
"F121_PCR14_R11_pooled-ACACGGAG.TCGGTACT"	2
"F121_PCR14_R11_pooled-ACACGGAG.TCTACATG"	3
"F121_PCR14_R11_pooled-ACACGGAG.TGAGGCAA"	4
"F121_PCR14_R11_pooled-ACACGGAG.TGTCTGCA"	2
"F121_PCR14_R11_pooled-ACACGGAG.TTCTCGAG"	2
"F121_PCR14_R11_pooled-AGGTGCGA.AACGCGTA"	4
"F121_PCR14_R11_pooled-AGGTGCGA.AACGTCAG"	3
"F121_PCR14_R11_pooled-AGGTGCGA.ACTCTACG"	2
"F121_PCR14_R11_pooled-AGGTGCGA.ACTGCTAC"	3
"F121_PCR14_R11_pooled-AGGTGCGA.AGAGTGTC"	4
"F121_PCR14_R11_pooled-AGGTGCGA.AGGTCTCA"	2
"F121_PCR14_R11_pooled-AGGTGCGA.ATATCAGA"	4
"F121_PCR14_R11_pooled-AGGTGCGA.CACATGGA"	3
"F121_PCR14_R11_pooled-AGGTGCGA.CACTGTAC"	4
"F121_PCR14_R11_pooled-AGGTGCGA.CAGTCCAA"	4
"F121_PCR14_R11_pooled-AGGTGCGA.CATTGAGT"	1
"F121_PCR14_R11_pooled-AGGTGCGA.CGCTTAAT"	1
"F121_PCR14_R11_pooled-AGGTGCGA.CTAGTGAA"	4
"F121_PCR14_R11_pooled-AGGTGCGA.CTTAGAAG"	4
"F121_PCR14_R11_pooled-AGGTGCGA.CTTGGTTA"	3
"F121_PCR14_R11_pooled-AGGTGCGA.GAGTACGT"	4
"F121_PCR14_R11_pooled-AGGTGCGA.GATATAAC"	4
"F121_PCR14_R11_pooled-AGGTGCGA.GATGATCC"	3
"F121_PCR14_R11_pooled-AGGTGCGA.TCTACATG"	4
"F121_PCR14_R11_pooled-AGGTGCGA.TGGCAGTT"	1
"F121_PCR14_R11_pooled-AGGTGCGA.TGGTTATC"	4
"F121_PCR14_R11_pooled-AGGTGCGA.TTAACGTC"	4
"F121_PCR14_R11_pooled-AGGTGCGA.TTCTCGAG"	4
"F121_PCR14_R11_pooled-CACGACCT.AGCAACCT"	2
"F121_PCR14_R11_pooled-CACGACCT.CACATGGA"	3
"F121_PCR14_R11_pooled-CACGACCT.CAGCATAT"	3
"F121_PCR14_R11_pooled-CACGACCT.CCTTATAG"	2
"F121_PCR14_R11_pooled-CACGACCT.CGTTACTT"	4
"F121_PCR14_R11_pooled-CACGACCT.GAGTACGT"	4
"F121_PCR14_R11_pooled-CACGACCT.GGTGTCAT"	3
"F121_PCR14_R11_pooled-CACGACCT.GTATCTAT"	4
"F121_PCR14_R11_pooled-CACGACCT.GTGTAGCA"	4
"F121_PCR14_R11_pooled-CACGACCT.TACTAAGC"	4
"F121_PCR14_R11_pooled-CACGACCT.TATCGCTC"	3
"F121_PCR14_R11_pooled-CACGACCT.TCGCATCA"	4
"F121_PCR14_R11_pooled-CACGACCT.TCTACATG"	2
"F121_PCR14_R11_pooled-CACGACCT.TCTTAGTC"	3
"F121_PCR14_R11_pooled-CACGACCT.TGGTTATC"	1
"F121_PCR14_R11_pooled-CACGGATC.AACGCGTA"	2
"F121_PCR14_R11_pooled-CACGGATC.ACCTCTTG"	3
"F121_PCR14_R11_pooled-CACGGATC.ACTGTGGA"	2
"F121_PCR14_R11_pooled-CACGGATC.ACTTGATA"	2
"F121_PCR14_R11_pooled-CACGGATC.AGCAACCT"	3
"F121_PCR14_R11_pooled-CACGGATC.AGGTCTCA"	3
"F121_PCR14_R11_pooled-CACGGATC.ATCGACGA"	4
"F121_PCR14_R11_pooled-CACGGATC.CAAGCTGA"	2
"F121_PCR14_R11_pooled-CACGGATC.CACATGGA"	3
"F121_PCR14_R11_pooled-CACGGATC.CATGTCCA"	2
"F121_PCR14_R11_pooled-CACGGATC.CGAATTGC"	4
"F121_PCR14_R11_pooled-CACGGATC.CGCCAATA"	4
"F121_PCR14_R11_pooled-CACGGATC.CTAGTGAA"	1
"F121_PCR14_R11_pooled-CACGGATC.CTGATTCT"	4
"F121_PCR14_R11_pooled-CACGGATC.GATTCTTA"	3
"F121_PCR14_R11_pooled-CACGGATC.GCAGGATT"	3
"F121_PCR14_R11_pooled-CACGGATC.GTAGACAC"	1
"F121_PCR14_R11_pooled-CACGGATC.TAGGAGAC"	2
"F121_PCR14_R11_pooled-CACGGATC.TCAAGCCT"	3
"F121_PCR14_R11_pooled-CACGGATC.TCACTGAG"	3
"F121_PCR14_R11_pooled-CACGGATC.TGTAATCG"	4
"F121_PCR14_R11_pooled-CACGGATC.TTCTCGAG"	2
"F121_PCR14_R11_pooled-CGACCGTT.ACGAAGAT"	1
"F121_PCR14_R11_pooled-CGACCGTT.ACTGCTAC"	3
"F121_PCR14_R11_pooled-CGACCGTT.ATACGCCA"	4
"F121_PCR14_R11_pooled-CGACCGTT.CGCCAATA"	4
"F121_PCR14_R11_pooled-CGACCGTT.CGTTACTT"	4
"F121_PCR14_R11_pooled-CGACCGTT.GCCATTAA"	4
"F121_PCR14_R11_pooled-CGACCGTT.GTAGACAC"	4
"F121_PCR14_R11_pooled-CGACCGTT.GTATCTAT"	1
"F121_PCR14_R11_pooled-CGACCGTT.TACTAAGC"	1
"F121_PCR14_R11_pooled-CGACCGTT.TCGCATCA"	3
"F121_PCR14_R11_pooled-CGACCGTT.TGACCTTG"	3
"F121_PCR14_R11_pooled-CGGTCGCC.AACGCGTA"	2
"F121_PCR14_R11_pooled-CGGTCGCC.ACGTGTGT"	4
"F121_PCR14_R11_pooled-CGGTCGCC.ACGTTCAC"	3
"F121_PCR14_R11_pooled-CGGTCGCC.AGGTCTCA"	2
"F121_PCR14_R11_pooled-CGGTCGCC.AGTCGTAT"	4
"F121_PCR14_R11_pooled-CGGTCGCC.ATACGCCA"	3
"F121_PCR14_R11_pooled-CGGTCGCC.ATCGACGA"	1
"F121_PCR14_R11_pooled-CGGTCGCC.CACATGGA"	4
"F121_PCR14_R11_pooled-CGGTCGCC.CATGTCCA"	4
"F121_PCR14_R11_pooled-CGGTCGCC.CCATGGAT"	2
"F121_PCR14_R11_pooled-CGGTCGCC.CTGATTCT"	4
"F121_PCR14_R11_pooled-CGGTCGCC.GCAGGATT"	4
"F121_PCR14_R11_pooled-CGGTCGCC.GCTAACGA"	3
"F121_PCR14_R11_pooled-CGGTCGCC.GGTCAACT"	2
"F121_PCR14_R11_pooled-CGGTCGCC.TAATTACG"	2
"F121_PCR14_R11_pooled-CGGTCGCC.TACCGGAA"	3
"F121_PCR14_R11_pooled-CGGTCGCC.TATCGCTC"	3
"F121_PCR14_R11_pooled-CGGTCGCC.TATCTTGT"	3
"F121_PCR14_R11_pooled-CGGTCGCC.TGACCTTG"	2
"F121_PCR14_R11_pooled-CGGTCGCC.TGAGGCAA"	2
"F121_PCR14_R11_pooled-CGTCTCGT.ACAGACTG"	4
"F121_PCR14_R11_pooled-CGTCTCGT.ACTGCTAC"	2
"F121_PCR14_R11_pooled-CGTCTCGT.ACTGTGGA"	2
"F121_PCR14_R11_pooled-CGTCTCGT.AGTTATGC"	2
"F121_PCR14_R11_pooled-CGTCTCGT.ATCCGATT"	4
"F121_PCR14_R11_pooled-CGTCTCGT.ATTACGCT"	3
"F121_PCR14_R11_pooled-CGTCTCGT.CAAGCTGA"	4
"F121_PCR14_R11_pooled-CGTCTCGT.CATGTCCA"	1
"F121_PCR14_R11_pooled-CGTCTCGT.CGATGACA"	1
"F121_PCR14_R11_pooled-CGTCTCGT.CGCCAATA"	3
"F121_PCR14_R11_pooled-CGTCTCGT.CTGATTCT"	4
"F121_PCR14_R11_pooled-CGTCTCGT.GAGTACGT"	1
"F121_PCR14_R11_pooled-CGTCTCGT.GATGATCC"	3
"F121_PCR14_R11_pooled-CGTCTCGT.GTTCCGAA"	4
"F121_PCR14_R11_pooled-CGTCTCGT.TACCGGAA"	3
"F121_PCR14_R11_pooled-CGTCTCGT.TCGTGAAG"	3
"F121_PCR14_R11_pooled-CGTCTCGT.TGGCAGTT"	2
"F121_PCR14_R11_pooled-CTGAGGCA.ACTCTACG"	2
"F121_PCR14_R11_pooled-CTGAGGCA.AGTTATGC"	4
"F121_PCR14_R11_pooled-CTGAGGCA.ATACGCCA"	3
"F121_PCR14_R11_pooled-CTGAGGCA.ATCCGATT"	2
"F121_PCR14_R11_pooled-CTGAGGCA.CACTGTAC"	3
"F121_PCR14_R11_pooled-CTGAGGCA.CAGTCCAA"	1
"F121_PCR14_R11_pooled-CTGAGGCA.CATGTCCA"	2
"F121_PCR14_R11_pooled-CTGAGGCA.CATTGAGT"	4
"F121_PCR14_R11_pooled-CTGAGGCA.CCTTATAG"	3
"F121_PCR14_R11_pooled-CTGAGGCA.CGCTTAAT"	3
"F121_PCR14_R11_pooled-CTGAGGCA.CGTACGTA"	4
"F121_PCR14_R11_pooled-CTGAGGCA.CTAGTGAA"	4
"F121_PCR14_R11_pooled-CTGAGGCA.GATTGCAG"	2
"F121_PCR14_R11_pooled-CTGAGGCA.GTAGACAC"	3
"F121_PCR14_R11_pooled-CTGAGGCA.GTATCTAT"	3
"F121_PCR14_R11_pooled-CTGAGGCA.GTGACTTG"	4
"F121_PCR14_R11_pooled-CTGAGGCA.GTGTAGCA"	4
"F121_PCR14_R11_pooled-CTGAGGCA.TCAAGCCT"	2
"F121_PCR14_R11_pooled-CTGAGGCA.TCTTAGTC"	4
"F121_PCR14_R11_pooled-CTGAGGCA.TGACCTTG"	3
"F121_PCR14_R11_pooled-CTGAGGCA.TGCAGTGA"	3
"F121_PCR14_R11_pooled-CTGAGGCA.TGGCAGTT"	3
"F121_PCR14_R11_pooled-CTGCGTAG.ACAGACTG"	3
"F121_PCR14_R11_pooled-CTGCGTAG.ACGTTCAC"	3
"F121_PCR14_R11_pooled-CTGCGTAG.ACTCTACG"	4
"F121_PCR14_R11_pooled-CTGCGTAG.ACTGTGGA"	2
"F121_PCR14_R11_pooled-CTGCGTAG.AGCAACCT"	1
"F121_PCR14_R11_pooled-CTGCGTAG.AGGTCTCA"	4
"F121_PCR14_R11_pooled-CTGCGTAG.CACTAGCT"	2
"F121_PCR14_R11_pooled-CTGCGTAG.CCATGGAT"	2
"F121_PCR14_R11_pooled-CTGCGTAG.CCTTATAG"	3
"F121_PCR14_R11_pooled-CTGCGTAG.CGTTACTT"	4
"F121_PCR14_R11_pooled-CTGCGTAG.CTGTCATT"	1
"F121_PCR14_R11_pooled-CTGCGTAG.CTTAGAAG"	1
"F121_PCR14_R11_pooled-CTGCGTAG.GCAGGATT"	1
"F121_PCR14_R11_pooled-CTGCGTAG.GGTGTCAT"	2
"F121_PCR14_R11_pooled-CTGCGTAG.GTAGACAC"	4
"F121_PCR14_R11_pooled-CTGCGTAG.GTATCTAT"	3
"F121_PCR14_R11_pooled-CTGCGTAG.GTCATAGT"	3
"F121_PCR14_R11_pooled-CTGCGTAG.GTCCATTC"	3
"F121_PCR14_R11_pooled-CTGCGTAG.GTGACTTG"	2
"F121_PCR14_R11_pooled-CTGCGTAG.GTTCCGAA"	2
"F121_PCR14_R11_pooled-CTGCGTAG.TCTTAGTC"	4
"F121_PCR14_R11_pooled-CTGCGTAG.TGGTTATC"	3
"F121_PCR14_R11_pooled-CTGCGTAG.TTCGCTCA"	4
"F121_PCR14_R11_pooled-CTTGCGTC.AACGTCAG"	1
"F121_PCR14_R11_pooled-CTTGCGTC.ACGAAGAT"	4
"F121_PCR14_R11_pooled-CTTGCGTC.ACGTGTGT"	4
"F121_PCR14_R11_pooled-CTTGCGTC.ACTTGATA"	4
"F121_PCR14_R11_pooled-CTTGCGTC.AGAGTGTC"	1
"F121_PCR14_R11_pooled-CTTGCGTC.AGCAACCT"	3
"F121_PCR14_R11_pooled-CTTGCGTC.AGGTCTCA"	3
"F121_PCR14_R11_pooled-CTTGCGTC.ATACGCCA"	4
"F121_PCR14_R11_pooled-CTTGCGTC.CACATGGA"	1
"F121_PCR14_R11_pooled-CTTGCGTC.CAGCATAT"	4
"F121_PCR14_R11_pooled-CTTGCGTC.CAGTCCAA"	3
"F121_PCR14_R11_pooled-CTTGCGTC.CATGTCCA"	1
"F121_PCR14_R11_pooled-CTTGCGTC.CGCCAATA"	4
"F121_PCR14_R11_pooled-CTTGCGTC.GAGTACGT"	2
"F121_PCR14_R11_pooled-CTTGCGTC.GTAGTTCG"	4
"F121_PCR14_R11_pooled-CTTGCGTC.GTGACTTG"	1
"F121_PCR14_R11_pooled-CTTGCGTC.TAATTACG"	2
"F121_PCR14_R11_pooled-CTTGCGTC.TCAAGCCT"	2
"F121_PCR14_R11_pooled-GATGCAGG.AGGTCTCA"	2
"F121_PCR14_R11_pooled-GATGCAGG.ATACATGT"	4
"F121_PCR14_R11_pooled-GATGCAGG.ATACGCCA"	4
"F121_PCR14_R11_pooled-GATGCAGG.ATCGACGA"	3
"F121_PCR14_R11_pooled-GATGCAGG.ATGCTTAA"	3
"F121_PCR14_R11_pooled-GATGCAGG.CGATGACA"	3
"F121_PCR14_R11_pooled-GATGCAGG.CGTTACTT"	3
"F121_PCR14_R11_pooled-GATGCAGG.GAGTACGT"	3
"F121_PCR14_R11_pooled-GATGCAGG.GATTCTTA"	1
"F121_PCR14_R11_pooled-GATGCAGG.GATTGCAG"	2
"F121_PCR14_R11_pooled-GATGCAGG.GGTGTCAT"	4
"F121_PCR14_R11_pooled-GATGCAGG.GTATCTAT"	4
"F121_PCR14_R11_pooled-GATGCAGG.GTCATAGT"	3
"F121_PCR14_R11_pooled-GATGCAGG.GTTCCGAA"	3
"F121_PCR14_R11_pooled-GATGCAGG.TACTAAGC"	4
"F121_PCR14_R11_pooled-GATGCAGG.TCAAGCCT"	3
"F121_PCR14_R11_pooled-GATGCAGG.TCAGATGC"	3
"F121_PCR14_R11_pooled-GATGCAGG.TCGCATCA"	4
"F121_PCR14_R11_pooled-GATGCAGG.TCTACATG"	4
"F121_PCR14_R11_pooled-GATGCAGG.TCTTAGTC"	1
"F121_PCR14_R11_pooled-GATGCAGG.TGTCTGCA"	2
"F121_PCR14_R11_pooled-GCACTTCC.AACGCGTA"	4
"F121_PCR14_R11_pooled-GCACTTCC.AAGCCATC"	4
"F121_PCR14_R11_pooled-GCACTTCC.AATCAGAG"	1
"F121_PCR14_R11_pooled-GCACTTCC.ACGAAGAT"	3
"F121_PCR14_R11_pooled-GCACTTCC.ACGTGTGT"	1
"F121_PCR14_R11_pooled-GCACTTCC.ACTTGATA"	3
"F121_PCR14_R11_pooled-GCACTTCC.AGTCGTAT"	4
"F121_PCR14_R11_pooled-GCACTTCC.AGTTATGC"	3
"F121_PCR14_R11_pooled-GCACTTCC.CACATGGA"	2
"F121_PCR14_R11_pooled-GCACTTCC.CACTAGCT"	2
"F121_PCR14_R11_pooled-GCACTTCC.CAGCATAT"	2
"F121_PCR14_R11_pooled-GCACTTCC.CGATGACA"	2
"F121_PCR14_R11_pooled-GCACTTCC.CGCTTAAT"	2
"F121_PCR14_R11_pooled-GCACTTCC.CTACTAGG"	4
"F121_PCR14_R11_pooled-GCACTTCC.CTTGGTTA"	3
"F121_PCR14_R11_pooled-GCACTTCC.GAGTACGT"	2
"F121_PCR14_R11_pooled-GCACTTCC.TATCTTGT"	4
"F121_PCR14_R11_pooled-GCACTTCC.TCAGATGC"	4
"F121_PCR14_R11_pooled-GCACTTCC.TGGTTATC"	3
"F121_PCR14_R11_pooled-GCACTTCC.TGTAATCG"	4
"F121_PCR14_R11_pooled-GCACTTCC.TTAATCGA"	3
"F121_PCR14_R11_pooled-GCACTTCC.TTCTCGAG"	4
"F121_PCR14_R11_pooled-GCGTTCTC.AGCATATG"	3
"F121_PCR14_R11_pooled-GCGTTCTC.AGTCGTAT"	4
"F121_PCR14_R11_pooled-GCGTTCTC.AGTTATGC"	3
"F121_PCR14_R11_pooled-GCGTTCTC.ATACGCCA"	4
"F121_PCR14_R11_pooled-GCGTTCTC.ATCCGATT"	1
"F121_PCR14_R11_pooled-GCGTTCTC.ATTACGCT"	2
"F121_PCR14_R11_pooled-GCGTTCTC.CATGTCCA"	4
"F121_PCR14_R11_pooled-GCGTTCTC.CCTTATAG"	4
"F121_PCR14_R11_pooled-GCGTTCTC.CGAATTGC"	4
"F121_PCR14_R11_pooled-GCGTTCTC.CGTACGTA"	4
"F121_PCR14_R11_pooled-GCGTTCTC.CGTTACTT"	4
"F121_PCR14_R11_pooled-GCGTTCTC.GATGATCC"	4
"F121_PCR14_R11_pooled-GCGTTCTC.GATTCTTA"	3
"F121_PCR14_R11_pooled-GCGTTCTC.GATTGCAG"	4
"F121_PCR14_R11_pooled-GCGTTCTC.GTAGACAC"	4
"F121_PCR14_R11_pooled-GCGTTCTC.GTCATAGT"	3
"F121_PCR14_R11_pooled-GCGTTCTC.GTGACTTG"	3
"F121_PCR14_R11_pooled-GCGTTCTC.GTGTAGCA"	2
"F121_PCR14_R11_pooled-GCGTTCTC.TACTAAGC"	4
"F121_PCR14_R11_pooled-GCGTTCTC.TCGTGAAG"	4
"F121_PCR14_R11_pooled-GCGTTCTC.TCTACATG"	3
"F121_PCR14_R11_pooled-GCGTTCTC.TCTTAGTC"	4
"F121_PCR14_R11_pooled-GCGTTCTC.TGACCTTG"	3
"F121_PCR14_R11_pooled-GCGTTCTC.TGGCAGTT"	3
"F121_PCR14_R11_pooled-GCGTTCTC.TGTAATCG"	4
"F121_PCR14_R11_pooled-GGATACCG.AAGCCATC"	2
"F121_PCR14_R11_pooled-GGATACCG.ACAGACTG"	3
"F121_PCR14_R11_pooled-GGATACCG.AGCAACCT"	3
"F121_PCR14_R11_pooled-GGATACCG.CAAGCTGA"	4
"F121_PCR14_R11_pooled-GGATACCG.CACATGGA"	3
"F121_PCR14_R11_pooled-GGATACCG.CACTAGCT"	1
"F121_PCR14_R11_pooled-GGATACCG.CGAATTGC"	3
"F121_PCR14_R11_pooled-GGATACCG.CGTACGTA"	4
"F121_PCR14_R11_pooled-GGATACCG.CTAGTGAA"	4
"F121_PCR14_R11_pooled-GGATACCG.CTGATTCT"	4
"F121_PCR14_R11_pooled-GGATACCG.CTTAGAAG"	4
"F121_PCR14_R11_pooled-GGATACCG.CTTGGTTA"	4
"F121_PCR14_R11_pooled-GGATACCG.GAACTATA"	4
"F121_PCR14_R11_pooled-GGATACCG.GATTGCAG"	3
"F121_PCR14_R11_pooled-GGATACCG.GCTAACGA"	4
"F121_PCR14_R11_pooled-GGATACCG.GGTGTCAT"	3
"F121_PCR14_R11_pooled-GGATACCG.GTAGACAC"	3
"F121_PCR14_R11_pooled-GGATACCG.GTCCATTC"	3
"F121_PCR14_R11_pooled-GGATACCG.GTGACTTG"	2
"F121_PCR14_R11_pooled-GGATACCG.TTAATCGA"	1
"F121_PCR14_R11_pooled-GGCTCCGC.AATCAGAG"	1
"F121_PCR14_R11_pooled-GGCTCCGC.ACGTGTGT"	3
"F121_PCR14_R11_pooled-GGCTCCGC.ACTCTACG"	4
"F121_PCR14_R11_pooled-GGCTCCGC.ACTGCTAC"	1
"F121_PCR14_R11_pooled-GGCTCCGC.AGTTATGC"	2
"F121_PCR14_R11_pooled-GGCTCCGC.CATGTCCA"	1
"F121_PCR14_R11_pooled-GGCTCCGC.GAGTACGT"	1
"F121_PCR14_R11_pooled-GGCTCCGC.GATGATCC"	4
"F121_PCR14_R11_pooled-GGCTCCGC.GGTCAACT"	3
"F121_PCR14_R11_pooled-GGCTCCGC.GTAGTTCG"	2
"F121_PCR14_R11_pooled-GGCTCCGC.GTCATAGT"	4
"F121_PCR14_R11_pooled-GGCTCCGC.TACCGGAA"	4
"F121_PCR14_R11_pooled-GGCTCCGC.TCACTGAG"	3
"F121_PCR14_R11_pooled-GGCTCCGC.TCAGATGC"	4
"F121_PCR14_R11_pooled-GGCTCCGC.TGACCTTG"	1
"F121_PCR14_R11_pooled-GGCTCCGC.TGAGGCAA"	1
"F121_PCR14_R11_pooled-GGCTCCGC.TGTCTGCA"	3
"F121_PCR14_R11_pooled-GGCTCCGC.TTAACGTC"	3
"F121_PCR14_R11_pooled-GGCTCCGC.TTAATCGA"	4
"F121_PCR14_R11_pooled-GGCTCCGC.TTCTCGAG"	4
"F121_PCR14_R11_pooled-GGCTCCGC.TTGACCAT"	3
"F121_PCR14_R11_pooled-GTCACGTG.AAGAGCTG"	3
"F121_PCR14_R11_pooled-GTCACGTG.ACAGACTG"	3
"F121_PCR14_R11_pooled-GTCACGTG.AGTCGTAT"	2
"F121_PCR14_R11_pooled-GTCACGTG.ATCCGATT"	3
"F121_PCR14_R11_pooled-GTCACGTG.CACTGTAC"	2
"F121_PCR14_R11_pooled-GTCACGTG.CGATGACA"	2
"F121_PCR14_R11_pooled-GTCACGTG.CGCCAATA"	4
"F121_PCR14_R11_pooled-GTCACGTG.CTACTAGG"	2
"F121_PCR14_R11_pooled-GTCACGTG.GAGTACGT"	2
"F121_PCR14_R11_pooled-GTCACGTG.GTATCTAT"	4
"F121_PCR14_R11_pooled-GTCACGTG.TAATTACG"	4
"F121_PCR14_R11_pooled-GTCACGTG.TACCGGAA"	3
"F121_PCR14_R11_pooled-GTCACGTG.TACTAAGC"	4
"F121_PCR14_R11_pooled-GTCACGTG.TATCGCTC"	3
"F121_PCR14_R11_pooled-GTCACGTG.TGCAGTGA"	4
"F121_PCR14_R11_pooled-GTCACGTG.TTAATCGA"	3
"F121_PCR14_R11_pooled-GTCACGTG.TTCGCTCA"	2
"F121_PCR14_R11_pooled-GTCACGTG.TTCTCGAG"	4
"F121_PCR14_R11_pooled-TCCGGACA.AATCAGAG"	1
"F121_PCR14_R11_pooled-TCCGGACA.ACAGACTG"	3
"F121_PCR14_R11_pooled-TCCGGACA.ACGTGTGT"	3
"F121_PCR14_R11_pooled-TCCGGACA.ACTCTACG"	3
"F121_PCR14_R11_pooled-TCCGGACA.ACTGTGGA"	4
"F121_PCR14_R11_pooled-TCCGGACA.AGAGTGTC"	4
"F121_PCR14_R11_pooled-TCCGGACA.AGCAACCT"	3
"F121_PCR14_R11_pooled-TCCGGACA.AGGTCTCA"	3
"F121_PCR14_R11_pooled-TCCGGACA.ATATCAGA"	1
"F121_PCR14_R11_pooled-TCCGGACA.CGCCAATA"	4
"F121_PCR14_R11_pooled-TCCGGACA.CGTTACTT"	4
"F121_PCR14_R11_pooled-TCCGGACA.CTTAGAAG"	1
"F121_PCR14_R11_pooled-TCCGGACA.GAGTACGT"	3
"F121_PCR14_R11_pooled-TCCGGACA.GCTAACGA"	1
"F121_PCR14_R11_pooled-TCCGGACA.GGTCAACT"	4
"F121_PCR14_R11_pooled-TCCGGACA.GTCATAGT"	4
"F121_PCR14_R11_pooled-TCCGGACA.TAGGAGAC"	4
"F121_PCR14_R11_pooled-TCCGGACA.TATCGCTC"	3
"F121_PCR14_R11_pooled-TCCGGACA.TATCTTGT"	1
"F121_PCR14_R11_pooled-TCCGGACA.TCACTGAG"	4
"F121_PCR14_R11_pooled-TCCGGACA.TCGCATCA"	4
"F121_PCR14_R11_pooled-TCCGGACA.TCTACATG"	4
"F121_PCR14_R11_pooled-TCCGGACA.TGAGGCAA"	3
"F121_PCR14_R11_pooled-TCCGGACA.TGGCAGTT"	4
"F121_PCR14_R11_pooled-TCCGGACA.TGTCTGCA"	4
"F121_PCR14_R11_pooled-TCGACTGC.AAGCCATC"	4
"F121_PCR14_R11_pooled-TCGACTGC.AATCAGAG"	3
"F121_PCR14_R11_pooled-TCGACTGC.ACCTCTTG"	3
"F121_PCR14_R11_pooled-TCGACTGC.ACGTGTGT"	3
"F121_PCR14_R11_pooled-TCGACTGC.ACGTTCAC"	4
"F121_PCR14_R11_pooled-TCGACTGC.AGCATATG"	4
"F121_PCR14_R11_pooled-TCGACTGC.AGTTATGC"	3
"F121_PCR14_R11_pooled-TCGACTGC.ATATCAGA"	4
"F121_PCR14_R11_pooled-TCGACTGC.CAAGCTGA"	4
"F121_PCR14_R11_pooled-TCGACTGC.CACATGGA"	3
"F121_PCR14_R11_pooled-TCGACTGC.CACTGTAC"	3
"F121_PCR14_R11_pooled-TCGACTGC.CAGCATAT"	4
"F121_PCR14_R11_pooled-TCGACTGC.CGATGACA"	4
"F121_PCR14_R11_pooled-TCGACTGC.CGCCAATA"	4
"F121_PCR14_R11_pooled-TCGACTGC.CGCTTAAT"	3
"F121_PCR14_R11_pooled-TCGACTGC.CTTAGAAG"	3
"F121_PCR14_R11_pooled-TCGACTGC.GATTCTTA"	3
"F121_PCR14_R11_pooled-TCGACTGC.GGTCAACT"	3
"F121_PCR14_R11_pooled-TCGACTGC.TAATTACG"	4
"F121_PCR14_R11_pooled-TCGACTGC.TCAGATGC"	4
"F121_PCR14_R11_pooled-TCGACTGC.TCCGTCTA"	4
"F121_PCR14_R11_pooled-TCGACTGC.TCGCATCA"	3
"F121_PCR14_R11_pooled-TCGACTGC.TGGTTATC"	4
"F121_PCR14_R11_pooled-TCGACTGC.TTAACGTC"	4
"F121_PCR14_R11_pooled-TCGACTGC.TTCGCTCA"	4
"F121_PCR14_R11_pooled-TCGACTGC.TTCTCGAG"	3
"F121_PCR14_R11_pooled-TGAGCCAC.AATCAGAG"	4
"F121_PCR14_R11_pooled-TGAGCCAC.ACTGCTAC"	4
"F121_PCR14_R11_pooled-TGAGCCAC.AGCAACCT"	4
"F121_PCR14_R11_pooled-TGAGCCAC.AGTTATGC"	4
"F121_PCR14_R11_pooled-TGAGCCAC.ATGCTTAA"	3
"F121_PCR14_R11_pooled-TGAGCCAC.CAAGCTGA"	2
"F121_PCR14_R11_pooled-TGAGCCAC.CAGCATAT"	4
"F121_PCR14_R11_pooled-TGAGCCAC.CATGTCCA"	3
"F121_PCR14_R11_pooled-TGAGCCAC.CGCCAATA"	2
"F121_PCR14_R11_pooled-TGAGCCAC.CGTTACTT"	4
"F121_PCR14_R11_pooled-TGAGCCAC.CTAGTGAA"	3
"F121_PCR14_R11_pooled-TGAGCCAC.CTTAGAAG"	1
"F121_PCR14_R11_pooled-TGAGCCAC.GATTCTTA"	1
"F121_PCR14_R11_pooled-TGAGCCAC.GCAGGATT"	3
"F121_PCR14_R11_pooled-TGAGCCAC.GCCATTAA"	2
"F121_PCR14_R11_pooled-TGAGCCAC.GGTGTCAT"	3
"F121_PCR14_R11_pooled-TGAGCCAC.GTTCCGAA"	2
"F121_PCR14_R11_pooled-TGAGCCAC.TACTAAGC"	4
"F121_PCR14_R11_pooled-TGAGCCAC.TCCGTCTA"	3
"F121_PCR14_R11_pooled-TGAGCCAC.TCGTGAAG"	2
"F121_PCR14_R11_pooled-TGAGCCAC.TCTTAGTC"	4
"F121_PCR14_R11_pooled-TGAGCCAC.TTCTCGAG"	4
"F121_PCR14_R7_pooled-AACGGTCG.AACGCGTA"	4
"F121_PCR14_R7_pooled-AACGGTCG.AATCAGAG"	4
"F121_PCR14_R7_pooled-AACGGTCG.ACGTTCAC"	4
"F121_PCR14_R7_pooled-AACGGTCG.ACTGTGGA"	2
"F121_PCR14_R7_pooled-AACGGTCG.AGGTCTCA"	4
"F121_PCR14_R7_pooled-AACGGTCG.ATACGCCA"	3
"F121_PCR14_R7_pooled-AACGGTCG.ATGCTTAA"	2
"F121_PCR14_R7_pooled-AACGGTCG.CCATGGAT"	4
"F121_PCR14_R7_pooled-AACGGTCG.CGAATTGC"	2
"F121_PCR14_R7_pooled-AACGGTCG.GAACTATA"	3
"F121_PCR14_R7_pooled-AACGGTCG.GATATAAC"	4
"F121_PCR14_R7_pooled-AACGGTCG.GTAGTTCG"	4
"F121_PCR14_R7_pooled-AACGGTCG.GTCATAGT"	2
"F121_PCR14_R7_pooled-AACGGTCG.GTTCCGAA"	4
"F121_PCR14_R7_pooled-AACGGTCG.TAGGAGAC"	1
"F121_PCR14_R7_pooled-AACGGTCG.TCACTGAG"	3
"F121_PCR14_R7_pooled-AACGGTCG.TCTACATG"	4
"F121_PCR14_R7_pooled-AACGGTCG.TGACCTTG"	4
"F121_PCR14_R7_pooled-AACGGTCG.TGCAGTGA"	4
"F121_PCR14_R7_pooled-AAGCGACC.AACGCGTA"	3
"F121_PCR14_R7_pooled-AAGCGACC.ACTGCTAC"	3
"F121_PCR14_R7_pooled-AAGCGACC.ATACATGT"	3
"F121_PCR14_R7_pooled-AAGCGACC.ATCCGATT"	4
"F121_PCR14_R7_pooled-AAGCGACC.ATTACGCT"	3
"F121_PCR14_R7_pooled-AAGCGACC.CTTGGTTA"	4
"F121_PCR14_R7_pooled-AAGCGACC.GATATAAC"	3
"F121_PCR14_R7_pooled-AAGCGACC.GATTGCAG"	4
"F121_PCR14_R7_pooled-AAGCGACC.GCCATTAA"	3
"F121_PCR14_R7_pooled-AAGCGACC.GTCATAGT"	4
"F121_PCR14_R7_pooled-AAGCGACC.TAATTACG"	4
"F121_PCR14_R7_pooled-AAGCGACC.TAGGAGAC"	4
"F121_PCR14_R7_pooled-AAGCGACC.TCAAGCCT"	3
"F121_PCR14_R7_pooled-AAGCGACC.TCGCATCA"	4
"F121_PCR14_R7_pooled-AAGCGACC.TCTACATG"	4
"F121_PCR14_R7_pooled-AAGCGACC.TGGCAGTT"	4
"F121_PCR14_R7_pooled-AAGCGACC.TTAATCGA"	3
"F121_PCR14_R7_pooled-AAGCGACC.TTCGCTCA"	3
"F121_PCR14_R7_pooled-AAGCGACC.TTGACCAT"	3
"F121_PCR14_R7_pooled-ACACGGAG.AACGCGTA"	4
"F121_PCR14_R7_pooled-ACACGGAG.ACCTCTTG"	3
"F121_PCR14_R7_pooled-ACACGGAG.ACTGTGGA"	3
"F121_PCR14_R7_pooled-ACACGGAG.AGAGTGTC"	2
"F121_PCR14_R7_pooled-ACACGGAG.AGGTCTCA"	4
"F121_PCR14_R7_pooled-ACACGGAG.ATACATGT"	4
"F121_PCR14_R7_pooled-ACACGGAG.ATATCAGA"	4
"F121_PCR14_R7_pooled-ACACGGAG.CACATGGA"	3
"F121_PCR14_R7_pooled-ACACGGAG.CACTAGCT"	3
"F121_PCR14_R7_pooled-ACACGGAG.CCATGGAT"	4
"F121_PCR14_R7_pooled-ACACGGAG.CCTTATAG"	4
"F121_PCR14_R7_pooled-ACACGGAG.CGAATTGC"	3
"F121_PCR14_R7_pooled-ACACGGAG.CGCTTAAT"	4
"F121_PCR14_R7_pooled-ACACGGAG.CGTACGTA"	3
"F121_PCR14_R7_pooled-ACACGGAG.CTACTAGG"	2
"F121_PCR14_R7_pooled-ACACGGAG.GAGTACGT"	3
"F121_PCR14_R7_pooled-ACACGGAG.GATATAAC"	3
"F121_PCR14_R7_pooled-ACACGGAG.GGTCAACT"	4
"F121_PCR14_R7_pooled-ACACGGAG.GGTGTCAT"	3
"F121_PCR14_R7_pooled-ACACGGAG.GTGTAGCA"	4
"F121_PCR14_R7_pooled-ACACGGAG.TAATTACG"	3
"F121_PCR14_R7_pooled-ACACGGAG.TACTAAGC"	2
"F121_PCR14_R7_pooled-ACACGGAG.TCGGTACT"	3
"F121_PCR14_R7_pooled-ACACGGAG.TGTAATCG"	2
"F121_PCR14_R7_pooled-ACACGGAG.TTAACGTC"	4
"F121_PCR14_R7_pooled-AGGTGCGA.ACCTCTTG"	1
"F121_PCR14_R7_pooled-AGGTGCGA.ACGTGTGT"	2
"F121_PCR14_R7_pooled-AGGTGCGA.AGCATATG"	3
"F121_PCR14_R7_pooled-AGGTGCGA.AGTTATGC"	4
"F121_PCR14_R7_pooled-AGGTGCGA.ATTACGCT"	4
"F121_PCR14_R7_pooled-AGGTGCGA.CACATGGA"	3
"F121_PCR14_R7_pooled-AGGTGCGA.CAGCATAT"	4
"F121_PCR14_R7_pooled-AGGTGCGA.CATTGAGT"	4
"F121_PCR14_R7_pooled-AGGTGCGA.CTGATTCT"	4
"F121_PCR14_R7_pooled-AGGTGCGA.CTTGGTTA"	3
"F121_PCR14_R7_pooled-AGGTGCGA.GATGATCC"	3
"F121_PCR14_R7_pooled-AGGTGCGA.GATTGCAG"	2
"F121_PCR14_R7_pooled-AGGTGCGA.GTCATAGT"	4
"F121_PCR14_R7_pooled-AGGTGCGA.GTCCATTC"	2
"F121_PCR14_R7_pooled-AGGTGCGA.GTTCCGAA"	1
"F121_PCR14_R7_pooled-AGGTGCGA.TAATTACG"	3
"F121_PCR14_R7_pooled-AGGTGCGA.TCGGTACT"	2
"F121_PCR14_R7_pooled-AGGTGCGA.TGAGGCAA"	4
"F121_PCR14_R7_pooled-AGGTGCGA.TGGCAGTT"	3
"F121_PCR14_R7_pooled-AGGTGCGA.TGTAATCG"	4
"F121_PCR14_R7_pooled-AGGTGCGA.TTAACGTC"	4
"F121_PCR14_R7_pooled-AGGTGCGA.TTAATCGA"	4
"F121_PCR14_R7_pooled-AGGTGCGA.TTCGCTCA"	4
"F121_PCR14_R7_pooled-AGGTGCGA.TTGACCAT"	3
"F121_PCR14_R7_pooled-CACGACCT.AACGCGTA"	2
"F121_PCR14_R7_pooled-CACGACCT.AGCATATG"	3
"F121_PCR14_R7_pooled-CACGACCT.AGTCGTAT"	4
"F121_PCR14_R7_pooled-CACGACCT.ATACGCCA"	3
"F121_PCR14_R7_pooled-CACGACCT.CAGTCCAA"	4
"F121_PCR14_R7_pooled-CACGACCT.CATTGAGT"	2
"F121_PCR14_R7_pooled-CACGACCT.CTAGTGAA"	4
"F121_PCR14_R7_pooled-CACGACCT.GATTCTTA"	4
"F121_PCR14_R7_pooled-CACGACCT.GCAGGATT"	1
"F121_PCR14_R7_pooled-CACGACCT.TACTAAGC"	4
"F121_PCR14_R7_pooled-CACGACCT.TCAAGCCT"	3
"F121_PCR14_R7_pooled-CACGACCT.TCGTGAAG"	3
"F121_PCR14_R7_pooled-CACGACCT.TGCAGTGA"	4
"F121_PCR14_R7_pooled-CACGACCT.TGTCTGCA"	4
"F121_PCR14_R7_pooled-CACGGATC.ACTCTACG"	3
"F121_PCR14_R7_pooled-CACGGATC.ACTGCTAC"	4
"F121_PCR14_R7_pooled-CACGGATC.ACTTGATA"	3
"F121_PCR14_R7_pooled-CACGGATC.AGGTCTCA"	4
"F121_PCR14_R7_pooled-CACGGATC.ATACATGT"	3
"F121_PCR14_R7_pooled-CACGGATC.ATGCTTAA"	4
"F121_PCR14_R7_pooled-CACGGATC.CAGCATAT"	4
"F121_PCR14_R7_pooled-CACGGATC.CATTGAGT"	4
"F121_PCR14_R7_pooled-CACGGATC.CGCTTAAT"	3
"F121_PCR14_R7_pooled-CACGGATC.CGTTACTT"	3
"F121_PCR14_R7_pooled-CACGGATC.CTGATTCT"	1
"F121_PCR14_R7_pooled-CACGGATC.CTGTCATT"	4
"F121_PCR14_R7_pooled-CACGGATC.GCCATTAA"	3
"F121_PCR14_R7_pooled-CACGGATC.GTGTAGCA"	3
"F121_PCR14_R7_pooled-CACGGATC.TAATTACG"	4
"F121_PCR14_R7_pooled-CACGGATC.TACCGGAA"	3
"F121_PCR14_R7_pooled-CACGGATC.TAGGAGAC"	2
"F121_PCR14_R7_pooled-CACGGATC.TATCTTGT"	3
"F121_PCR14_R7_pooled-CACGGATC.TCAAGCCT"	4
"F121_PCR14_R7_pooled-CACGGATC.TCCGTCTA"	4
"F121_PCR14_R7_pooled-CACGGATC.TCGGTACT"	4
"F121_PCR14_R7_pooled-CACGGATC.TCGTGAAG"	1
"F121_PCR14_R7_pooled-CACGGATC.TGAGGCAA"	3
"F121_PCR14_R7_pooled-CACGGATC.TGTAATCG"	3
"F121_PCR14_R7_pooled-CACGGATC.TTCTCGAG"	4
"F121_PCR14_R7_pooled-CGACCGTT.AAGCCATC"	3
"F121_PCR14_R7_pooled-CGACCGTT.ACGAAGAT"	3
"F121_PCR14_R7_pooled-CGACCGTT.ACTGCTAC"	3
"F121_PCR14_R7_pooled-CGACCGTT.ACTTGATA"	1
"F121_PCR14_R7_pooled-CGACCGTT.AGGTCTCA"	4
"F121_PCR14_R7_pooled-CGACCGTT.ATACGCCA"	2
"F121_PCR14_R7_pooled-CGACCGTT.CACTGTAC"	2
"F121_PCR14_R7_pooled-CGACCGTT.CCTTATAG"	2
"F121_PCR14_R7_pooled-CGACCGTT.CGCTTAAT"	2
"F121_PCR14_R7_pooled-CGACCGTT.CGTACGTA"	4
"F121_PCR14_R7_pooled-CGACCGTT.CGTTACTT"	1
"F121_PCR14_R7_pooled-CGACCGTT.CTAGTGAA"	3
"F121_PCR14_R7_pooled-CGACCGTT.GATTGCAG"	3
"F121_PCR14_R7_pooled-CGACCGTT.GGTGTCAT"	2
"F121_PCR14_R7_pooled-CGACCGTT.GTATCTAT"	4
"F121_PCR14_R7_pooled-CGACCGTT.GTGTAGCA"	4
"F121_PCR14_R7_pooled-CGACCGTT.TATCTTGT"	4
"F121_PCR14_R7_pooled-CGACCGTT.TCGGTACT"	4
"F121_PCR14_R7_pooled-CGACCGTT.TGACCTTG"	4
"F121_PCR14_R7_pooled-CGACCGTT.TGGTTATC"	4
"F121_PCR14_R7_pooled-CGGTCGCC.ACAGACTG"	4
"F121_PCR14_R7_pooled-CGGTCGCC.ACGTGTGT"	4
"F121_PCR14_R7_pooled-CGGTCGCC.ACTGCTAC"	3
"F121_PCR14_R7_pooled-CGGTCGCC.AGTTATGC"	4
"F121_PCR14_R7_pooled-CGGTCGCC.ATGCTTAA"	1
"F121_PCR14_R7_pooled-CGGTCGCC.CACATGGA"	4
"F121_PCR14_R7_pooled-CGGTCGCC.CAGCATAT"	4
"F121_PCR14_R7_pooled-CGGTCGCC.CGCTTAAT"	1
"F121_PCR14_R7_pooled-CGGTCGCC.CTGATTCT"	2
"F121_PCR14_R7_pooled-CGGTCGCC.GATGATCC"	1
"F121_PCR14_R7_pooled-CGGTCGCC.GATTGCAG"	2
"F121_PCR14_R7_pooled-CGGTCGCC.GCTAACGA"	4
"F121_PCR14_R7_pooled-CGGTCGCC.GTAGACAC"	2
"F121_PCR14_R7_pooled-CGGTCGCC.GTGACTTG"	2
"F121_PCR14_R7_pooled-CGGTCGCC.GTTCCGAA"	3
"F121_PCR14_R7_pooled-CGGTCGCC.TAGGAGAC"	2
"F121_PCR14_R7_pooled-CGGTCGCC.TATCGCTC"	3
"F121_PCR14_R7_pooled-CGGTCGCC.TCACTGAG"	2
"F121_PCR14_R7_pooled-CGGTCGCC.TGCAGTGA"	4
"F121_PCR14_R7_pooled-CGTCTCGT.AGCAACCT"	2
"F121_PCR14_R7_pooled-CGTCTCGT.AGGTCTCA"	4
"F121_PCR14_R7_pooled-CGTCTCGT.AGTCGTAT"	2
"F121_PCR14_R7_pooled-CGTCTCGT.AGTTATGC"	3
"F121_PCR14_R7_pooled-CGTCTCGT.ATACGCCA"	2
"F121_PCR14_R7_pooled-CGTCTCGT.ATCCGATT"	4
"F121_PCR14_R7_pooled-CGTCTCGT.ATTACGCT"	4
"F121_PCR14_R7_pooled-CGTCTCGT.CACATGGA"	3
"F121_PCR14_R7_pooled-CGTCTCGT.CATTGAGT"	4
"F121_PCR14_R7_pooled-CGTCTCGT.CCTTATAG"	2
"F121_PCR14_R7_pooled-CGTCTCGT.CGCTTAAT"	4
"F121_PCR14_R7_pooled-CGTCTCGT.CGTTACTT"	4
"F121_PCR14_R7_pooled-CGTCTCGT.CTACTAGG"	4
"F121_PCR14_R7_pooled-CGTCTCGT.CTTAGAAG"	3
"F121_PCR14_R7_pooled-CGTCTCGT.GAACTATA"	3
"F121_PCR14_R7_pooled-CGTCTCGT.GATGATCC"	3
"F121_PCR14_R7_pooled-CGTCTCGT.GCCATTAA"	4
"F121_PCR14_R7_pooled-CGTCTCGT.GTCCATTC"	4
"F121_PCR14_R7_pooled-CGTCTCGT.TCAGATGC"	1
"F121_PCR14_R7_pooled-CGTCTCGT.TCGCATCA"	2
"F121_PCR14_R7_pooled-CGTCTCGT.TCGGTACT"	4
"F121_PCR14_R7_pooled-CGTCTCGT.TGAGGCAA"	4
"F121_PCR14_R7_pooled-CGTCTCGT.TGCAGTGA"	1
"F121_PCR14_R7_pooled-CGTCTCGT.TGTAATCG"	2
"F121_PCR14_R7_pooled-CTGAGGCA.AACGCGTA"	4
"F121_PCR14_R7_pooled-CTGAGGCA.AATCAGAG"	3
"F121_PCR14_R7_pooled-CTGAGGCA.ACCTCTTG"	2
"F121_PCR14_R7_pooled-CTGAGGCA.ACGTTCAC"	4
"F121_PCR14_R7_pooled-CTGAGGCA.ACTCTACG"	3
"F121_PCR14_R7_pooled-CTGAGGCA.ACTGCTAC"	4
"F121_PCR14_R7_pooled-CTGAGGCA.ACTGTGGA"	3
"F121_PCR14_R7_pooled-CTGAGGCA.ACTTGATA"	3
"F121_PCR14_R7_pooled-CTGAGGCA.AGCAACCT"	4
"F121_PCR14_R7_pooled-CTGAGGCA.CACTGTAC"	3
"F121_PCR14_R7_pooled-CTGAGGCA.CATGTCCA"	4
"F121_PCR14_R7_pooled-CTGAGGCA.CATTGAGT"	4
"F121_PCR14_R7_pooled-CTGAGGCA.CCATGGAT"	4
"F121_PCR14_R7_pooled-CTGAGGCA.CGCCAATA"	4
"F121_PCR14_R7_pooled-CTGAGGCA.CGCTTAAT"	3
"F121_PCR14_R7_pooled-CTGAGGCA.CGTACGTA"	2
"F121_PCR14_R7_pooled-CTGAGGCA.CTACTAGG"	3
"F121_PCR14_R7_pooled-CTGAGGCA.CTGATTCT"	1
"F121_PCR14_R7_pooled-CTGAGGCA.GTAGACAC"	3
"F121_PCR14_R7_pooled-CTGAGGCA.GTCATAGT"	4
"F121_PCR14_R7_pooled-CTGAGGCA.GTGACTTG"	1
"F121_PCR14_R7_pooled-CTGAGGCA.GTGTAGCA"	3
"F121_PCR14_R7_pooled-CTGAGGCA.TACTAAGC"	4
"F121_PCR14_R7_pooled-CTGAGGCA.TATCGCTC"	3
"F121_PCR14_R7_pooled-CTGAGGCA.TATCTTGT"	1
"F121_PCR14_R7_pooled-CTGAGGCA.TCACTGAG"	2
"F121_PCR14_R7_pooled-CTGAGGCA.TGAGGCAA"	4
"F121_PCR14_R7_pooled-CTGAGGCA.TGGCAGTT"	4
"F121_PCR14_R7_pooled-CTGAGGCA.TGTAATCG"	2
"F121_PCR14_R7_pooled-CTGCGTAG.AAGAGCTG"	3
"F121_PCR14_R7_pooled-CTGCGTAG.ACGTGTGT"	1
"F121_PCR14_R7_pooled-CTGCGTAG.ACTGCTAC"	3
"F121_PCR14_R7_pooled-CTGCGTAG.AGTTATGC"	4
"F121_PCR14_R7_pooled-CTGCGTAG.ATACGCCA"	4
"F121_PCR14_R7_pooled-CTGCGTAG.ATATCAGA"	4
"F121_PCR14_R7_pooled-CTGCGTAG.ATCGACGA"	4
"F121_PCR14_R7_pooled-CTGCGTAG.CAAGCTGA"	4
"F121_PCR14_R7_pooled-CTGCGTAG.CAGCATAT"	4
"F121_PCR14_R7_pooled-CTGCGTAG.CGATGACA"	4
"F121_PCR14_R7_pooled-CTGCGTAG.CGTTACTT"	4
"F121_PCR14_R7_pooled-CTGCGTAG.CTTAGAAG"	4
"F121_PCR14_R7_pooled-CTGCGTAG.CTTGGTTA"	3
"F121_PCR14_R7_pooled-CTGCGTAG.GAGTACGT"	2
"F121_PCR14_R7_pooled-CTGCGTAG.GCTAACGA"	1
"F121_PCR14_R7_pooled-CTGCGTAG.GTCCATTC"	3
"F121_PCR14_R7_pooled-CTGCGTAG.GTGACTTG"	3
"F121_PCR14_R7_pooled-CTGCGTAG.GTGTAGCA"	3
"F121_PCR14_R7_pooled-CTGCGTAG.TACTAAGC"	1
"F121_PCR14_R7_pooled-CTGCGTAG.TAGGAGAC"	2
"F121_PCR14_R7_pooled-CTGCGTAG.TCTACATG"	4
"F121_PCR14_R7_pooled-CTGCGTAG.TTCGCTCA"	3
"F121_PCR14_R7_pooled-CTTGCGTC.ACGAAGAT"	4
"F121_PCR14_R7_pooled-CTTGCGTC.ACTGCTAC"	4
"F121_PCR14_R7_pooled-CTTGCGTC.ACTGTGGA"	3
"F121_PCR14_R7_pooled-CTTGCGTC.AGAGTGTC"	3
"F121_PCR14_R7_pooled-CTTGCGTC.AGCATATG"	3
"F121_PCR14_R7_pooled-CTTGCGTC.ATGCTTAA"	3
"F121_PCR14_R7_pooled-CTTGCGTC.CAAGCTGA"	2
"F121_PCR14_R7_pooled-CTTGCGTC.CACTAGCT"	2
"F121_PCR14_R7_pooled-CTTGCGTC.CCTTATAG"	2
"F121_PCR14_R7_pooled-CTTGCGTC.CGCTTAAT"	4
"F121_PCR14_R7_pooled-CTTGCGTC.CTACTAGG"	2
"F121_PCR14_R7_pooled-CTTGCGTC.CTAGTGAA"	3
"F121_PCR14_R7_pooled-CTTGCGTC.CTTAGAAG"	3
"F121_PCR14_R7_pooled-CTTGCGTC.GAACTATA"	4
"F121_PCR14_R7_pooled-CTTGCGTC.GATATAAC"	4
"F121_PCR14_R7_pooled-CTTGCGTC.GATTGCAG"	2
"F121_PCR14_R7_pooled-CTTGCGTC.GCTAACGA"	4
"F121_PCR14_R7_pooled-CTTGCGTC.GTATCTAT"	4
"F121_PCR14_R7_pooled-CTTGCGTC.TACTAAGC"	1
"F121_PCR14_R7_pooled-CTTGCGTC.TCAAGCCT"	4
"F121_PCR14_R7_pooled-CTTGCGTC.TCACTGAG"	2
"F121_PCR14_R7_pooled-CTTGCGTC.TCGCATCA"	4
"F121_PCR14_R7_pooled-CTTGCGTC.TGTCTGCA"	3
"F121_PCR14_R7_pooled-CTTGCGTC.TTCTCGAG"	4
"F121_PCR14_R7_pooled-GATGCAGG.AAGAGCTG"	1
"F121_PCR14_R7_pooled-GATGCAGG.AAGCCATC"	2
"F121_PCR14_R7_pooled-GATGCAGG.ACTCTACG"	4
"F121_PCR14_R7_pooled-GATGCAGG.AGTTATGC"	4
"F121_PCR14_R7_pooled-GATGCAGG.ATACATGT"	2
"F121_PCR14_R7_pooled-GATGCAGG.CAAGCTGA"	4
"F121_PCR14_R7_pooled-GATGCAGG.CCATGGAT"	4
"F121_PCR14_R7_pooled-GATGCAGG.CGAATTGC"	4
"F121_PCR14_R7_pooled-GATGCAGG.CGATGACA"	4
"F121_PCR14_R7_pooled-GATGCAGG.CTACTAGG"	4
"F121_PCR14_R7_pooled-GATGCAGG.CTTGGTTA"	4
"F121_PCR14_R7_pooled-GATGCAGG.GATGATCC"	3
"F121_PCR14_R7_pooled-GATGCAGG.GCTAACGA"	3
"F121_PCR14_R7_pooled-GATGCAGG.GTTCCGAA"	4
"F121_PCR14_R7_pooled-GATGCAGG.TCACTGAG"	4
"F121_PCR14_R7_pooled-GATGCAGG.TGACCTTG"	1
"F121_PCR14_R7_pooled-GATGCAGG.TGAGGCAA"	4
"F121_PCR14_R7_pooled-GATGCAGG.TGTAATCG"	2
"F121_PCR14_R7_pooled-GATGCAGG.TTCTCGAG"	2
"F121_PCR14_R7_pooled-GCACTTCC.AAGAGCTG"	4
"F121_PCR14_R7_pooled-GCACTTCC.ACCTCTTG"	2
"F121_PCR14_R7_pooled-GCACTTCC.ACTGCTAC"	4
"F121_PCR14_R7_pooled-GCACTTCC.AGAGTGTC"	4
"F121_PCR14_R7_pooled-GCACTTCC.AGCATATG"	4
"F121_PCR14_R7_pooled-GCACTTCC.CACTGTAC"	4
"F121_PCR14_R7_pooled-GCACTTCC.CATGTCCA"	3
"F121_PCR14_R7_pooled-GCACTTCC.CGAATTGC"	3
"F121_PCR14_R7_pooled-GCACTTCC.CTTAGAAG"	3
"F121_PCR14_R7_pooled-GCACTTCC.GAACTATA"	2
"F121_PCR14_R7_pooled-GCACTTCC.GATGATCC"	4
"F121_PCR14_R7_pooled-GCACTTCC.GATTCTTA"	4
"F121_PCR14_R7_pooled-GCACTTCC.GTCATAGT"	4
"F121_PCR14_R7_pooled-GCACTTCC.GTCCATTC"	3
"F121_PCR14_R7_pooled-GCACTTCC.TACTAAGC"	2
"F121_PCR14_R7_pooled-GCACTTCC.TATCTTGT"	2
"F121_PCR14_R7_pooled-GCACTTCC.TCGCATCA"	4
"F121_PCR14_R7_pooled-GCACTTCC.TCGTGAAG"	2
"F121_PCR14_R7_pooled-GCACTTCC.TCTTAGTC"	3
"F121_PCR14_R7_pooled-GCGTTCTC.ACAGACTG"	3
"F121_PCR14_R7_pooled-GCGTTCTC.ACCTCTTG"	3
"F121_PCR14_R7_pooled-GCGTTCTC.ACGTGTGT"	4
"F121_PCR14_R7_pooled-GCGTTCTC.ACTGCTAC"	3
"F121_PCR14_R7_pooled-GCGTTCTC.ACTGTGGA"	4
"F121_PCR14_R7_pooled-GCGTTCTC.ATCGACGA"	3
"F121_PCR14_R7_pooled-GCGTTCTC.ATTACGCT"	3
"F121_PCR14_R7_pooled-GCGTTCTC.CACTAGCT"	4
"F121_PCR14_R7_pooled-GCGTTCTC.CCATGGAT"	4
"F121_PCR14_R7_pooled-GCGTTCTC.CGATGACA"	2
"F121_PCR14_R7_pooled-GCGTTCTC.CTACTAGG"	3
"F121_PCR14_R7_pooled-GCGTTCTC.CTTAGAAG"	4
"F121_PCR14_R7_pooled-GCGTTCTC.GATGATCC"	4
"F121_PCR14_R7_pooled-GCGTTCTC.GCCATTAA"	2
"F121_PCR14_R7_pooled-GCGTTCTC.GCTAACGA"	2
"F121_PCR14_R7_pooled-GCGTTCTC.GGATTGCT"	1
"F121_PCR14_R7_pooled-GCGTTCTC.GGTCAACT"	2
"F121_PCR14_R7_pooled-GCGTTCTC.GTAGACAC"	4
"F121_PCR14_R7_pooled-GCGTTCTC.GTAGTTCG"	3
"F121_PCR14_R7_pooled-GCGTTCTC.GTGTAGCA"	4
"F121_PCR14_R7_pooled-GCGTTCTC.TACCGGAA"	3
"F121_PCR14_R7_pooled-GCGTTCTC.TCTACATG"	2
"F121_PCR14_R7_pooled-GCGTTCTC.TCTTAGTC"	3
"F121_PCR14_R7_pooled-GCGTTCTC.TTAATCGA"	3
"F121_PCR14_R7_pooled-GGATACCG.AACGTCAG"	3
"F121_PCR14_R7_pooled-GGATACCG.AATCAGAG"	4
"F121_PCR14_R7_pooled-GGATACCG.ACCTCTTG"	4
"F121_PCR14_R7_pooled-GGATACCG.ACTGTGGA"	4
"F121_PCR14_R7_pooled-GGATACCG.AGTCGTAT"	4
"F121_PCR14_R7_pooled-GGATACCG.ATGCTTAA"	3
"F121_PCR14_R7_pooled-GGATACCG.CAAGCTGA"	1
"F121_PCR14_R7_pooled-GGATACCG.CAGTCCAA"	4
"F121_PCR14_R7_pooled-GGATACCG.CATTGAGT"	4
"F121_PCR14_R7_pooled-GGATACCG.CCTTATAG"	4
"F121_PCR14_R7_pooled-GGATACCG.CGATGACA"	2
"F121_PCR14_R7_pooled-GGATACCG.CGCTTAAT"	4
"F121_PCR14_R7_pooled-GGATACCG.CTGATTCT"	3
"F121_PCR14_R7_pooled-GGATACCG.CTTAGAAG"	3
"F121_PCR14_R7_pooled-GGATACCG.GAACTATA"	4
"F121_PCR14_R7_pooled-GGATACCG.GTAGACAC"	4
"F121_PCR14_R7_pooled-GGATACCG.TAATTACG"	1
"F121_PCR14_R7_pooled-GGATACCG.TACCGGAA"	4
"F121_PCR14_R7_pooled-GGATACCG.TCGCATCA"	4
"F121_PCR14_R7_pooled-GGATACCG.TCTTAGTC"	3
"F121_PCR14_R7_pooled-GGATACCG.TGGCAGTT"	3
"F121_PCR14_R7_pooled-GGCTCCGC.AAGAGCTG"	3
"F121_PCR14_R7_pooled-GGCTCCGC.ACGTGTGT"	1
"F121_PCR14_R7_pooled-GGCTCCGC.ACGTTCAC"	4
"F121_PCR14_R7_pooled-GGCTCCGC.CATGTCCA"	2
"F121_PCR14_R7_pooled-GGCTCCGC.CATTGAGT"	3
"F121_PCR14_R7_pooled-GGCTCCGC.CGAATTGC"	4
"F121_PCR14_R7_pooled-GGCTCCGC.CGCCAATA"	2
"F121_PCR14_R7_pooled-GGCTCCGC.CGTACGTA"	4
"F121_PCR14_R7_pooled-GGCTCCGC.CTTGGTTA"	4
"F121_PCR14_R7_pooled-GGCTCCGC.GAACTATA"	3
"F121_PCR14_R7_pooled-GGCTCCGC.GGTCAACT"	4
"F121_PCR14_R7_pooled-GGCTCCGC.GTCCATTC"	3
"F121_PCR14_R7_pooled-GGCTCCGC.TCACTGAG"	3
"F121_PCR14_R7_pooled-GGCTCCGC.TCAGATGC"	3
"F121_PCR14_R7_pooled-GGCTCCGC.TCGGTACT"	4
"F121_PCR14_R7_pooled-GGCTCCGC.TGTCTGCA"	2
"F121_PCR14_R7_pooled-GGCTCCGC.TTCGCTCA"	3
"F121_PCR14_R7_pooled-GTCACGTG.AAGCCATC"	3
"F121_PCR14_R7_pooled-GTCACGTG.ACCTCTTG"	2
"F121_PCR14_R7_pooled-GTCACGTG.ACGAAGAT"	3
"F121_PCR14_R7_pooled-GTCACGTG.ACGTGTGT"	3
"F121_PCR14_R7_pooled-GTCACGTG.ACTCTACG"	3
"F121_PCR14_R7_pooled-GTCACGTG.ACTGCTAC"	4
"F121_PCR14_R7_pooled-GTCACGTG.AGCATATG"	3
"F121_PCR14_R7_pooled-GTCACGTG.AGTCGTAT"	1
"F121_PCR14_R7_pooled-GTCACGTG.CATGTCCA"	4
"F121_PCR14_R7_pooled-GTCACGTG.CCTTATAG"	3
"F121_PCR14_R7_pooled-GTCACGTG.CGAATTGC"	3
"F121_PCR14_R7_pooled-GTCACGTG.CGATGACA"	3
"F121_PCR14_R7_pooled-GTCACGTG.CGTTACTT"	3
"F121_PCR14_R7_pooled-GTCACGTG.CTACTAGG"	4
"F121_PCR14_R7_pooled-GTCACGTG.CTGTCATT"	4
"F121_PCR14_R7_pooled-GTCACGTG.GCCATTAA"	3
"F121_PCR14_R7_pooled-GTCACGTG.GGTCAACT"	3
"F121_PCR14_R7_pooled-GTCACGTG.GTAGACAC"	3
"F121_PCR14_R7_pooled-GTCACGTG.GTAGTTCG"	2
"F121_PCR14_R7_pooled-GTCACGTG.GTCCATTC"	3
"F121_PCR14_R7_pooled-GTCACGTG.GTGACTTG"	2
"F121_PCR14_R7_pooled-GTCACGTG.TCACTGAG"	3
"F121_PCR14_R7_pooled-GTCACGTG.TCGGTACT"	4
"F121_PCR14_R7_pooled-TCCGGACA.AATCAGAG"	3
"F121_PCR14_R7_pooled-TCCGGACA.ACGTGTGT"	3
"F121_PCR14_R7_pooled-TCCGGACA.ACGTTCAC"	1
"F121_PCR14_R7_pooled-TCCGGACA.ACTGCTAC"	3
"F121_PCR14_R7_pooled-TCCGGACA.ACTTGATA"	3
"F121_PCR14_R7_pooled-TCCGGACA.AGTCGTAT"	3
"F121_PCR14_R7_pooled-TCCGGACA.CACATGGA"	3
"F121_PCR14_R7_pooled-TCCGGACA.CGCCAATA"	3
"F121_PCR14_R7_pooled-TCCGGACA.CTACTAGG"	4
"F121_PCR14_R7_pooled-TCCGGACA.CTAGTGAA"	1
"F121_PCR14_R7_pooled-TCCGGACA.CTGTCATT"	4
"F121_PCR14_R7_pooled-TCCGGACA.CTTAGAAG"	4
"F121_PCR14_R7_pooled-TCCGGACA.GATATAAC"	3
"F121_PCR14_R7_pooled-TCCGGACA.GATGATCC"	4
"F121_PCR14_R7_pooled-TCCGGACA.GGTCAACT"	3
"F121_PCR14_R7_pooled-TCCGGACA.GGTGTCAT"	3
"F121_PCR14_R7_pooled-TCCGGACA.TACCGGAA"	4
"F121_PCR14_R7_pooled-TCCGGACA.TAGGAGAC"	2
"F121_PCR14_R7_pooled-TCCGGACA.TCGGTACT"	1
"F121_PCR14_R7_pooled-TCCGGACA.TGTAATCG"	1
"F121_PCR14_R7_pooled-TCGACTGC.AAGAGCTG"	1
"F121_PCR14_R7_pooled-TCGACTGC.AAGCCATC"	4
"F121_PCR14_R7_pooled-TCGACTGC.ACGTTCAC"	2
"F121_PCR14_R7_pooled-TCGACTGC.ACTCTACG"	3
"F121_PCR14_R7_pooled-TCGACTGC.AGTCGTAT"	3
"F121_PCR14_R7_pooled-TCGACTGC.ATTACGCT"	1
"F121_PCR14_R7_pooled-TCGACTGC.CGAATTGC"	4
"F121_PCR14_R7_pooled-TCGACTGC.CGTTACTT"	3
"F121_PCR14_R7_pooled-TCGACTGC.CTAGTGAA"	3
"F121_PCR14_R7_pooled-TCGACTGC.CTGATTCT"	3
"F121_PCR14_R7_pooled-TCGACTGC.GAGTACGT"	3
"F121_PCR14_R7_pooled-TCGACTGC.GTAGACAC"	3
"F121_PCR14_R7_pooled-TCGACTGC.GTCATAGT"	4
"F121_PCR14_R7_pooled-TCGACTGC.TCCGTCTA"	1
"F121_PCR14_R7_pooled-TCGACTGC.TCTACATG"	4
"F121_PCR14_R7_pooled-TCGACTGC.TGCAGTGA"	3
"F121_PCR14_R7_pooled-TGAGCCAC.AACGCGTA"	3
"F121_PCR14_R7_pooled-TGAGCCAC.ACGAAGAT"	3
"F121_PCR14_R7_pooled-TGAGCCAC.ACTCTACG"	3
"F121_PCR14_R7_pooled-TGAGCCAC.AGAGTGTC"	3
"F121_PCR14_R7_pooled-TGAGCCAC.ATTACGCT"	3
"F121_PCR14_R7_pooled-TGAGCCAC.CACTGTAC"	4
"F121_PCR14_R7_pooled-TGAGCCAC.CGAATTGC"	2
"F121_PCR14_R7_pooled-TGAGCCAC.CGATGACA"	3
"F121_PCR14_R7_pooled-TGAGCCAC.CTGTCATT"	3
"F121_PCR14_R7_pooled-TGAGCCAC.GAACTATA"	1
"F121_PCR14_R7_pooled-TGAGCCAC.GATATAAC"	3
"F121_PCR14_R7_pooled-TGAGCCAC.GGATTGCT"	4
"F121_PCR14_R7_pooled-TGAGCCAC.GTCATAGT"	4
"F121_PCR14_R7_pooled-TGAGCCAC.GTGACTTG"	3
"F121_PCR14_R7_pooled-TGAGCCAC.TAATTACG"	3
"F121_PCR14_R7_pooled-TGAGCCAC.TCAGATGC"	3
"F121_PCR14_R7_pooled-TGAGCCAC.TCTACATG"	4
"F121_PCR14_R7_pooled-TGAGCCAC.TGACCTTG"	3
"F121_PCR14_R7_pooled-TGAGCCAC.TGCAGTGA"	4
"F121_PCR14_R7_pooled-TGAGCCAC.TGTAATCG"	3
"F121_PCR14_R7_pooled-TGAGCCAC.TGTCTGCA"	3
"F121_PCR14_R7_pooled-TGAGCCAC.TTAACGTC"	3
"F121_PCR14_R7_pooled-TGAGCCAC.TTCGCTCA"	1
