accession,position,hgvs,clinsig,lssim
VCV002680212,43124047,NM_007294.4(BRCA1):c.49_50delinsTG (p.Ala17Cys),Uncertain significance,0.8767
VCV000869097,43124047,NM_007294.4(BRCA1):c.50C>G (p.Ala17Gly),Uncertain significance,0.8767
VCV000869095,43124048,NM_007294.4(BRCA1):c.49G>C (p.Ala17Pro),Uncertain significance,0.8767
VCV000489728,43124048,NM_007294.4(BRCA1):c.49G>T (p.Ala17Ser),Uncertain significance,0.8767
VCV000055217,43124053,NM_007294.4(BRCA1):c.44T>C (p.Ile15Thr),Uncertain significance,0.8768
VCV000869084,43124068,NM_007294.4(BRCA1):c.29A>G (p.Glu10Gly),Uncertain significance,0.8769
VCV003393452,43124017,NM_001408458.1(BRCA1):c.-61-9703_-61-8238del,Uncertain significance,0.8782
VCV000827453,43124017,NM_007294.4(BRCA1):c.80G>A (p.Cys27Tyr),Likely pathogenic,0.8782
VCV000481469,43124017,NM_007294.4(BRCA1):c.80G>T (p.Cys27Phe),Likely pathogenic,0.8782
VCV000418064,43124017,NM_007294.4(BRCA1):c.80G>C (p.Cys27Ser),Conflicting classifications of pathogenicity,0.8782
VCV000219523,43124017,NM_007294.3(BRCA1):c.(?_-1)_80+?dup,Uncertain significance,0.8782
VCV000055676,43124017,NM_007294.4(BRCA1):c.69_79delGTGTCCCATCT (p.Cys24fs),Pathogenic,0.8782
VCV000649351,43124027,NM_007294.4(BRCA1):c.70T>G (p.Cys24Gly),Pathogenic/Likely pathogenic,0.8783
VCV000638952,43124027,NM_007294.4(BRCA1):c.70T>A (p.Cys24Ser),Pathogenic/Likely pathogenic,0.8783
VCV000055674,43124027,NM_007294.4(BRCA1):c.70T>C (p.Cys24Arg),Pathogenic/Likely pathogenic,0.8783
VCV000055667,43124027,NM_007294.4(BRCA1):c.68_69dup (p.Cys24fs),Pathogenic,0.8783
VCV000055656,43124032,NM_007294.4(BRCA1):c.65T>C (p.Leu22Ser),Pathogenic,0.8785
VCV000055649,43124036,NM_007294.4(BRCA1):c.61del (p.Ile21fs),Pathogenic,0.8787
VCV000055648,43124036,NM_007294.4(BRCA1):c.61A>G (p.Ile21Val),Conflicting classifications of pathogenicity,0.8787
VCV000868782,43124025,NM_007294.4(BRCA1):c.72T>A (p.Cys24Ter),Pathogenic/Likely pathogenic,0.8788
VCV000867739,43124030,NM_007294.4(BRCA1):c.67G>A (p.Glu23Lys),Uncertain significance,0.8789
VCV000441390,43124030,NM_007294.4(BRCA1):c.67G>C (p.Glu23Gln),Conflicting classifications of pathogenicity,0.8789
VCV000037691,43124030,NM_007294.4(BRCA1):c.66dup (p.Glu23fs),Pathogenic,0.8789
VCV000868756,43124028,NM_007294.4(BRCA1):c.69G>T (p.Glu23Asp),Uncertain significance,0.8793
VCV000381467,43124028,NM_007294.4(BRCA1):c.69G>A (p.Glu23=),Likely benign,0.8793
VCV000232427,43124028,NM_007294.4(BRCA1):c.69G>C (p.Glu23Asp),Uncertain significance,0.8793
VCV000017662,43124028,NM_007294.4(BRCA1):c.68_69del (p.Glu23fs),Pathogenic,0.8793
VCV000867703,43124062,NM_007294.4(BRCA1):c.35A>C (p.Gln12Pro),Conflicting classifications of pathogenicity,0.8798
VCV000441517,43124062,NM_007294.4(BRCA1):c.35A>G (p.Gln12Arg),Conflicting classifications of pathogenicity,0.8798
VCV000531388,43124078,NM_007294.4(BRCA1):c.19C>A (p.Arg7Ser),Uncertain significance,0.8801
VCV000055678,43124026,NM_007294.4(BRCA1):c.71G>A (p.Cys24Tyr),Pathogenic/Likely pathogenic,0.8801
VCV000037440,43124078,NM_007294.4(BRCA1):c.19C>T (p.Arg7Cys),Conflicting classifications of pathogenicity,0.8801
VCV000826690,43124029,NM_007294.4(BRCA1):c.68A>C (p.Glu23Ala),Uncertain significance,0.8808
VCV000630444,43124072,NM_007294.4(BRCA1):c.25G>C (p.Glu9Gln),Uncertain significance,0.8809
VCV000865054,43124034,NM_007294.4(BRCA1):c.63C>G (p.Ile21Met),Conflicting classifications of pathogenicity,0.881
VCV000481468,43124031,NM_007294.4(BRCA1):c.66A>G (p.Leu22=),Likely benign,0.8812
VCV000185882,43124031,NM_007294.4(BRCA1):c.66A>C (p.Leu22Phe),Uncertain significance,0.8812
VCV000232955,43124023,NM_007294.4(BRCA1):c.74C>T (p.Pro25Leu),Likely pathogenic,0.8818
VCV000055675,43124023,NM_007294.4(BRCA1):c.70_73dup (p.Pro25fs),Pathogenic,0.8818
VCV000869080,43124069,NM_007294.4(BRCA1):c.28G>A (p.Glu10Lys),Uncertain significance,0.8821
VCV000182100,43124052,NM_007294.4(BRCA1):c.45del (p.Asn16fs),Pathogenic,0.8821
VCV000125492,43124069,NM_007294.4(BRCA1):c.20_28del (p.Arg7_Glu10delinsGln),Uncertain significance,0.8821
VCV000496400,43124022,NM_007294.4(BRCA1):c.67_75del (p.Glu23_Pro25del),Pathogenic,0.8822
VCV000055691,43124022,NM_007294.4(BRCA1):c.75C>T (p.Pro25=),Likely benign,0.8822
VCV000848933,43124057,NM_007294.4(BRCA1):c.40G>T (p.Val14Phe),Uncertain significance,0.8826
VCV000055010,43124057,NM_007294.4(BRCA1):c.37_40del (p.Asn13fs),Pathogenic,0.8826
VCV000055684,43124024,NM_007294.4(BRCA1):c.73C>A (p.Pro25Thr),Uncertain significance,0.8834
VCV001740328,43124050,NM_007294.4(BRCA1):c.44_46dup (p.Ile15_Asn16insIle),Uncertain significance,0.8843
VCV000125491,43124050,NM_007294.4(BRCA1):c.19_47del (p.Arg7fs),Pathogenic,0.8843
VCV000531241,43124044,NM_007294.4(BRCA1):c.53T>G (p.Met18Arg),Likely pathogenic,0.8847
VCV000055559,43124044,NM_007294.4(BRCA1):c.53T>A (p.Met18Lys),Pathogenic/Likely pathogenic,0.8847
VCV000037664,43124044,NM_007294.4(BRCA1):c.53T>C (p.Met18Thr),Pathogenic,0.8847
VCV000865052,43124035,NM_007294.4(BRCA1):c.62T>C (p.Ile21Thr),Conflicting classifications of pathogenicity,0.8854
VCV000431195,43124035,NM_007294.4(BRCA1):c.62T>G (p.Ile21Ser),Uncertain significance,0.8854
VCV000865032,43124056,NM_007294.4(BRCA1):c.41T>C (p.Val14Ala),Uncertain significance,0.8855
VCV000136537,43124076,NM_007294.4(BRCA1):c.21C>T (p.Arg7=),Benign,0.8856
VCV001941432,43125268,NM_007294.4(BRCA1):c.-20+2dup,Uncertain significance,0.9419
VCV000970693,43125267,NM_007294.4(BRCA1):c.-20+4G>C,Likely benign,0.9419
VCV000861449,43125268,NM_007294.4(BRCA1):c.-20+3A>T,Uncertain significance,0.9419
VCV000801062,43125270,NM_007294.4(BRCA1):c.-20+1G>C,Uncertain significance,0.9419
VCV000647957,43125271,NC_000017.10:g.(?_41277288)_(41277500_?)dup,Uncertain significance,0.9419
VCV000577927,43125269,NM_007294.4(BRCA1):c.-20+2T>C,Uncertain significance,0.9419
VCV000422596,43125268,NM_007294.4(BRCA1):c.-20+3A>G,Uncertain significance,0.9419
VCV000265509,43125271,NM_007294.4(BRCA1):c.-20G>A,Uncertain significance,0.9419
VCV003703061,43125428,NC_000017.11:g.43125428G>C,Uncertain significance,0.942
VCV002181309,43125428,NC_000017.11:g.43125428G>A,Uncertain significance,0.942
VCV001048938,43125423,NC_000017.11:g.43125424_43125428del,Uncertain significance,0.942
VCV000434524,43125417,NM_007294.3(BRCA1):c.-166A>T,Uncertain significance,0.942
VCV000209579,43125443,NM_007294.4(BRCA1):c.-192T>C,Benign,0.942
VCV000371826,43125169,NM_007294.4(BRCA1):c.-20+101_-20+102delinsGC,Uncertain significance,0.9423
VCV000371814,43125168,NM_007294.4(BRCA1):c.-20+103G>C,Uncertain significance,0.9423
VCV000371812,43125168,NM_007294.4(BRCA1):c.-20+103G>A,Uncertain significance,0.9423
VCV000371811,43125163,NM_007294.4(BRCA1):c.-20+102dup,Uncertain significance,0.9423
VCV000189123,43125170,NM_007294.4(BRCA1):c.-20+101C>G,Benign,0.9423
VCV002115501,43125265,NM_007294.4(BRCA1):c.-20+6A>G,Uncertain significance,0.9424
VCV000392782,43125266,NM_007294.4(BRCA1):c.-20+5T>C,Likely benign,0.9424
VCV000371815,43125212,NM_007294.4(BRCA1):c.-20+59G>T,Uncertain significance,0.9424
VCV000125464,43125260,NM_007294.4(BRCA1):c.-20+11C>T,Benign/Likely benign,0.9429
VCV000382001,43125258,NM_007294.4(BRCA1):c.-20+13C>T,Conflicting classifications of pathogenicity,0.9434
VCV002865336,43125261,NM_007294.4(BRCA1):c.-20+10T>C,Uncertain significance,0.9436
VCV000209578,43125086,NM_007294.4(BRCA1):c.-20+185T>G,Benign,0.944
